reg_number,project,promoter,status,lat,lng,location_method,confidence,location_note,area,pin,towers,homes,land_sqm,far,est_floors,completion,registered_year
PRM/KA/RERA/1251/308/PR/040926/008911,Signature Regal,Signature Dwellings Private Limited,new,12.766577,77.735305,portal_latlng,high,,Madivala,562106,5,590,30412,2.744,20,Jul 2031,2026
PRM/KA/RERA/1251/310/PR/030926/008907,Aaradhya Gardens,Sai Samrudhi Constructions,ongoing,12.8993,77.4762,portal_latlng,high,,Kambipura,560060,1,105,7060,1.73,18,Dec 2028,2026
PRM/KA/RERA/1250/304/PR/020926/008901,Whitestone Twinkles,Whitestone Projects,new,13.055071,77.768529,portal_latlng,high,,Kannamangala,560049,1,74,6070,1.5,13,Dec 2029,2026
PRM/KA/RERA/1251/310/PR/020926/008905,Aarohana Alterra,Aarohana Projects,new,12.816571,77.512713,portal_latlng,high,,Kaggalipura,560082,4,518,45953,1.82,22,Aug 2033,2026
PRM/KA/RERA/1251/310/PR/020926/008903,Samruddhi,Spw Estates Llp,ongoing,12.937059,77.623001,portal_latlng,high,,Koramangala,560095,1,10,975,2.0,2,Apr 2029,2026
PRM/KA/RERA/1251/472/PR/010926/008898,Hoysala Vemana,Hoysala Lifespace Llp,new,13.172559,77.553704,portal_latlng,high,,Ithagalapura,560119,1,82,3966,1.998,14,Jun 2031,2026
PRM/KA/RERA/1251/446/PR/280826/008895,Sri Sai Samrudhi,Sri Sai Ventures,ongoing,12.876557,77.787806,portal_latlng,high,,Sarjapura,562125,1,48,2731,1.99,8,Dec 2030,2026
TOR/PRM/KA/RERA/1251/309/PR/260825/001973,Hanging Gardens,Rg Unique Structures Private Limited,ongoing,13.03935,77.616624,portal_boundary,high,,Hennur,nan,,,10926,,,Mar 2021,2026
PRM/KA/RERA/1251/308/PR/250826/008887,Abhee City Urban Glenn Phase I,Abhee Ventures Private Limited,new,12.896687,77.75197,portal_latlng,high,,Thigala Chowdadenahalli,560087,3,566,24504,2.99,32,Dec 2033,2026
PRM/KA/RERA/1251/446/PR/250826/008892,Disha Pursuit Of Radiance,Dishahabitat Homes Llp,new,12.936796,77.737807,portal_latlng,high,,Varthuru,560087,4,336,19481,2.23,14,Dec 2030,2026
PRM/KA/RERA/1251/472/PR/200826/008882,Aditi North Star,Adi Developers,new,13.103503,77.624004,portal_latlng,high,,Agrahara,560064,1,108,5438,2.5,18,Dec 2030,2026
PRM/KA/RERA/1251/308/PR/200826/008881,T G Aura,Tg Prime Realty Private Limited,new,12.861784,77.803115,portal_latlng,high,,Sarjapura,562125,1,61,3743,1.92,11,Dec 2031,2026
PRM/KA/RERA/1251/310/PR/190826/008877,Belvoir,Kinglife Infra Private Limited,new,12.928165,77.638809,portal_latlng,high,,Koramangala,560034,1,18,2179,2.25,3,Dec 2031,2026
PRM/KA/RERA/1251/310/PR/180826/008875,Azalea At Brigade Meadows,Brigade Enterprises Limited,new,12.813653,77.510345,portal_latlng,high,,Kaggalipura,560082,1,40,2604,2.0,7,Jul 2029,2026
PRM/KA/RERA/1251/308/PR/180826/008871,Suyug'S The Shallot Marque,Suyug Ventures,ongoing,12.817828,77.788429,portal_latlng,high,,Bidaraguppe,562125,1,54,3212,1.75,9,Mar 2028,2026
PRM/KA/RERA/1251/446/PR/180826/008872,Ample White,Ample Infracon Llp,new,12.978706,77.749951,portal_latlng,high,,Whitefield,560066,1,37,2205,1.75,7,May 2029,2026
PRM/KA/RERA/1251/309/PR/170826/008865,Aranya 1,Manasoubhagya Ventures Llp,new,13.16906,77.54613,portal_latlng,high,,Madappanahalli,560064,2,175,6778,3.49,15,Jul 2029,2026
PRM/KA/RERA/1251/310/PR/170826/008868,Gardens Of Brindavanam,M/S Sampada Homes,new,12.885385,77.45894,portal_latlng,high,,Kumbalagodu,560074,1,74,3612,2.933,13,Jun 2031,2026
PRM/KA/RERA/1251/446/PR/070826/008862,Assetz Mizu & Ki,Apg Skywards Private Limited,new,13.079703,77.659255,portal_latlng,high,,Byrathi,562149,12,188,34499,1.512,3,Aug 2030,2026
PRM/KA/RERA/1251/446/PR/050826/008859,Ranka Amber,Dra Realty Private Limited,new,12.979492,77.750037,portal_latlng,high,,Whitefield,560066,1,20,1301,1.97,4,Jul 2029,2026
PRM/KA/RERA/1251/446/PR/040826/008858,Hpr Shades Of Green,Hpr Infra Llp,new,13.100137,77.661672,portal_latlng,high,,Chikkagubbi,562149,5,83,18211,1.106,3,Jul 2031,2026
PRM/KA/RERA/1251/310/PR/030826/008857,Vainavi Serenia,Vainavi Developers Llp,new,12.808809,77.51314,portal_latlng,high,,Kaggalipura,560082,7,73,20538,1.09,2,Feb 2031,2026
PRM/KA/RERA/1251/310/PR/290726/008855,Sthanikam Nagabhushan Balaji Residency,Medhabalaji Builders (Prop. J R Balaji Naidu),ongoing,12.925576,77.511529,portal_latlng,high,,Rajarajeshwari Nagar,560098,1,11,816,2.23,2,Mar 2029,2026
PRM/KA/RERA/1251/308/PR/290726/008856,Harmony Homes,Gali Jagadish Chandra Prakash,new,12.903095,77.765251,portal_latlng,high,,Chambenahalli,562125,9,108,30351,1.25,2,Dec 2031,2026
PRM/KA/RERA/1250/304/PR/270726/008848,Ds Max Skysampurn,Ds Max Properties Private Limited,new,12.945826,77.775835,portal_latlng,high,,Muthasandra,560067,1,615,18717,2.24,45,Jun 2031,2026
PRM/KA/RERA/1250/304/PR/270726/008844,Jai Skyway,Jai Shelters,new,13.103043,77.814093,portal_latlng,high,,Hullur Amanikere,562114,1,105,3986,2.39,18,Dec 2030,2026
PRM/KA/RERA/1250/304/PR/270726/008847,Urban Greens,Varun Infra,new,13.058059,77.788897,portal_latlng,high,,Doddagattiganabbe,562114,2,118,7284,1.49,10,Dec 2030,2026
PRM/KA/RERA/1251/446/PR/270726/008846,Zolaah,House Of Jindal Estates Llp,new,13.043135,77.743691,portal_latlng,high,,Kurudusonnenahalli,560049,2,129,7916,3.204,11,Dec 2031,2026
PRM/KA/RERA/1251/446/PR/240726/008838,Bhavya Triora,Bhavya Constructions,new,12.90803,77.677283,portal_latlng,high,,Doddakanahalli,560035,3,206,12444,1.99,12,Jun 2031,2026
PRM/KA/RERA/1251/446/PR/230726/008834,Radheshyam Karnasree Brindavan,Radheshyam Builders,ongoing,13.037475,77.717601,portal_latlng,high,,I T I Notified Area,560049,5,232,15276,26704.0,8,Dec 2028,2026
PRM/KA/RERA/1251/446/PR/230726/008837,Maithri Springwoods,Maithri Developers,new,12.945379,77.720365,portal_latlng,high,,Munnekollala,560037,6,630,35872,2.25,18,Jul 2031,2026
PRM/KA/RERA/1251/308/PR/230726/008835,Amberstone Vectra,Amberstone Ventures,new,12.896551,77.768924,portal_latlng,high,,Chambenahalli,562125,2,306,15245,2.249,26,Jul 2032,2026
PRM/KA/RERA/1251/472/PR/220726/008831,Assetz Kvn Niwa & Neo,Elite Projects,new,13.147318,77.67851,portal_latlng,high,,Bagalur,562149,3,845,22946,4.199,45,Sep 2031,2026
PRM/KA/RERA/1251/310/PR/200726/008830,Grc Sapphire Spring Phase Ii,Grc Infra Private Limited,new,12.853482,77.592728,portal_latlng,high,,Gottigere,560083,3,235,11634,1.5,14,Mar 2032,2026
PRM/KA/RERA/1251/472/PR/200726/008829,Fiorana@Beaumont Estate(Phase-1),Lodha Developers Limited,new,13.194386,77.628475,portal_latlng,high,,Tharabanahalli,562157,5,540,47196,0.53,18,Mar 2032,2026
PRM/KA/RERA/1250/304/PR/180726/008826,Sanjeevini Heliconia,Sanjeevini Projects,new,12.994634,77.800968,portal_latlng,high,,Bodanahosahalli,560067,2,221,10709,2.49,19,Dec 2029,2026
PRM/KA/RERA/1251/446/PR/170726/008823,Mahaveer Crest,Reddy Structures Private Limited,ongoing,13.035889,77.721583,portal_latlng,high,,I T I Notified Area,560049,12,520,34398,1.7,8,Sep 2031,2026
PRM/KA/RERA/1251/446/PR/160726/008813,Cosmos,Corbital Builders,new,13.213434,77.658922,portal_latlng,high,,Kannamangala,560077,1,68,3946,1.75,12,Dec 2029,2026
PRM/KA/RERA/1251/446/PR/160726/008812,Ruchira The Rise,Ruchira Developers Llp,new,13.046377,77.751187,portal_latlng,high,,Doddabanahalli,560049,2,342,22258,4.5,29,Oct 2031,2026
PRM/KA/RERA/1251/310/PR/160726/008814,Ample Lotus,Ample Infra,new,12.899145,77.642885,portal_latlng,high,,Mangammanapalya,560068,1,56,3034,1.75,10,May 2029,2026
PRM/KA/RERA/1251/308/PR/150726/008810,Godrej Regent Park,Godrej Properties Limited,new,12.862813,77.753186,portal_latlng,high,,Hosahalli,562125,2,534,32678,2.2498,45,Jul 2031,2026
PRM/KA/RERA/1250/303/PR/140726/008808,Riviera Sky,Gsg Realty,new,13.237764,77.701017,portal_latlng,high,,Prasannahalli,562110,11,56,30149,0.61,2,Jun 2031,2026
PRM/KA/RERA/1251/446/PR/090726/008800,Arvind Sylva,Arvind Smarthomes Private Limited,new,12.8983,77.7173,portal_latlng,high,,Bengaluru East,560087,4,374,19020,2.99,16,Aug 2031,2026
PRM/KA/RERA/1251/309/PR/090726/008799,Vasundra Ss Valley,Vasundra Constructions,ongoing,12.971833,77.513068,portal_latlng,high,,Vijayanagara Krishnadevaraya,560072,1,80,4376,2.25,14,Dec 2028,2026
PRM/KA/RERA/1251/310/PR/090726/008801,Purva Heritage,Puravankara Ltd,new,12.889809,77.638886,portal_latlng,high,,Rupenaagrahara,560068,1,148,6781,3.25,25,Aug 2030,2026
PRM/KA/RERA/1251/446/PR/020726/008784,Sj Classique,Sj Constructions,new,12.918,77.724,portal_latlng,high,,Varthuru,560087,2,64,3358,2.06,6,Sep 2029,2026
PRM/KA/RERA/1250/303/PR/300626/008779,Aarohana Adira,Aarohana Projects,new,13.237963,77.698839,portal_latlng,high,,Prasannahalli,562110,2,140,7637,2.49,12,Dec 2030,2026
PRM/KA/RERA/1251/309/PR/300626/008778,Dhruvija Gopura,Dhruvija Gopura,new,13.146207,77.67931,portal_latlng,high,,Bagalur,562149,2,250,8091,3.25,21,Mar 2032,2026
PRM/KA/RERA/1251/472/PR/250626/008754,Hanging Gardens,Graviti Living Spaces (India) Pvt Ltd,new,13.159709,77.630023,portal_latlng,high,,Hunasamaranahalli Og,562157,2,172,14705,1.75,15,Sep 2030,2026
PRM/KA/RERA/1251/446/PR/250626/008753,Jai Signature,"Jai Shelters , H.A.Venugopal & 10 Others",new,12.998304,77.722236,portal_latlng,high,,Hudi,560048,1,50,2124,1.75,9,Mar 2028,2026
PRM/KA/RERA/1251/446/PR/240626/008750,Pavani Mirabilia Phase Iii,Sai Sravanthi Infra Projects Pvt Ltd,new,13.011819,77.763402,portal_latlng,high,,Bengaluru East,546004,1,239,4228,4.0,40,Mar 2031,2026
PRM/KA/RERA/1251/446/PR/230626/008748,Zenith Heights,Dwarakamai Builders And Developers Private Limited,new,12.969642,77.761151,portal_latlng,high,,Hagadur,560036,1,140,7157,2.25,24,Dec 2029,2026
PRM/KA/RERA/1251/309/PR/230626/008747,Havena By Ksr,Ksr Builders And Developers,new,13.178247,77.623284,portal_latlng,high,,Bettahalsoor,562157,2,136,8242,1.99,12,Dec 2029,2026
PRM/KA/RERA/1251/446/PR/220626/008737,Roaha Vivara,Landcapital Infrastructure Private Limited,new,12.898139,77.694829,portal_latlng,high,,Chikkanayakanahalli,560035,1,64,4173,2.2,11,Jun 2030,2026
PRM/KA/RERA/1251/446/PR/220626/008740,Concorde Sienna,Concorde Housing Corporation Pvt Ltd,new,13.144332,77.67851,pin_centroid,low,PIN 562149 median of 31 located projects,Bagalur,562149,1,260,11533,2.9963,44,Jul 2031,2026
PRM/KA/RERA/1251/472/PR/200626/008731,Sambhav Rise Of Aura,Sambhav Buloke Realty Llp,new,13.16232,77.597547,portal_latlng,high,,Nellukunte,562157,2,114,8548,2.24,10,Mar 2031,2026
PRM/KA/RERA/1251/310/PR/200626/008730,Samanvitha Siena Terra,Samanvitha Projects,new,12.912013,77.667618,portal_latlng,high,,Doddakanahalli,560035,1,16,1065,2.25,3,Apr 2029,2026
PRM/KA/RERA/1251/446/PR/200626/008729,Allure Avani Phase 2,Allure Awani Private Limited,new,13.075847,77.704984,portal_latlng,high,,Adur,560049,1,79,40468,0.84,14,Dec 2029,2026
TOR/PRM/KA/RERA/1251/446/PR/260615/008348,Mahindra Blossom,Mahindra Blossom Developers Limited,new,12.98641,77.752588,portal_boundary,high,,Belathur,nan,,,37911,,,Oct 2030,2026
PRM/KA/RERA/1250/304/PR/120626/008720,Sapthagiri Sampada B Block,Sapthagiri Constructions,ongoing,12.863284,77.751637,portal_latlng,high,,Hosahalli,562114,1,108,3845,2.49,18,Dec 2031,2026
PRM/KA/RERA/1251/309/PR/100626/008714,Yafa Zinnia,Yafa Properties,new,13.119101,77.647166,portal_latlng,high,,Bellahalli,562149,1,66,5316,1.746,11,Mar 2030,2026
PRM/KA/RERA/1251/310/PR/100626/008718,The Ninth By Amberstone,Amberstone Properties Private Limited,new,12.853963,77.565279,portal_latlng,high,,Anjanapura,560108,1,56,3035,2.21,10,Jun 2029,2026
PRM/KA/RERA/1251/308/PR/090626/008713,Ntd Lavender,Nature Trail Developers Llp,new,12.802688,77.750071,village_centroid,medium,"Village Yadavanahalli (Anekal), match 1.00, area 3.2 sq km",Yadavanahalli,562107,1,32,1619,1.49,6,Sep 2030,2026
PRM/KA/RERA/1251/446/PR/090626/008711,Nature'S Nest,Nps Developers,ongoing,13.029169,77.745783,portal_latlng,high,,Sadaramangala,560067,2,352,24660,2.0,30,Dec 2031,2026
PRM/KA/RERA/1251/310/PR/080626/008706,Aparna Wonderwoods,Aparna Constructions And Estates Private Limited,new,12.852406,77.542593,portal_latlng,high,,Badamanavarthekaval,560061,5,1261,60432,2.72,43,Feb 2031,2026
PRM/KA/RERA/1251/308/PR/080626/008708,Ls Mark Ix,Living Structures,new,12.771988,77.70862,portal_latlng,high,,Marasur,562106,1,60,3743,1.9953,10,Dec 2029,2026
PRM/KA/RERA/1250/304/PR/020626/008692,96 Brick Wood Avenue,Cinoti Ventures Llp,new,13.110768,77.772625,portal_latlng,high,,Water Body,562114,2,48,3434,1.75,4,May 2031,2026
PRM/KA/RERA/1251/446/PR/290526/008691,Lemon Tree,Legend Properties,ongoing,12.98277,77.76754,portal_latlng,high,,Hagadur,560067,1,92,5564,2.74,16,Dec 2030,2026
PRM/KA/RERA/1251/308/PR/270526/008689,S S Prakruthi Meadows,M/S. S.S. Projects,new,12.87432,77.788681,portal_latlng,high,,Sarjapura,562125,1,124,6172,2.0,21,Dec 2028,2026
PRM/KA/RERA/1251/446/PR/270526/008687,Sampoojitha Heights,Sampoojitha Developers,ongoing,13.003911,77.751488,portal_latlng,high,,Belathur,560066,1,100,5564,1.75,17,Dec 2029,2026
PRM/KA/RERA/1251/310/PR/260526/008682,Srivatsav Jubilee Heritage,Srivatsav Urban Developers,ongoing,12.958211,77.571179,portal_latlng,high,,Chamrajapet,560018,1,14,1031,2.5,3,Feb 2028,2026
PRM/KA/RERA/1251/308/PR/260526/008686,Nambiar District 25 Phase 3,Nambiar Ensembleresidential Projects Llp,new,12.87445,77.742206,portal_latlng,high,,Kommasandra,562125,8,1202,46569,195266.0,26,Feb 2032,2026
PRM/KA/RERA/1251/308/PR/250526/008679,Jrc Kanso,M/S Jrc Projects,new,12.817358,77.774307,portal_latlng,high,,Arenur,562125,6,122,29603,0.88,4,Mar 2031,2026
PRM/KA/RERA/1251/309/PR/250526/008680,Grandus 118,Grandus Projects Private Limited,new,12.975493,77.643337,portal_latlng,high,,Old Thippasandra,560038,1,7,556,2.22,2,Nov 2028,2026
PRM/KA/RERA/1251/446/PR/220526/008677,Sumadhura Elysium Phase-I,Sumadhura Buildwell Private Limited,new,12.928718,77.711695,portal_latlng,high,,Munnekollala,560087,3,319,20957,2.25,18,Dec 2029,2026
PRM/KA/RERA/1251/446/PR/220526/008672,Classique Willowbell,Allegro Mahabaleshwara Ventures Llp,new,13.08645,77.653595,portal_latlng,high,,Kothanur,560077,1,79,3349,3.495,14,Dec 2031,2026
PRM/KA/RERA/1251/308/PR/220526/008673,Perlite Premier,M/S. Perlite Developers,new,12.839274,77.709644,portal_latlng,high,,Ramasagara,562125,1,126,8169,2.248,21,Dec 2031,2026
PRM/KA/RERA/1251/308/PR/210526/008669,Leafy Serene,Leafy Realty Llp,new,12.895678,77.784687,portal_latlng,high,,Volagerekallahalli,562125,1,44,2946,1.74,8,Dec 2028,2026
PRM/KA/RERA/1251/308/PR/210526/008671,Leafy Avenue,Leafy Realty Llp,new,12.894473,77.796607,portal_latlng,high,,Ittangur,562125,1,71,4047,1.96,12,Dec 2028,2026
PRM/KA/RERA/1251/310/PR/200526/008667,Casagrand Moondance,Casa Grande Garden City Builders Pvt Ltd,new,12.873981,77.45211,portal_latlng,high,,Kumbalagodu,560074,3,504,35128,1.97,28,Dec 2029,2026
PRM/KA/RERA/1251/309/PR/160526/008662,Century Astoria,Realkraft Ventures Llp,new,13.089111,77.59825,portal_latlng,high,,Kempegowda Ward,560064,5,334,24585,3.0,12,Feb 2031,2026
PRM/KA/RERA/1251/310/PR/140526/008655,Blar 21,Bliar Surya Llp,new,12.960766,77.595454,portal_latlng,high,,Shanthi Nagar,560027,1,10,1380,1.75,2,Feb 2032,2026
PRM/KA/RERA/1251/308/PR/130526/008650,Assetz Mizumi Reserve Tower A3 A5,Apg Community Development Private Limited,new,12.885205,77.656,portal_latlng,high,,Kudlu,560068,2,264,7494,0.52,22,Mar 2031,2026
PRM/KA/RERA/1251/446/PR/130526/008649,Mgr Brindavan,Mgr Infra,new,13.08024,77.74234,portal_latlng,high,,Cheemasandra,560049,1,36,1735,1.75,6,Dec 2028,2026
PRM/KA/RERA/1251/310/PR/130526/008653,Godrej Vanantara,Godrej Irismark Private Limited,new,12.837959,77.602197,portal_latlng,high,,Voderahalli,560083,16,2008,146229,1.999,21,May 2031,2026
PRM/KA/RERA/1251/446/PR/110526/008641,Maitree Vajra,Maitree Developers,new,12.900166,77.689391,portal_latlng,high,,Bengaluru East,560035,1,50,2953,1.75,9,Mar 2028,2026
PRM/KA/RERA/1250/304/PR/080526/008636,One Residences At Sobha One World Ph4 W7 And 8,Sobha Limited,new,13.058182,77.775577,portal_latlng,high,,Doddagattiganabbe,562114,2,440,29997,2.659,37,Sep 2033,2026
PRM/KA/RERA/1250/304/PR/080526/008639,"One Residences At Sobha One World Ph6 W12,13,14",Sobha Limited,new,13.058182,77.775577,portal_latlng,high,,Doddagattiganabbe,562114,3,721,33122,2.659,41,Aug 2032,2026
PRM/KA/RERA/1250/304/PR/080526/008635,One Residences At Sobha One World Ph3 W5 And 6,Sobha Limited,new,13.058182,77.775577,portal_latlng,high,,Doddagattiganabbe,562114,2,530,36038,2.659,45,Sep 2033,2026
PRM/KA/RERA/1251/446/PR/080526/008640,Sumukha Nature'S Symphony,Sumukha Ventures,new,13.055523,77.624493,portal_latlng,high,,Jakkuru,560045,1,30,3334,2.5,5,Feb 2030,2026
PRM/KA/RERA/1250/304/PR/080526/008634,One Residences At Sobha One World Ph1 W1 And 2,Sobha Limited,new,13.058182,77.775577,portal_latlng,high,,Doddagattiganabbe,562114,2,542,39815,2.659,45,Jul 2032,2026
PRM/KA/RERA/1250/304/PR/080526/008637,One Residences At Sobha One World Ph2 W3 And 4,Sobha Limited,new,13.058182,77.775577,portal_latlng,high,,Doddagattiganabbe,562114,2,530,23704,2.659,45,Nov 2032,2026
PRM/KA/RERA/1250/304/PR/080526/008638,"One Residences At Sobha One World Ph5 W9,10,11",Sobha Limited,new,13.058182,77.775577,portal_latlng,high,,Doddagattiganabbe,562114,3,721,33122,2.659,41,Feb 2033,2026
PRM/KA/RERA/1251/308/PR/070526/008630,Habulus Oasis Grove,Habulus Homes Private Limited,new,12.82604,77.653322,portal_latlng,high,,Hulimangala,560105,2,296,13107,2.25,25,Mar 2031,2026
PRM/KA/RERA/1251/308/PR/070526/008631,Vrushabadri Winter Park,Vrushabadri Developers,ongoing,12.905695,77.778128,portal_latlng,high,,Volagerekallahalli,560087,3,167,9537,1.999,10,Dec 2029,2026
PRM/KA/RERA/1251/309/PR/070526/008628,"Nikoo Homes 8, Bhartiya Garden Enclave, Phase-1",Bhartiya Urban Pvt Ltd,new,13.098881,77.635904,portal_latlng,high,,Kogilu,560064,4,518,30504,3.0,22,Mar 2031,2026
PRM/KA/RERA/1251/309/PR/070526/008629,"Nikoo Homes 8, Bhartiya Garden Enclave, Phase-2",Bhartiya Urban Pvt Ltd,new,13.098881,77.635904,portal_latlng,high,,Kogilu,560064,5,529,18057,3.0,18,Dec 2031,2026
PRM/KA/RERA/1251/308/PR/060526/008625,Orchid South Park,Goyal Hariyana Constructions,new,12.835476,77.683328,portal_latlng,high,,Hebbagodi,560099,2,356,19527,2.248,30,Apr 2031,2026
PRM/KA/RERA/1251/472/PR/050526/008621,Assetz Miru & Miyo,Apg Green Homes Private Limited,new,13.156169,77.5586,portal_latlng,high,,Singanayakanahalli,560119,3,350,25697,2.249,20,Mar 2031,2026
PRM/KA/RERA/1251/310/PR/050526/008622,Ds Max Sky Sukhino,Ds Max Properties Private Limited,new,12.970165,77.406876,portal_latlng,high,,Tavarekere,562130,1,180,6475,2.423,30,Mar 2031,2026
PRM/KA/RERA/1251/446/PR/040526/008619,Willow One Auralis,Willow 1 Infrastructures Private Limited,new,13.059043,77.762758,portal_latlng,high,,Khajisonnenahalli,560049,102,102,40402,0.97,2,Dec 2030,2026
PRM/KA/RERA/1251/310/PR/040526/008618,Assetz Muse & Maison,Assetz Private Limited,new,12.8678,77.6935,portal_latlng,high,,Chikkanagamangala,560099,1,128,8650,19462.4,22,Mar 2030,2026
PRM/KA/RERA/1251/308/PR/300426/008609,Saffron Crest,Sreehan Infracon (Opc) Private Limited,new,12.857987,77.780576,portal_latlng,high,,Sarjapura,562125,2,42,6649,1.34,4,Jan 2031,2026
PRM/KA/RERA/1251/446/PR/290426/008606,Watersong,Privae Realty Llp,new,12.971761,77.7346,portal_latlng,high,,Whitefield,560066,2,40,3568,2.24,4,Mar 2030,2026
PRM/KA/RERA/1251/309/PR/290426/008607,The Arbour Residences,F4 Estates Llp And G Corp Housing Pvt Ltd,new,13.001898,77.623942,portal_latlng,high,,Lingarajapura,560084,1,16,1287,3019.16,3,Oct 2028,2026
PRM/KA/RERA/1251/446/PR/280426/008605,Nikhar Celio,Nikhar Estates Llp,new,12.918989,77.726869,portal_latlng,high,,Varthuru,560087,2,333,16592,2.5,28,Dec 2030,2026
PRM/KA/RERA/1251/472/PR/270426/008604,Bollineni Vienna,Krishnaiah Projects Private Limited,new,13.100653,77.616405,portal_latlng,high,,Kogilu,560064,2,88,10623,2.92,8,Dec 2031,2026
PRM/KA/RERA/1251/310/PR/270426/008603,Posch,Rroyal Indraprastha Infra Private Limited,new,12.88516,77.5454,portal_latlng,high,,Subramanyapura,560061,1,78,5824,2.25,13,Dec 2031,2026
PRM/KA/RERA/1251/310/PR/240426/008602,Memco Skyline - Jutaku,Memco Skyline Private Limited,new,12.871985,77.641104,portal_latlng,high,,Rupenaagrahara,560068,1,647,11207,2.25,45,May 2031,2026
PRM/KA/RERA/1251/446/PR/220426/008598,Baldota Summit,Baldota Builders And Developers,new,13.061172,77.63869,portal_latlng,high,,Horamavu,560077,1,77,4436,2.25,13,Mar 2030,2026
PRM/KA/RERA/1250/301/PR/210426/008595,Century Bliss,Hebbal Properties Private Limited,new,13.235005,77.549808,portal_latlng,high,,Kadathanamale,562157,3,272,17199,2.75,16,Apr 2031,2026
PRM/KA/RERA/1251/309/PR/180426/008593,Umiya Prism,Umiya Buildtek,new,12.989052,77.59552,portal_latlng,high,,Vasanth Nagar,560001,1,9,1765,2.24,2,Mar 2029,2026
PRM/KA/RERA/1251/308/PR/180426/008591,Mythri Serene,Mythri Developers,ongoing,12.812054,77.65129,pin_centroid,low,PIN 560105 median of 22 located projects,Kyalasanahalli,560105,1,32,2023,1.62,6,Dec 2028,2026
PRM/KA/RERA/1251/308/PR/170426/008589,Gmc Confluence,Grihamithra Confra Private Limited,new,12.838022,77.784116,portal_latlng,high,,S Medihalli,562125,3,270,12520,2.749,15,Feb 2031,2026
PRM/KA/RERA/1251/308/PR/160426/008586,Assetz Trees & Tandem -Tower A,Infraedge Management Services Pvt Ltd,ongoing,12.8741,77.71585,portal_latlng,high,,Huskur,560099,1,220,5766,1.124,37,May 2030,2026
PRM/KA/RERA/1251/446/PR/150426/008582,Nava Vruksha,Nava Jyothi Shelters Private Limited,new,13.068658,77.669741,portal_latlng,high,,Kyalasanahalli,560077,7,561,44278,2.21,14,Dec 2031,2026
PRM/KA/RERA/1251/309/PR/080426/008577,Kumar Platina,Kumar Properties Private Limited,new,13.045518,77.502876,portal_latlng,high,,Defence Colony,560073,2,184,7378,3.25,16,Mar 2031,2026
PRM/KA/RERA/1250/304/PR/070426/008575,Ar Belle Vie Phase 1,S & S Properties And Jmd Developers,new,12.981121,77.860513,portal_latlng,high,,Somalapura,560117,2,222,55234,1.25,19,Feb 2029,2026
PRM/KA/RERA/1251/446/PR/070426/008573,Hmt Sri Gayathri Serenity,Sdr Constructions,new,13.024742,77.682181,portal_latlng,high,,Kalkere,560016,1,48,1922,1.75,8,Dec 2029,2026
PRM/KA/RERA/1251/309/PR/040426/008572,Tvs Emerald Altura,Emerald Haven Properties Private Limited,new,13.123242,77.632784,portal_latlng,high,,Bengaluru North,562149,12,975,45021,2.99,14,Mar 2033,2026
PRM/KA/RERA/1251/310/PR/310326/008560,Heart Of Harmony,Ckpc Residences Private Limited,new,12.89274,77.638371,portal_latlng,high,,HSR - Singasandra,560068,1,137,7411,3.24,23,Mar 2030,2026
PRM/KA/RERA/1251/310/PR/270326/008558,The Seven,Nestled Haven Realty Private Limited,new,12.932868,77.564264,portal_latlng,high,,Basavanagudi,560028,2,76,14872,2.25,7,Mar 2031,2026
PRM/KA/RERA/1251/310/PR/270326/008557,Sattva Songbird Ph 2,Sattva Resi Private Limited,new,13.049396,77.744921,portal_latlng,high,,Veerenahalli,560049,2,381,17528,2.997,32,Jun 2031,2026
PRM/KA/RERA/1251/310/PR/270326/008555,Suraksha Whispering Waves,R K Suraksha Properties,new,12.870872,77.634442,portal_latlng,high,,Begur,560068,6,272,16082,2.25,8,Dec 2030,2026
PRM/KA/RERA/1251/308/PR/260326/008551,Haven Phase 2,Lodha Developers Limited,new,12.884158,77.68923,portal_latlng,high,,Gattahalli,560035,2,148,8689,2.25,13,Jun 2030,2026
PRM/KA/RERA/1251/446/PR/240326/008549,Brigade Belvedere,Brigade Enterprises Ltd,new,13.048762,77.748646,portal_latlng,high,,Doddabanahalli,560049,2,773,43503,2.14,45,Mar 2031,2026
PRM/KA/RERA/1250/304/PR/240326/008547,Sj Park Ville,Sj Constructions,ongoing,12.946167,77.772758,portal_latlng,high,,Muthasandra,562114,10,117,30551,1.027,2,Dec 2029,2026
PRM/KA/RERA/1251/310/PR/230326/008543,Arvind Skycrest,Arvind Smart Homes Private Limited,new,12.862635,77.58418,portal_latlng,high,,Gottigere,560080,5,333,16576,2.25,12,Mar 2031,2026
PRM/KA/RERA/1251/309/PR/230326/008545,Brigade Lumina,Brigade Enterprises Ltd,new,13.050345,77.4915,portal_latlng,high,,Bengaluru North,560073,3,416,16076,3.247,24,Dec 2030,2026
PRM/KA/RERA/1251/309/PR/200326/008542,Century Kindle Phase 1,Hebbal Properties Private Limited,new,13.110602,77.565935,portal_latlng,high,,Someshwara Ward,560064,2,458,18843,0.85,39,Mar 2031,2026
PRM/KA/RERA/1251/310/PR/180326/008540,Rainbow Uno,M/S. Rainvas Infraa,new,12.901447,77.552894,portal_latlng,high,,Vasanthpura,560062,2,240,18312,2.25,20,Jun 2031,2026
PRM/KA/RERA/1251/446/PR/180326/008539,Poulomi Florique,Poulomi Florique Llp,new,13.088352,77.645376,portal_latlng,high,,Bengaluru East,560077,4,448,36421,2.25,19,Dec 2032,2026
PRM/KA/RERA/1251/308/PR/180326/008537,Eaton Park @ The Prestige City,Prestige Projects Private Limited,new,12.877615,77.774327,portal_latlng,high,,Sompura,562125,4,366,31008,2.748,16,Jun 2030,2026
PRM/KA/RERA/1251/310/PR/180326/008541,Srivari Bliss,Srivari Springs,new,12.890056,77.478244,portal_latlng,high,,Kambipura,560060,1,52,2689,2.249,9,Feb 2029,2026
PRM/KA/RERA/1251/308/PR/180326/008538,Slv Siri Paradise,S L V Builders,ongoing,12.892742,77.766559,portal_latlng,high,,Chambenahalli,562125,2,128,6171,1.998,11,Dec 2028,2026
PRM/KA/RERA/1251/472/PR/170326/008529,4Square Park Sierra,4Square Estates,new,13.095511,77.602736,portal_latlng,high,,Kempegowda Ward,560064,1,170,11736,20527.9,29,Dec 2029,2026
PRM/KA/RERA/1251/309/PR/170326/008531,Amigo Alfresco,Amigo Shelters Pvt Ltd,new,13.096144,77.537869,portal_latlng,high,,Bengaluru North,560097,3,110,7753,1.67,7,Dec 2028,2026
PRM/KA/RERA/1251/446/PR/170326/008533,Keerthi Nandini The Ascent,Keerthi Nandini Llp,new,13.064931,77.738185,portal_latlng,high,,Hirandahalli,560049,2,269,11706,2.75,23,Feb 2030,2026
PRM/KA/RERA/1251/446/PR/160326/008527,Sumukha Earthen Crest,Sumukha Ventures,new,13.045091,77.639589,portal_latlng,high,,Horamavu,560077,3,110,6070,1.75,7,Dec 2029,2026
PRM/KA/RERA/1251/309/PR/120326/008524,Northern Lights By Puravankara Kvn Phase 2,Kvn Property Holdings Llp,new,13.146336,77.658046,portal_latlng,high,,Sathanaoor,562149,3,1208,35493,3.226,45,Dec 2030,2026
PRM/KA/RERA/1251/308/PR/120326/008521,Forest Province 1 @ Mana Skanda The Right Life,Collab Projects Llp,new,12.89326,77.748027,portal_latlng,high,,Dommasandra Nmct,560087,4,526,21168,3.0,22,Dec 2030,2026
PRM/KA/RERA/1251/309/PR/120326/008525,Northern Lights By Puravankara Kvn Phase 3,Kvn Property Holdings Llp,new,13.155494,77.675964,village_centroid,low,"Village Bagalur (Bangalore North), match 1.00, area 8.7 sq km",Bagalur,562149,2,540,25476,3.226,45,Dec 2031,2026
PRM/KA/RERA/1251/309/PR/120326/008523,Northern Lights By Puravankara Kvn,Kvn Property Holdings Llp,new,13.146336,77.658046,portal_latlng,high,,Sathanaoor,562149,3,1225,38545,3.226,45,Dec 2029,2026
PRM/KA/RERA/1251/308/PR/120326/008522,Forest Province 2 @ Mana Skanda The Right Life,Collab Projects Llp,new,12.89326,77.748027,portal_latlng,high,,Dommasandra Nmct,560087,4,526,22614,3.0,22,Jun 2031,2026
PRM/KA/RERA/1251/308/PR/110326/008519,Fernvale @ The Prestige City,Prestige Projects Private Limited,new,12.878286,77.770312,portal_latlng,high,,Sompura,560001,2,387,20183,2.74,33,Mar 2030,2026
PRM/KA/RERA/1251/446/PR/110326/008520,Aura,Blue Sky Properties,new,12.939042,77.719267,portal_latlng,high,,Varthuru,560087,2,154,8094,2.5,13,Apr 2030,2026
PRM/KA/RERA/1251/308/PR/100326/008518,Rishideep Sentosa,Rishideep Ventures,new,12.87796,77.7867,portal_latlng,high,,Sarjapura,562125,1,84,3941,10123.0,14,Dec 2028,2026
PRM/KA/RERA/1251/446/PR/100326/008517,Sumadhura Solea,Sumadhura Homes Llp,new,13.065142,77.625877,portal_latlng,high,,Jakkuru,560045,2,233,14139,2.5,20,Jun 2029,2026
PRM/KA/RERA/1250/303/PR/040326/008505,Laurel & Maple At Brigade Orchards,Bcv Developers Pvt Ltd,new,13.237279,77.723088,portal_latlng,high,,Rayasandra,562110,2,311,10994,0.098,26,Mar 2030,2026
PRM/KA/RERA/1251/310/PR/040326/008502,Haven Of Bliss,Anemones Hospitality And Hotels Private Limited,ongoing,12.882241,77.473743,portal_latlng,high,,Kambipura,560060,1,480,7532,1.99,45,Dec 2026,2026
PRM/KA/RERA/1251/472/PR/040326/008503,Riviera Glade,Goyal Hariyana Infrastructures,new,13.157111,77.604145,portal_latlng,high,,Suggatta Og,562157,18,112,38344,0.71,2,Dec 2030,2026
PRM/KA/RERA/1251/309/PR/020326/008501,Godrej Aveline,Godrej Sspdl Green Acres Private Limited,new,13.11536,77.60775,portal_latlng,high,,Kempegowda Ward,560064,10,849,40772,3.24,15,Mar 2031,2026
PRM/KA/RERA/1251/472/PR/270226/008494,Sattva City,Sattva City Private Limited,new,13.184569,77.646203,portal_latlng,high,,Maranayakana Halli,562157,31,2477,189513,2.499,14,Feb 2032,2026
PRM/KA/RERA/1250/304/PR/260226/008490,Trivik Signature,Trivik Signature,new,12.99175,77.784262,portal_latlng,high,,Thimmadahalli,560067,3,408,28505,2.49,23,Dec 2031,2026
PRM/KA/RERA/1251/308/PR/260226/008489,Seven Sarjapur,Fortune Primero Llp,new,12.850958,77.78279,portal_latlng,high,,Booragunte,562125,4,779,44110,2.75,33,Mar 2030,2026
PRM/KA/RERA/1251/446/PR/260226/008488,Psr Platinum,M/S Psr Builders And Developers,new,12.887993,77.709935,portal_latlng,high,,Avalahalli,560035,1,117,6070,2.24,20,Dec 2029,2026
PRM/KA/RERA/1251/446/PR/260226/008491,Soul Of The Seasons - Phase 2,Nbr Projects Llp,new,12.900817,77.731345,portal_latlng,high,,Sulikunte,560087,2,312,17907,2.25,26,Nov 2029,2026
PRM/KA/RERA/1251/446/PR/210226/008479,Adarsh Parkland Phase 2,Shivakar Infra Private Limited,new,12.93275,77.711778,portal_latlng,high,,Munnekollala,560103,4,1050,47891,2.25,44,Mar 2030,2026
PRM/KA/RERA/1251/310/PR/210226/008482,Golden Horizon,Sai Ganesh Developers,ongoing,12.895305,77.484098,portal_latlng,high,,Hemmigepura,560060,1,52,2788,2.08,9,Apr 2028,2026
PRM/KA/RERA/1251/308/PR/210226/008481,Sree Nidhi Brindhavan,Sree Nidhi Developers,ongoing,12.889243,77.656666,portal_latlng,high,,Kudlu,560068,2,64,3110,1.75,6,Dec 2028,2026
PRM/KA/RERA/1251/308/PR/210226/008478,Evershine Stonepark,Evershine Dwellings Pvt Ltd,new,12.809344,77.638188,portal_latlng,high,,Nanjapura,560105,1,117,23580,0.81,20,Sep 2030,2026
TOR/PRM/KA/RERA/1251/446/PR/260219/007177,Sidvin Celeste,Sidvin Properties,new,12.965875,77.682656,portal_boundary,high,,Vijnana Nagar,nan,,,5389,,,Sep 2028,2026
PRM/KA/RERA/1251/308/PR/170226/008469,Simhadri,M/S.Signifa Simhadri Projects,new,12.775313,77.645393,portal_latlng,high,,Jigani,560105,3,190,9308,2.0,11,Sep 2029,2026
PRM/KA/RERA/1250/304/PR/060226/008451,Jp Jasmine,Jphc Private Limited,new,13.058703,77.78735,portal_latlng,high,,Doddagattiganabbe,562114,1,66,3693,1.499,11,Dec 2028,2026
PRM/KA/RERA/1251/310/PR/040226/008450,Assetz Mizumi Reserve Tower A1 A2 A4,Apg Community Development Private Limited,new,12.885205,77.656,portal_latlng,high,,Kudlu,560068,3,440,38660,80014.8,25,Dec 2030,2026
PRM/KA/RERA/1251/446/PR/040226/008447,Myhna Vistara,Myhna Properties Private Limited,new,12.925528,77.733149,portal_latlng,high,,Varthuru,560087,7,1127,53066,3.0,27,Dec 2030,2026
PRM/KA/RERA/1251/446/PR/020226/008444,Satori Residence By Genurise,Max Global Developers,new,12.907401,77.694352,portal_latlng,high,,Doddakanahalli,560035,1,161,11837,2.4,27,Jun 2030,2026
PRM/KA/RERA/1250/304/PR/310126/008441,House Of Sapiens,Ma Sarada Constructions,new,13.100224,77.812883,portal_latlng,high,,Dandupalya,562114,3,314,17907,2.749,18,Jan 2031,2026
PRM/KA/RERA/1250/304/PR/300126/008440,Jp Iris Block-B,Jp Housing Corporation,new,13.05802,77.787189,portal_latlng,high,,Doddagattiganabbe,562114,1,88,5716,1.497,15,Dec 2028,2026
PRM/KA/RERA/1250/304/PR/300126/008438,Garuda Park View,Garuda Constructions,new,13.086947,77.807693,portal_latlng,high,,Kannurahalli,562114,1,90,3642,2.48,15,Mar 2029,2026
PRM/KA/RERA/1250/303/PR/290126/008436,Birla Trimaya Phase-4,Birla Arnaa Llp,new,13.187057,77.669487,portal_latlng,high,,Settigere,562110,7,548,28527,0.34,14,Dec 2031,2026
PRM/KA/RERA/1251/308/PR/230126/008427,Ds Max Spoorthi Nest,Ds Max Properties Private Limited,new,12.817089,77.77522,portal_latlng,high,,Arenur,562107,1,187,7284,1.74,32,Dec 2030,2026
PRM/KA/RERA/1251/310/PR/230126/008425,Melange One By Vaishnodevi,Vaishnodevi Melange Estates Llp,new,12.921389,77.514587,portal_latlng,high,,Rajarajeshwari Nagar,560098,1,76,5752,3.0,13,Dec 2030,2026
PRM/KA/RERA/1251/308/PR/220126/008422,Jankal Stellar Heights,Jankal Sankalpa Ventures,new,12.83355,77.776675,portal_latlng,high,,Handenahalli,562125,1,150,8295,1.98,25,Feb 2030,2026
PRM/KA/RERA/1251/446/PR/220126/008424,Neuma Elysee,Neuma Realty Private Limited,new,13.078546,77.65298,portal_latlng,high,,Kothanur,560077,1,32,6879,1.71,6,Dec 2030,2026
PRM/KA/RERA/1251/308/PR/210126/008418,Trifecta Veranza,Trifecta Projects Private Limited,ongoing,12.863284,77.751637,portal_latlng,high,,Hosahalli,562125,2,444,26203,2.25,37,Dec 2029,2026
PRM/KA/RERA/1251/446/PR/210126/008417,Jeya Green Horizon,Jeya Developers,ongoing,12.944449,77.649584,portal_latlng,high,,Bellanduru,560037,2,120,7082,1.75,10,Dec 2029,2026
PRM/KA/RERA/1251/446/PR/200126/008414,Aakruthi Nest,Kriti Builders And Developers,new,13.03021,77.71997,portal_latlng,high,,Medahalli,560049,1,72,3642,1.75,12,Dec 2028,2026
PRM/KA/RERA/1251/309/PR/200126/008413,Sri Sai Bharath Towers,Sri Bharath Developrs,new,13.064022,77.646789,portal_latlng,high,,Horamavu,560077,2,76,4045,1.75,7,Dec 2029,2026
PRM/KA/RERA/1251/308/PR/200126/008411,Aavya Homes,Son Infra Enterprises,ongoing,12.709884,77.693352,portal_latlng,high,,Anekal Rural,560100,1,80,2968,1.5,14,Dec 2028,2026
PRM/KA/RERA/1251/446/PR/200126/008415,Park Lane,A B & T Lifestyle Spaces Llp,new,12.957228,77.717095,portal_latlng,high,,Whitefield,560066,3,75,6475,2.23,5,Dec 2030,2026
PRM/KA/RERA/1251/310/PR/170126/008410,Provident Equinox 5,Provident Housing Limited,new,12.885,77.470278,portal_latlng,high,,Kambipura,560060,6,396,18008,2.24,11,Mar 2030,2026
PRM/KA/RERA/1251/310/PR/170126/008409,Bodhi,M/S Cardinal Energy And Infrastructure Private Limited.,ongoing,12.92519,77.59739,portal_latlng,high,,Tilak Nagar,560041,1,24,2636,3.0,4,Mar 2028,2026
PRM/KA/RERA/1250/304/PR/160126/008407,Arya’S Avadana,Aryavaridhi Projects,new,13.057565,77.784858,portal_latlng,high,,Doddagattiganabbe,562114,1,64,3642,1.498,11,Dec 2028,2026
PRM/KA/RERA/1250/304/PR/140126/008401,Sapthagiri Sky Garden,Sapthagiri Shelters,new,13.049242,77.771242,portal_latlng,high,,Kannamangala,562114,1,166,8498,2.249,28,May 2030,2026
PRM/KA/RERA/1250/304/PR/130126/008398,Green Park,Ssv Developers,new,13.097138,77.812647,portal_latlng,high,,Dandupalya,562114,1,208,10522,1.499,35,Nov 2029,2026
PRM/KA/RERA/1251/310/PR/090126/008392,Courtyard By Vedanth Suraksha,Vedanth Suraksha Properties,new,12.86152,77.584457,portal_latlng,high,,Gottigere,560083,3,278,18210,2.25,16,Dec 2031,2026
PRM/KA/RERA/1250/304/PR/090126/008393,Godrej Parkshire,Godrej Properties Limited,new,13.047105,77.783611,portal_latlng,high,,Doddagattiganabbe,562114,5,1132,55037,2.499,38,Dec 2030,2026
PRM/KA/RERA/1251/446/PR/070126/008387,The Loft,Vrise Constructions Llp,new,12.982819,77.763836,portal_latlng,high,,Kadugodi,560067,1,144,8700,2.89,24,Dec 2029,2026
PRM/KA/RERA/1251/446/PR/070126/008388,Sobha Altair,Sobha Limited,new,12.897471,77.705342,portal_latlng,high,,Bengaluru East,560035,3,207,13658,2.846,12,May 2031,2026
PRM/KA/RERA/1251/308/PR/050126/008381,Nvt A Wonderful World Phase I,Nvt Quality Lifestyle Estate Llp,new,12.794766,77.766914,portal_latlng,high,,Indlabele,562107,1,123,42593,0.759,21,Dec 2030,2026
PRM/KA/RERA/1251/446/PR/050126/008382,Folium By Sumadhura Phase-Iv,Sumadhura Infracon Private Limited,new,12.966423,77.743168,portal_latlng,high,,Whitefield,560066,2,280,11445,2.64,24,Mar 2028,2026
PRM/KA/RERA/1251/446/PR/020126/008377,Reflections 66,House Of Colors Developers Private Limited,new,12.968873,77.746192,portal_latlng,high,,Whitefield,560066,1,66,3642,2.25,11,Dec 2030,2026
PRM/KA/RERA/1251/310/PR/020126/008378,Habulus Tranquil,Habulus Builders And Developers Private Limited,new,12.814985,77.65795,portal_latlng,high,,Vabasandra,560105,4,400,18490,2.249,17,Dec 2031,2026
PRM/KA/RERA/1251/446/PR/010126/008374,Evergreen @ Prestige Raintree Park,Prestige Estates Projects Ltd,new,12.954669,77.747175,portal_latlng,high,,Varthuru,560001,14,2000,100100,2.99,24,Jun 2030,2026
PRM/KA/RERA/1251/472/PR/311225/008368,Embassy Eden,Sion Eden Developers Limited,new,13.16432,77.59246,portal_latlng,high,,Gantiganahalli,562157,1,95,128081,0.603,16,Dec 2031,2025
PRM/KA/RERA/1250/303/PR/311225/008367,Varnam Phase 1D,One Bangalore Luxury Projects Llp,new,13.192295,77.668514,portal_latlng,high,,Settigere,562157,3,211,11655,0.58,12,Sep 2031,2025
PRM/KA/RERA/1251/446/PR/291225/008364,Sri Sai Abhayam,Sadhguru Developers,new,13.069496,77.762645,portal_latlng,high,,Konadasapura,562129,1,64,3780,1.499,11,Dec 2027,2025
PRM/KA/RERA/1251/308/PR/291225/008366,Ds Max Sky Sampadha,Ds Max Properties Private Limited,new,12.772707,77.750844,portal_latlng,high,,Muthasandra,562107,1,550,14264,2.248,45,Oct 2030,2025
PRM/KA/RERA/1251/310/PR/241225/008358,Sattva Aaranya,Sattva Resi Private Limited,new,12.934175,77.510638,portal_latlng,high,,Jnana Bharathi,560026,3,418,26406,3.24,24,Jan 2031,2025
PRM/KA/RERA/1251/308/PR/191225/008353,Elanza,Lodha Developers Limited,new,12.874709,77.758831,portal_latlng,high,,Kadagrahara,562125,6,698,27344,2.49,20,Sep 2031,2025
PRM/KA/RERA/1251/446/PR/171225/008348,Mahindra Blossom,Mahindra Lifespace Developers Limited,new,12.98641,77.752588,portal_latlng,high,,Belathur,560066,7,735,37911,2.88,18,Oct 2030,2025
PRM/KA/RERA/1251/472/PR/171225/008347,Pramodh Fort House,Thipparthi Constructions And Housing Pvt Ltd,new,13.06842,77.619883,portal_latlng,high,,Jakkuru,560064,1,20,841,2.25,4,Dec 2027,2025
PRM/KA/RERA/1251/309/PR/161225/008344,Ferris,Lewis Infrastructure And Projects,new,12.995068,77.603758,portal_latlng,high,,Ramaswamy Palya,560046,1,12,706,2.25,2,Apr 2028,2025
PRM/KA/RERA/1251/308/PR/161225/008341,Axis Niran,Axis Concept Construction Pvt Ltd,new,12.86279,77.753533,portal_latlng,high,,Hosahalli,562125,1,49,4046,1.96,9,Sep 2028,2025
PRM/KA/RERA/1251/310/PR/151225/008338,Purva Silversky,Puravankara Limited,new,12.8425,77.671389,portal_latlng,high,,Hebbagodi,560099,3,356,28300,2.25,20,Jul 2030,2025
PRM/KA/RERA/1251/446/PR/151225/008336,Solcrest,M/S. Bricks & Milestones Homes Llp,new,13.05278,77.67979,portal_latlng,high,,Kalkere,560049,5,658,37543,2.5,22,Nov 2030,2025
PRM/KA/RERA/1251/310/PR/151225/008335,Raj Viviente Phase 2,Snn Abode Llp,new,12.85162,77.600006,portal_latlng,high,,Kalena Agrahara,560083,1,7,3540,0.76,2,Feb 2028,2025
PRM/KA/RERA/1251/310/PR/151225/008334,Beryl Tranquil Terraces,Beryl Properties Private Limited,new,12.900425,77.549139,portal_latlng,high,,Vasanthpura,560061,1,16,862,2.25,3,Dec 2027,2025
PRM/KA/RERA/1251/446/PR/111225/008328,Sumadhura Edition Phase-I,Sumadhura Infracon Private Limited,new,12.960863,77.729066,portal_latlng,high,,Whitefield,560066,3,450,35623,2.24,25,Dec 2029,2025
PRM/KA/RERA/1251/446/PR/111225/008332,Sumadhura Edition Phase-Ii,Sumadhura Infracon Private Limited,new,12.960278,77.729623,portal_latlng,high,,Whitefield,560055,3,450,19291,2.24,25,Dec 2029,2025
PRM/KA/RERA/1251/446/PR/111225/008333,Sumadhura Solace Phase-Ii,Sumadhura Infracon Private Limited,new,12.960816,77.72906,portal_latlng,high,,Whitefield,560066,4,329,23784,2.99,14,Dec 2029,2025
PRM/KA/RERA/1251/446/PR/111225/008330,Sumadhura Solace Phase-I,Sumadhura Infracon Private Limited,new,12.954282,77.724027,portal_latlng,high,,Whitefield,560066,4,526,23311,2.99,22,Dec 2029,2025
PRM/KA/RERA/1251/310/PR/061225/008321,Assetz Inspira Melodies Of Life Apartments,Iinspira Worldcity Projects Private Limited,new,12.8875,77.686,portal_latlng,high,,Rayasandra,560099,2,204,13833,2.244,17,Nov 2030,2025
PRM/KA/RERA/1251/446/PR/051225/008318,Roach Cicada,Rbd Shelters Llp,new,12.903661,77.685056,portal_latlng,high,,Doddakanahalli,560035,2,124,12747,2.25,11,Aug 2030,2025
PRM/KA/RERA/1251/310/PR/051225/008319,Aditya Raaga,Aditya Constructions,new,12.86478,77.617453,portal_latlng,high,,Mylasandra,560068,1,145,8460,2.23,25,Mar 2029,2025
PRM/KA/RERA/1251/472/PR/051225/008313,Ramya Water Front,Ramya Estates,ongoing,13.173706,77.641063,portal_latlng,high,,Chikkajala,562157,1,39,14400,0.82,7,Jun 2027,2025
PRM/KA/RERA/1250/303/PR/051225/008314,Kumar Palazzio,Kumar Vista Properties Llp,new,13.26975,77.717944,portal_latlng,high,,Devanhalli Rural,562110,1,29,16104,0.74,5,Mar 2030,2025
PRM/KA/RERA/1251/446/PR/041225/008303,Mana Verdant Terraces,Mana Projects Private Limited,new,12.907964,77.700311,portal_latlng,high,,Doddakanahalli,560035,2,318,35042,2.0,27,Dec 2031,2025
PRM/KA/RERA/1250/303/PR/041225/008310,Sattva Vasanta Cove,Sattva Resi Private Limited,new,13.205247,77.66334,portal_latlng,high,,Akkalenahalli Mallenahalli,562110,1,200,5158,2.222,34,Dec 2030,2025
PRM/KA/RERA/1251/446/PR/021225/008298,Axis Ekatva,Axis Life Spaces,new,12.979624,77.742531,portal_latlng,high,,Belathur,560066,1,287,4603,1.75,45,Jun 2029,2025
PRM/KA/RERA/1251/310/PR/291125/008288,Raja Platino,Raja Housing Limited,new,12.855871,77.60212,portal_latlng,high,,Kalena Agrahara,560083,1,120,8902,1.75,20,Sep 2028,2025
PRM/KA/RERA/1251/310/PR/291125/008289,Eco Classic,Eco Infrastructures,new,12.855461,77.597526,portal_latlng,high,,Kalena Agrahara,560083,1,45,11127,0.99,8,Dec 2030,2025
PRM/KA/RERA/1251/308/PR/281125/008287,Ds Max Sky Stanza,Ds Max Properties Private Limited,new,12.760762,77.660843,portal_latlng,high,,Kumbaranahalli,560105,1,465,14163,1.989,45,Oct 2030,2025
PRM/KA/RERA/1251/310/PR/281125/008282,Mahendra Solterra Aarya Phase-2,Mahendra Homes Private Limited,new,12.826541,77.703759,portal_latlng,high,,Heelalige,560099,3,522,33791,2.249,29,Dec 2030,2025
PRM/KA/RERA/1251/310/PR/271125/008281,Cityville Valmark Phase 2B,Valmark Developers Private Limited,new,12.866169,77.605715,portal_latlng,high,,Kalena Agrahara,560072,7,297,112602,2.0,8,Sep 2031,2025
PRM/KA/RERA/1251/308/PR/211125/008266,Verdant Tropical Heights,Verdant Builders And Developers,new,12.892107,77.659049,portal_latlng,high,,Kudlu,560068,1,88,4654,2.25,15,Jun 2029,2025
PRM/KA/RERA/1251/308/PR/211125/008269,Vasuki Vallabha,Sri Lakshmi Vallabha Constructions,ongoing,12.825195,77.684805,portal_latlng,high,,Bommasandra,560099,1,32,1821,1.74,6,Dec 2027,2025
PRM/KA/RERA/1251/309/PR/211125/008270,King'S Acropolis,King'S Developers & Infrastructure,new,12.972161,77.612535,portal_latlng,high,,Shantala Nagar,560025,1,23,1073,1.75,4,Jun 2028,2025
PRM/KA/RERA/1250/303/PR/201125/008263,Embassy Verde Phase 2,Embassy Developments Limited,new,13.207266,77.614553,portal_latlng,high,,Kudragere,562110,3,702,19303,0.47,39,Jun 2031,2025
PRM/KA/RERA/1250/303/PR/201125/008265,Embassy Greenshore,Embassy Developments Limited,new,13.209837,77.612238,portal_latlng,high,,Hegganahalli,562110,8,878,58037,2.494,19,Dec 2031,2025
PRM/KA/RERA/1251/310/PR/201125/008264,Srl Majestic,Sri Rangalakshmi Golden Arcade Private Limited,ongoing,12.903333,77.488056,portal_latlng,high,,Hemmigepura,560060,1,40,1952,2.25,7,Jun 2026,2025
PRM/KA/RERA/1251/310/PR/141125/008255,Axis Amarissa,Axis Concept Construction Pvt Ltd,new,12.829698,77.513468,portal_latlng,high,,Kaggalipura,560082,1,81,5513,2.4,14,Dec 2029,2025
PRM/KA/RERA/1251/472/PR/131125/008251,Jayan One,Jayan Homes,new,13.196216,77.639565,portal_latlng,high,,Meenakunte,562157,1,71,6273,1.74,12,Oct 2030,2025
PRM/KA/RERA/1251/308/PR/121125/008242,Markon Sportz Valley,Markon Developers,new,12.862976,77.793172,portal_latlng,high,,Sarjapura,562125,1,73,24079,1.07,13,Oct 2030,2025
PRM/KA/RERA/1251/446/PR/121125/008247,Sri Balaji Grand,Sri Balaji Shelters,new,12.997513,77.732918,portal_latlng,high,,Hudi,560067,1,60,3741,1.74,10,Jun 2027,2025
PRM/KA/RERA/1251/472/PR/121125/008248,Godrej Woods,Godrej Properties Limited,new,13.107831,77.632406,portal_latlng,high,,Kogilu,560064,10,558,27923,2.98,10,Nov 2030,2025
PRM/KA/RERA/1251/310/PR/121125/008243,Perody Peepal Tree,M/S Perody Builders Pvt Ltd,ongoing,12.897669,77.615086,portal_latlng,high,,Devarachikkanahalli,560076,1,19,995,1.75,4,Dec 2026,2025
PRM/KA/RERA/1251/310/PR/111125/008241,Honeycomb Sanchike,M/S. Honey Comb Builders,ongoing,12.920316,77.479333,portal_latlng,high,,Kommaghatta,560060,1,68,4575,1.75,12,Dec 2030,2025
PRM/KA/RERA/1251/308/PR/101125/008234,Vrl Royal Homes,M/S Vrl Constructions,new,12.881895,77.788513,portal_latlng,high,,Sarjapura,562125,1,68,3035,2.0,12,Jun 2027,2025
PRM/KA/RERA/1251/446/PR/101125/008235,Akasha By Essem18,Essem18 Developers Private Limited,ongoing,13.05107,77.646556,portal_latlng,high,,Horamavu,560036,1,85,4750,2.99,15,May 2029,2025
PRM/KA/RERA/1251/310/PR/061125/008228,Jyothi Nivas,Sai Kiran Constructions,ongoing,12.904883,77.517995,portal_latlng,high,,Badamanavarthekaval,560098,1,14,2311,1.64,3,Jun 2026,2025
PRM/KA/RERA/1251/309/PR/051125/008225,Opera Akshar,Opera Structures,new,12.931385,77.588873,portal_latlng,high,,Byrasandra,560011,1,15,1223,1.74,3,Aug 2028,2025
PRM/KA/RERA/1251/472/PR/031125/008217,Vajram Chrysanthemum,Vajram Estates Private Limited,new,13.135679,77.563049,portal_latlng,high,,Ramagondanahalli,560064,4,115,13860,1.74,5,Mar 2029,2025
PRM/KA/RERA/1250/304/PR/301025/008211,Sowparnika Whispering Petals,Sowparnika Green Meadows Private Limited,new,13.098524,77.811347,portal_latlng,high,,Dandupalya,562114,3,762,25040,2.75,43,Sep 2032,2025
PRM/KA/RERA/1251/309/PR/291025/008205,Ssvd Gokulam,Ssvd,new,12.968547,77.485377,portal_latlng,high,,Doddagollarahatti,560091,1,40,2023,2.25,7,Jul 2028,2025
PRM/KA/RERA/1251/446/PR/281025/008200,Ankuraa Pristine Park,Ankuraa Homes,new,12.972093,77.762415,portal_latlng,high,,Hagadur,560066,1,171,12140,2.25,29,Dec 2028,2025
PRM/KA/RERA/1250/304/PR/271025/008191,Jp Iris Block-A,Jp Housing Corporation,new,13.058027,77.787162,portal_latlng,high,,Doddagattiganabbe,562114,1,92,6045,1.495,16,Dec 2028,2025
PRM/KA/RERA/1251/446/PR/271025/008195,Dsr Evoq,Dsr Green Homes,new,12.988213,77.764834,portal_latlng,high,,Kadugodi,560066,3,448,31580,93701.9,25,Dec 2029,2025
PRM/KA/RERA/1251/446/PR/181025/008182,Century Mirai Ph1,Century Silicon City Private Limited,new,12.948662,77.702679,pin_centroid,low,PIN 560037 median of 17 located projects,Marathahalli,560037,5,475,38033,3.0,16,Oct 2030,2025
PRM/KA/RERA/1251/309/PR/181025/008181,Adarsh Palm Acres Phase 3,Adarsh Nivaas Private Limited,new,13.162123,77.663328,portal_latlng,high,,Bagalur,562157,196,196,125045,0.492,2,Sep 2031,2025
TOR/PRM/KA/RERA/1251/309/PR/251018/002011,Manyam Skypark,Sohan Reaalty,ongoing,13.093472,77.601318,portal_boundary,high,,Kempegowda Ward,nan,,,8093,,,May 2021,2025
PRM/KA/RERA/1251/308/PR/171025/008179,Sipani City Phase-1,Sipani Properties Pvt Ltd,new,12.92248,77.80774,portal_latlng,high,,Kugur,562125,8,771,41425,2.25,17,Dec 2030,2025
PRM/KA/RERA/1251/446/PR/171025/008178,Le Chateau Oval,Le Chateau Developers Llp,new,12.88641,77.6909,portal_latlng,high,,Gattahalli,560035,2,46,8498,1.704,4,Nov 2028,2025
PRM/KA/RERA/1250/304/PR/161025/008176,United Suvarna Homes,United Suvarna Homes,new,12.986692,77.816982,portal_latlng,high,,Muthkur,560117,2,156,9914,2.249,13,Sep 2029,2025
PRM/KA/RERA/1251/446/PR/151025/008173,Neighbourhood Tree Park,Neighbourhood Estates,new,13.076845,77.748066,portal_latlng,high,,Cheemasandra,560049,1,93,35815,0.85,16,Dec 2028,2025
PRM/KA/RERA/1251/308/PR/151025/008168,Humming Gardens,Misi Infraa Sr Properties Private Limited,new,12.91706,77.764624,portal_latlng,high,,Kathriguppe,560085,2,12,2858,1.13,2,Dec 2029,2025
PRM/KA/RERA/1251/446/PR/151025/008172,Mythri Street,Mythri Builders,ongoing,12.884069,77.701662,portal_latlng,high,,Gattahalli,560035,1,219,11541,2.25,37,Dec 2029,2025
PRM/KA/RERA/1251/308/PR/141025/008167,Rrl Palm Altezze,Rrl Builders And Developers Private Limited,ongoing,12.92579,77.782864,portal_latlng,high,,Neriga,560087,1,115,7891,1.99,20,Sep 2030,2025
PRM/KA/RERA/1251/310/PR/131025/008160,Sobha Magnus,Sobha Limited,new,12.875903,77.587142,portal_latlng,high,,Chunchaghatta,560076,5,294,23669,2.25,10,May 2030,2025
PRM/KA/RERA/1251/446/PR/091025/008154,Synergy,Trendsquares Developers,new,12.88234,77.69396,portal_latlng,high,,Gattahalli,560035,1,115,5969,2.25,20,Sep 2028,2025
PRM/KA/RERA/1251/308/PR/091025/008153,The Clan,M/S. Global Edifice Infra,ongoing,12.857972,77.797833,portal_latlng,high,,Sarjapura,562125,1,258,13304,2.49,43,Dec 2028,2025
PRM/KA/RERA/1251/310/PR/081025/008140,Vaishnavi At-One Krishna Brindavan,Vaishnavi At-One Infrastructure Llp,new,12.911237,77.568472,portal_latlng,high,,Banashankari Temple ward,560078,2,359,19930,3.24,30,Jun 2030,2025
PRM/KA/RERA/1251/472/PR/081025/008149,Nupeak,Brick By Brick Studios,ongoing,13.112742,77.571694,portal_latlng,high,,Someshwara Ward,560064,1,28,1858,1.74,5,Dec 2027,2025
PRM/KA/RERA/1251/308/PR/081025/008144,Adna Life Square,Adna Projects Llp,new,12.783047,77.704587,portal_latlng,high,,Marasur,560099,1,100,14063,0.91,17,Nov 2029,2025
PRM/KA/RERA/1251/308/PR/031025/008136,Aiikya Forestscape,Swagatham Constructions Private Limited,new,12.76426,77.632343,portal_latlng,high,,Bommandahalli,560105,4,360,16086,2.0,15,Sep 2028,2025
PRM/KA/RERA/1251/310/PR/300925/008134,King'S Pegasus,King'S Developers & Infrastructure,ongoing,12.926897,77.589777,portal_latlng,high,,Byrasandra,560041,1,19,752,2.5,4,Dec 2026,2025
PRM/KA/RERA/1251/446/PR/300925/008135,World Of Gardens,Rlp Trendsquares Projects Private Limited,new,13.003487,77.735687,portal_latlng,high,,Hudi,560067,4,648,47284,2.25,27,Sep 2030,2025
PRM/KA/RERA/1251/308/PR/260925/008125,Felicity Oasis,Build 4U Infra Private Limited,new,12.878329,77.786889,portal_latlng,high,,Sarjapura,562125,1,52,3819,1.41,9,Dec 2028,2025
PRM/KA/RERA/1250/303/PR/250925/008119,Sattva Aeropolis Phase 2,Trinayani Realtors Private Limited,new,13.210746,77.672991,portal_latlng,high,,Yerthagenahalli,562157,3,554,9518,2.483,31,Oct 2028,2025
PRM/KA/RERA/1251/446/PR/250925/008120,Disha Symphony Heights,Dishahabitat Shelters Llp,new,13.067291,77.660596,portal_latlng,high,,Horamavu,560077,1,128,7993,2.25,22,Dec 2028,2025
PRM/KA/RERA/1251/310/PR/240925/008118,Snn Estates Duomont,Snn Estates Llp,new,12.888061,77.639899,portal_latlng,high,,Rupenaagrahara,560068,4,114,9326,3.25,5,Dec 2030,2025
PRM/KA/RERA/1251/310/PR/200925/008110,Azur Phase 2,Lodha Developers Limited,new,12.870882,77.622442,portal_latlng,high,,Kalena Agrahara,560068,2,214,4943,2.49,18,Dec 2030,2025
PRM/KA/RERA/1251/308/PR/190925/008108,Bhavisha Gardeniaa Phase-4,S S And Bavisha Properites,new,12.864497,77.766332,portal_latlng,high,,Hosahalli,562125,1,96,4831,1.99,16,Dec 2026,2025
PRM/KA/RERA/1251/310/PR/180925/008102,Amberstone Elanza,Srivari Ventures,new,12.849955,77.550331,portal_latlng,high,,Kannaikana Agrahara,560108,3,116,7231,1.75,7,Dec 2028,2025
PRM/KA/RERA/1251/308/PR/180925/008100,Arka Siddhi Pinnacle,Arka Build Con,ongoing,12.83942,77.7012,portal_latlng,high,,Andapura,560099,1,130,5564,2.23,22,Jul 2027,2025
PRM/KA/RERA/1250/304/PR/160925/008096,Aakriti Emerald,Aakriti Projects,new,13.068975,77.80375,portal_latlng,high,,Ganagalur,562114,1,130,6373,1.995,22,Aug 2028,2025
PRM/KA/RERA/1251/310/PR/160925/008097,Amberstone Illumina,Srivari Dwellings,new,12.850262,77.566858,portal_latlng,high,,Bilwaradahalli,560061,1,64,3392,2.22,11,Dec 2028,2025
PRM/KA/RERA/1251/309/PR/150925/008090,Ezzy Elite,M/S. Ezzy Dickenson,new,12.980518,77.611724,portal_latlng,high,,Ulsoor,560005,1,18,1784,2.25,3,Jul 2028,2025
TOR/PRM/KA/RERA/1251/446/PR/250915/000308,Ramky Fortuna,Ithaca Estates Private Limited,ongoing,13.01506,77.680511,portal_boundary,high,,Medahalli,nan,,,79621,,,Dec 2030,2025
PRM/KA/RERA/1250/304/PR/150925/008093,Eeshanya Aaroha,Eeshanya Infra Llp,new,12.986662,77.814878,portal_latlng,high,,Muthkur,562114,1,120,5665,2.25,20,May 2028,2025
PRM/KA/RERA/1251/472/PR/110925/008087,Tvs Emerald Auralis,Emerald Haven Residences Private Limited,new,13.117629,77.634112,portal_latlng,high,,Kogilu,560064,6,393,15023,3.0,11,Jun 2030,2025
PRM/KA/RERA/1251/308/PR/110925/008089,Gravity Smera Gardens,Gravity Properties,new,12.772616,77.749708,portal_latlng,high,,Muthasandra,562107,9,95,23876,0.45,2,Jul 2028,2025
PRM/KA/RERA/1251/472/PR/110925/008086,Casagrand Estancia,Casa Grande Garden City Builders Pvt Ltd,new,13.109667,77.62648,portal_latlng,high,,Agrahara,560042,3,429,29613,2.25,24,Oct 2030,2025
PRM/KA/RERA/1251/308/PR/100925/008082,A B Anantha,Amaravathi Builders,ongoing,12.832258,77.688399,portal_latlng,high,,Bommasandra,560100,1,32,1615,1.45,6,Jan 2027,2025
PRM/KA/RERA/1251/310/PR/100925/008078,Palladium Live Spaces,Palladium Projects,ongoing,12.88575,77.585,portal_latlng,high,,RBI layout,560078,1,24,1267,1.96,4,Dec 2029,2025
PRM/KA/RERA/1251/310/PR/090925/008077,Trilok Premium Apartments,Naresh Kumar H,new,12.966554,77.59078,portal_latlng,high,,Sampangiram Nagar,560098,1,16,1314,1.65,3,Aug 2028,2025
PRM/KA/RERA/1250/303/PR/090925/008075,The Roots,Srk Infra Projects Private Limited,new,13.213801,77.653234,portal_latlng,high,,Pujanahalli,562110,15,100,21168,2.0,2,Jul 2030,2025
PRM/KA/RERA/1250/304/PR/080925/008070,Leafy Delight,Leafy Realty Llp,new,12.919027,77.801715,portal_latlng,high,,Kamanahalli,560087,1,67,3844,1.99,12,Mar 2028,2025
PRM/KA/RERA/1251/309/PR/060925/008064,Bhartiya Garden Estate Phase-2,Bhartiya Urban Pvt Ltd,new,13.19951,77.64099,portal_latlng,high,,Tharabanahalli,562157,8,607,115738,2.5,13,Feb 2031,2025
PRM/KA/RERA/1251/309/PR/060925/008065,Bhartiya Garden Estate Phase-3,Bhartiya Urban Pvt Ltd,new,13.198648,77.640381,portal_latlng,high,,Meenakunte,562157,3,543,115738,2.5,31,Aug 2031,2025
PRM/KA/RERA/1251/308/PR/040925/008056,Srinis Pristine,Srinivasa Constructions,new,12.882833,77.765948,portal_latlng,high,,Yamare,562125,1,76,4047,2.0,13,Dec 2028,2025
PRM/KA/RERA/1251/308/PR/040925/008062,Grc Savora,Grc Infra,new,12.88448,77.68182,portal_latlng,high,,Rayasandra,560099,6,150,10825,1.747,5,Mar 2029,2025
PRM/KA/RERA/1251/446/PR/040925/008059,Nagama Serenity,Visalakshi Housing Projects,ongoing,13.054503,77.668292,portal_latlng,high,,Bengaluru East,560077,1,63,3724,2.24,11,Jun 2030,2025
PRM/KA/RERA/1251/309/PR/040925/008061,Saideep Hiranya,Shri Saideep Srinidhi Buildcon Llp,new,12.960068,77.716304,portal_latlng,high,,Whitefield,560037,1,145,9965,1.75,25,Dec 2029,2025
PRM/KA/RERA/1251/446/PR/020925/008054,Bandu Eco Crest,Snark Developers,new,12.894435,77.712618,portal_latlng,high,,Bengaluru East,560099,1,110,22384,2.0,19,Dec 2030,2025
PRM/KA/RERA/1251/446/PR/020925/008044,The Earthscape Phase-1,M/S Bricks And Milestones Projects Llp,new,12.917059,77.730999,portal_latlng,high,,Sulikunte,560087,6,648,34742,1.18,18,Aug 2030,2025
PRM/KA/RERA/1251/310/PR/290825/008040,Bhoomika Mayflower,B M R Builders And Developers,new,12.856844,77.574922,portal_latlng,high,,Anjanapura,560083,1,94,5303,2.05,16,Dec 2030,2025
PRM/KA/RERA/1251/308/PR/290825/008042,Varshith Vistas,Varshith Ventures,ongoing,12.895702,77.784503,portal_latlng,high,,Volagerekallahalli,562125,1,32,2378,1.73,6,Dec 2030,2025
PRM/KA/RERA/1250/303/PR/290825/008041,White Lotus Amanvana,White Lotus Allied Homes Llp,new,13.230589,77.609732,portal_latlng,high,,Indrasanahalli,562110,1,95,56402,0.74,16,Dec 2030,2025
PRM/KA/RERA/1251/309/PR/260825/008037,The Formist Mandala,Formist Realty Private Limited,new,13.05167,77.600151,portal_latlng,high,,Kempapura,560024,3,245,19425,1.75,14,Mar 2030,2025
PRM/KA/RERA/1251/308/PR/260825/008033,Sri Sai Nandana Regal,Sri Sai Nandana Builders,new,12.794375,77.645019,portal_latlng,high,,Jigani,560105,1,108,6677,1.74,18,Dec 2030,2025
PRM/KA/RERA/1251/472/PR/260825/008038,Bhartiya Garden Estate Phase-1,Bhartiya Urban Pvt Ltd,new,13.198898,77.640402,portal_latlng,high,,Tharabanahalli,562157,9,797,115739,2.5,15,Aug 2030,2025
PRM/KA/RERA/1251/472/PR/250825/008026,Eternity Bs49,Eternity Structures Private Limited,new,12.974491,77.578626,portal_latlng,high,,Gandhinagar,560064,1,114,4248,9558.0,19,Apr 2028,2025
PRM/KA/RERA/1251/308/PR/220825/008023,Sri Sai Nandana Crystal,Sri Sai Nandana Builders,new,12.877812,77.761606,portal_latlng,high,,Yamare,562125,1,44,2529,1.98,8,Dec 2030,2025
PRM/KA/RERA/1251/310/PR/210825/008017,Signature 4,Nazeema Aslam,ongoing,12.932891,77.633998,portal_latlng,high,,Koramangala,560034,1,12,548,2.06,2,Dec 2028,2025
PRM/KA/RERA/1251/308/PR/210825/008019,Maruti Akrida,Maruti Ventures,new,12.798615,77.788995,portal_latlng,high,,Indlabele,562125,3,322,15580,2.49,18,Jun 2027,2025
PRM/KA/RERA/1251/308/PR/200825/008008,Amoga Sai Residency,Amoga Builders,new,12.847479,77.648464,portal_latlng,high,,Maragondahalli,560100,2,64,3122,1.75,6,Dec 2027,2025
PRM/KA/RERA/1251/446/PR/200825/008009,Ohana Block E,A-One Shelters Private Limited,new,13.02271,77.71478,portal_latlng,high,,Basavanapura,560049,1,51,2377,3.23,9,Jun 2030,2025
PRM/KA/RERA/1251/308/PR/200825/008011,Nambiar District 25 Phase 2,Nambiar Ensembleresidential Projects Llp,new,12.87807,77.75428,portal_latlng,high,,Yamare,562125,6,816,34874,146081.0,23,Aug 2030,2025
PRM/KA/RERA/1251/309/PR/200825/008010,Elegant Atmos,Elegant Atmos,new,13.094469,77.561181,portal_latlng,high,,Atturu Layout,560064,2,136,7278,3.0,12,Dec 2028,2025
PRM/KA/RERA/1251/308/PR/180825/008007,Royal Nest,Wone 8 Estates Private Limited,new,12.873064,77.811911,portal_latlng,high,,Thindlu,562125,2,104,5463,2.22,9,Jun 2028,2025
PRM/KA/RERA/1251/309/PR/160825/008002,After The Rain Phase Iii,Total Environment Building Systems Pvt Ltd,new,13.160111,77.602933,portal_latlng,high,,Nellukunte,562157,1,36,31312,0.524,6,Apr 2032,2025
PRM/KA/RERA/1251/446/PR/140825/007996,The Adwaith By Sanjeevini,Sanjeevini Properties Private Limited,new,12.927555,77.719367,portal_latlng,high,,Varthuru,560087,5,704,33260,2.99,24,Dec 2028,2025
PRM/KA/RERA/1251/308/PR/140825/008000,Suyug'S Saffron,Suyug Constructions,new,12.859692,77.770191,portal_latlng,high,,Hosahalli,562125,1,110,8278,2.0,19,Dec 2028,2025
PRM/KA/RERA/1251/309/PR/130825/007994,Amigo Palacio,Amigo Shelters Pvt Ltd,new,13.084094,77.65574,portal_latlng,high,,Kothanur,560077,1,55,4148,1.66,10,Mar 2028,2025
PRM/KA/RERA/1251/308/PR/130825/007993,Onyx,Modern Projects,new,12.88597,77.815178,portal_latlng,high,,Mahal Chowdadenahalli,562125,6,624,40468,2.49,18,Mar 2031,2025
PRM/KA/RERA/1250/303/PR/110825/007990,Varnam Phase 1C,One Bangalore Luxury Projects Llp,new,13.192285,77.668517,portal_latlng,high,,Settigere,562157,4,298,14211,0.58,13,Mar 2031,2025
PRM/KA/RERA/1250/303/PR/110825/007989,Varnam Phase 1B,One Bangalore Luxury Projects Llp,new,13.192276,77.668522,portal_latlng,high,,Settigere,562157,4,285,40827,0.58,12,Aug 2030,2025
PRM/KA/RERA/1250/303/PR/110825/007988,Varnam Phase 1A,One Bangalore Luxury Projects Llp,new,13.193686,77.666602,portal_latlng,high,,Akkalenahalli Mallenahalli,562157,4,48,12125,0.58,2,Aug 2030,2025
PRM/KA/RERA/1251/308/PR/070825/007986,Anrai Clusters,Misi Infraa Sr Properties Private Limited,new,12.910066,77.785135,portal_latlng,high,,Chikkadasarahalli,560087,1,65,3996,1.98,11,Dec 2029,2025
PRM/KA/RERA/1251/308/PR/060825/007982,Binary Etania,Binary Ventures,new,12.857562,77.765079,portal_latlng,high,,Hosahalli,562125,1,128,8093,2.24,22,Dec 2029,2025
PRM/KA/RERA/1251/446/PR/060825/007979,Adithi Eternia,Adithi Developers,ongoing,12.920712,77.729109,portal_latlng,high,,Varthuru,560087,1,90,4932,2.25,15,Dec 2028,2025
PRM/KA/RERA/1251/446/PR/280725/007956,Nava Skanda Bellavita,Nava Skanda Projects,new,13.064347,77.658813,portal_latlng,high,,Horamavu,560077,2,360,18127,2.5,30,Dec 2029,2025
PRM/KA/RERA/1251/446/PR/230725/007949,The Pearl Paradise,Sri Sai Infra Projects,ongoing,13.070935,77.661038,portal_latlng,high,,Kyalasanahalli,560077,1,32,1903,1.75,6,Dec 2026,2025
PRM/KA/RERA/1251/446/PR/210725/007940,The Golden Gate House,Samyuktha Shelters,ongoing,13.033689,77.663872,portal_latlng,high,,Kalkere,560043,1,36,1765,2.24,6,May 2027,2025
PRM/KA/RERA/1251/308/PR/210725/007941,Mana Skanda The Right Life T6,Neobuild Ventures Llp,new,12.899057,77.747858,portal_latlng,high,,Dommasandra Nmct,560087,1,126,126210,3.0,21,Jun 2030,2025
PRM/KA/RERA/1251/308/PR/210725/007939,Mana Skanda The Right Life T45,Neobuild Ventures Llp,new,12.899057,77.747858,portal_latlng,high,,Dommasandra Nmct,560087,2,592,126210,3.0,45,Jun 2030,2025
PRM/KA/RERA/1251/308/PR/110725/007908,Bren Park City,Bren Corporation Private Limited,new,12.831082,77.641275,portal_latlng,high,,Hulimangala,560105,6,616,40308,1.86,18,Jun 2029,2025
PRM/KA/RERA/1250/304/PR/110725/007910,Whispers Of Bliss,Venkateswara Creators,ongoing,12.938959,77.784235,portal_latlng,high,,Muthasandra,560087,1,12,2378,1.18,2,Dec 2026,2025
PRM/KA/RERA/1251/308/PR/080725/007900,Adarsh Welkin Park Phase 2,Akarshak Realty Private Limited,new,12.868635,77.687247,portal_latlng,high,,Chikkanagamangala,560099,3,1378,204378,2.246,45,Mar 2030,2025
PRM/KA/RERA/1251/308/PR/050725/007897,Neon,Modern Projects,new,12.870363,77.805154,portal_latlng,high,,Thindlu,562125,3,292,16945,2.49,17,Dec 2030,2025
PRM/KA/RERA/1250/303/PR/050725/007893,Merusri Sunscape,Merusri Sunscape Llp,new,13.233031,77.660243,portal_latlng,high,,Doddappanahalli,562110,1,76,20942,0.78,13,Mar 2030,2025
PRM/KA/RERA/1251/310/PR/050725/007895,Kamadhenu Heights,G M Developers,new,13.037171,77.683714,portal_latlng,high,,Kalkere,562157,1,116,5141,2.24,20,Dec 2030,2025
PRM/KA/RERA/1250/304/PR/050725/007898,Anahata Phase - 2,Ishtika Vibranium Developers Llp,new,12.981599,77.793426,portal_latlng,high,,Harohalli,560067,2,181,8058,2.49,16,Jul 2029,2025
PRM/KA/RERA/1251/310/PR/050725/007892,Serene Homes,Sridhar Construction (Prop. Sridhar),ongoing,12.859324,77.571754,portal_latlng,high,,Anjanapura,560108,1,32,1359,2.23,6,Nov 2028,2025
PRM/KA/RERA/1251/446/PR/010725/007889,Mighty Yuva,Mighty Homes,new,13.028744,77.750467,portal_latlng,high,,Kumbena Agrahara,560067,1,68,3730,2.25,12,Sep 2027,2025
PRM/KA/RERA/1250/303/PR/300625/007887,Barca Ii At Godrej Msr City,M S Ramaiah Ventures Llp,new,13.193602,77.657408,portal_latlng,high,,Doddajala,562110,8,602,34326,0.44,13,Dec 2030,2025
PRM/KA/RERA/1251/446/PR/300625/007888,Brigade Avalon,Brigade Enterprises Ltd,new,12.96544,77.74834,portal_latlng,high,,Whitefield,560066,3,206,17604,3.0,12,Mar 2030,2025
PRM/KA/RERA/1251/310/PR/300625/007883,Sri Sri Sattva,Sri Sumeru Realty Private Limited,new,12.815556,77.505194,portal_latlng,high,,Kaggalipura,560082,5,418,38900,2.24,14,Mar 2033,2025
PRM/KA/RERA/1251/309/PR/300625/007877,Raja Magnum,Raja Housing Limited,new,12.986604,77.485228,portal_latlng,high,,Herohalli,560091,1,59,3942,1.75,10,Mar 2029,2025
PRM/KA/RERA/1251/310/PR/270625/007874,Jwalamala Temple Crest,Mehta Real Assets Bangalore Pvt Ltd,ongoing,12.903035,77.62405,portal_latlng,high,,Bommanahalli,560068,1,36,2448,1.75,6,Oct 2026,2025
PRM/KA/RERA/1251/446/PR/250625/007869,Cloud Forest,Shreno Limited,new,12.986254,77.75782,portal_latlng,high,,Belathur,560066,3,798,37945,3.25,45,Oct 2029,2025
PRM/KA/RERA/1251/310/PR/250625/007870,Ragam Meadows,M R Ventures,new,12.852787,77.632221,portal_latlng,high,,Bettadasanapura,560068,2,140,8498,14863.0,12,Aug 2027,2025
PRM/KA/RERA/1251/310/PR/250625/007871,Trifecta Vanto Phase-2,Trifecta Projects Private Limited,ongoing,12.875678,77.707224,portal_latlng,high,,Huskur,560035,1,202,12140,2.25,34,Mar 2028,2025
PRM/KA/RERA/1251/446/PR/240625/007866,Brigade Lakecrest,Brigade Enterprises Ltd,new,13.023583,77.716384,portal_latlng,high,,Basavanapura,560049,4,604,28024,3.25,26,Mar 2030,2025
PRM/KA/RERA/1251/310/PR/240625/007865,Sbr Global Queens Ville,Sbr Builders,new,12.888396,77.442879,portal_latlng,high,,Kumbalagodu,560074,14,441,32779,2.249,6,Dec 2029,2025
PRM/KA/RERA/1251/310/PR/210625/007861,Amrutha Lake Vista,Amrutha Shelters Private Limited,new,13.031358,77.748548,portal_latlng,high,,Kumbena Agrahara,560067,5,523,18818,3.59,18,Apr 2031,2025
PRM/KA/RERA/1251/446/PR/210625/007863,Solace - A Sindhuri Infra Project,Sindhuri Infra Projects,ongoing,13.000363,77.6293,portal_latlng,high,,Maruthi Seva Nagar,560033,1,12,631,2.25,2,Dec 2027,2025
PRM/KA/RERA/1251/310/PR/190625/007855,Soul Of The Seasons - Phase 1,Nbr Projects Llp,new,12.9041,77.7396,portal_latlng,high,,Dommasandra Nmct,560087,2,282,20259,2.25,24,Nov 2029,2025
PRM/KA/RERA/1251/310/PR/190625/007853,Aydin Infra Signature 3,Aydin Infra,ongoing,12.933187,77.634135,portal_latlng,high,,Koramangala,560034,1,12,649,2.14,2,Aug 2027,2025
PRM/KA/RERA/1251/308/PR/170625/007842,Inspira Winds Of Life,M/S Iinspira Eco Springs Private Limited,new,12.85855,77.78109,portal_latlng,high,,Sarjapura,562125,2,224,18918,1.75,19,May 2030,2025
PRM/KA/RERA/1251/309/PR/170625/007843,Pelican Gardens,Jakkur Views Developers Private Limited,new,13.084664,77.607109,portal_latlng,high,,Jakkuru,560064,4,78,12646,2.25,4,Jul 2030,2025
PRM/KA/RERA/1251/446/PR/170625/007844,Nithya Infra Sunshine,Nithya Infra Sunshine,new,13.030448,77.63839,portal_latlng,high,,Babusab Palya,560043,1,40,2332,1.75,7,Dec 2027,2025
PRM/KA/RERA/1251/446/PR/130625/007823,Suraksha Sunrise Park,Suraksha Infraa,new,12.811722,77.780128,portal_latlng,high,,Bidaraguppe,562107,1,40,2629,1.75,7,Mar 2028,2025
PRM/KA/RERA/1251/446/PR/130625/007829,Ssvd Serenity,Sri Sai Venkateshwara Developers,new,13.009322,77.759488,portal_latlng,high,,Bengaluru East,560049,1,56,2803,2.24,10,Jun 2029,2025
PRM/KA/RERA/1251/310/PR/130625/007828,Assetz Meru & Meadow,Gokulam Shelters Private Limited,new,12.8873,77.5533,portal_latlng,high,,Vasanthpura,560062,2,520,22921,82447.0,44,Nov 2030,2025
PRM/KA/RERA/1251/310/PR/130625/007825,Skav Madhura,Teamview Developers Llp,new,12.873203,77.539214,portal_latlng,high,,Hemmigepura,560062,1,111,4428,3.0,19,Feb 2031,2025
PRM/KA/RERA/1251/310/PR/130625/007830,Pramuk Mm Magnus,Pramuk Infracon Llp,ongoing,12.9305,77.573928,portal_latlng,high,,Umamaheshwara Ward,560070,1,95,6497,2.5,16,May 2029,2025
PRM/KA/RERA/1251/308/PR/120625/007818,Vasudharini Nest,Vasudharini Homes Llp,new,12.890598,77.803878,portal_latlng,high,,Doddathimmasandra,562125,1,84,4653,1.99,14,Mar 2028,2025
PRM/KA/RERA/1251/310/PR/120625/007819,Shriram Songs Of The Earth,Shriram Properties Limited,new,12.772861,77.73202,portal_latlng,high,,Marasur Agrahara,560099,6,344,16256,2.744,10,Apr 2030,2025
PRM/KA/RERA/1251/309/PR/110625/007817,Godrej Tiara,Godrej Properties Limited,new,13.028535,77.537212,portal_latlng,high,,Chatrapati Shivaji,560022,3,346,19964,3.5,20,May 2030,2025
PRM/KA/RERA/1251/446/PR/050625/007809,Lvs Greenwoods,Lvs Builders Llp,ongoing,13.037675,77.707136,portal_latlng,high,,I T I Notified Area,560036,2,138,6574,2.25,12,Jun 2027,2025
PRM/KA/RERA/1251/446/PR/040625/007808,Tru Aquapolis,Tru Infra Projects And Realty Llp,new,12.94618,77.74915,portal_latlng,high,,Varthuru,560087,3,310,11306,42741.0,18,Apr 2029,2025
PRM/KA/RERA/1251/308/PR/020625/007803,Gr Swara,Ranke Infra Llp,new,12.884694,77.678118,portal_latlng,high,,Rayasandra,560099,8,57,11760,1.75,2,Jan 2029,2025
PRM/KA/RERA/1251/446/PR/300525/007802,Mythri Sity,Mythri Builders,ongoing,12.885437,77.701612,portal_latlng,high,,Gattahalli,560087,2,468,20243,2.25,39,Aug 2029,2025
PRM/KA/RERA/1251/446/PR/290525/007795,Saiven Six Senses,Saiven Developers And Constructions Pvt Ltd,new,12.904733,77.670396,portal_latlng,high,,Doddakanahalli,560035,1,169,11593,2.24,29,Apr 2030,2025
PRM/KA/RERA/1251/308/PR/280525/007785,Haven,Lodha Developers Limited,new,12.890395,77.673339,portal_latlng,high,,Anekal,560035,4,304,21903,2.25,13,Jun 2030,2025
PRM/KA/RERA/1251/446/PR/280525/007790,Mythri Sikharam,Mythri Builders,ongoing,12.895621,77.701433,portal_latlng,high,,Bengaluru East,560087,2,182,8407,2.25,16,Mar 2029,2025
PRM/KA/RERA/1251/446/PR/280525/007789,Grandus Sanctuary,Grandus Infra Projects Private Limited,ongoing,12.97495,77.702679,portal_latlng,high,,Dodda Nekkundi,560037,3,240,11128,1.96,14,Dec 2028,2025
PRM/KA/RERA/1251/309/PR/250523/007776,Construction Of 300 Du'S At Byatarayanpura,Karnataka Slum Development Board,ongoing,13.07207,77.541668,locality_name,low,"Ward name ""Kuvempunagar"" found in address",Kuvempunagar,nan,,,19800,,,Dec 2025,2025
PRM/KA/RERA/1251/309/PR/230525/007772,Magnolia Delight,Magnolia Infrastructure Development Limited,new,13.022986,77.602631,portal_latlng,high,,Kaval Bairasandra,560032,1,48,3548,2.24,8,Mar 2028,2025
PRM/KA/RERA/1251/309/PR/250523/007775,Pmay 1500 Mahalakshmipuram,Karnataka Slum Development Board,new,13.100297,77.533979,locality_name,low,"Village name ""Lakshmipura"" found in address",Lakshmipura,nan,,,99900,,,Dec 2025,2025
PRM/KA/RERA/1251/472/PR/210525/007765,Winds Of Change By Ckpc,Ckpc Residences Private Limited,new,13.142237,77.566101,portal_latlng,high,,Avalahalli,560064,9,438,30958,1.99,9,Mar 2029,2025
PRM/KA/RERA/1250/304/PR/210525/007767,Saritha Santorini,Saritha Developers,new,12.973581,77.795897,portal_latlng,high,,Muthkur,560067,198,198,54733,0.83,2,Apr 2029,2025
PRM/KA/RERA/1250/304/PR/210525/007766,Sthitha Nature Walk,Sthitha Infra Private Limited,new,13.075793,77.816043,portal_latlng,high,,Kannurahalli,562114,1,12,2630,1.5,2,Dec 2027,2025
PRM/KA/RERA/1251/310/PR/200525/007759,The Urban Forest,Keya Homes,new,12.906096,77.672621,portal_latlng,high,,Doddakanahalli,560035,2,391,29001,1.99,33,Dec 2028,2025
PRM/KA/RERA/1251/310/PR/190525/007757,M R Serenity,M R Developers,ongoing,12.891997,77.646453,portal_latlng,high,,Ibluru,560068,2,170,7790,17502.6,15,Dec 2029,2025
PRM/KA/RERA/1251/308/PR/160525/007753,Midori,Tattvam Ventures,new,12.885489,77.790111,portal_latlng,high,,Sarjapura,562125,11,117,21979,1.27,2,Nov 2028,2025
PRM/KA/RERA/1251/472/PR/150525/007747,Sumuk Square-2,Sumuk Projects,new,13.082615,77.550712,portal_latlng,high,,Kuvempunagar,560098,1,79,3059,2.63,14,Apr 2029,2025
PRM/KA/RERA/1251/309/PR/140525/007742,Alpine Pyramid - Iris,Alpine Housing Development Corporation Limited,new,13.071676,77.613914,portal_latlng,high,,Jakkuru,560097,1,109,6792,2.25,19,Apr 2028,2025
PRM/KA/RERA/1251/446/PR/140525/007741,Vintage Valley,Reviva Projects,ongoing,12.986279,77.771393,portal_latlng,high,,Kadugodi,560067,1,48,2326,2.16,8,Jan 2030,2025
PRM/KA/RERA/1251/308/PR/130525/007735,Reviva By Ssi,Sri Sai Infra,ongoing,12.795149,77.693242,portal_latlng,high,,Ramakrishnapura,562106,2,234,12037,2.25,20,Dec 2028,2025
PRM/KA/RERA/1250/303/PR/130525/007737,Hydenben Clifton,Hydenben Developers Llp,new,13.213167,77.649194,portal_latlng,high,,Sadahalli,562110,2,98,6374,1.74,9,Apr 2028,2025
PRM/KA/RERA/1250/303/PR/090525/007731,Surya Serene Skyline,Surya Serene Skyline,new,13.229721,77.692315,portal_latlng,high,,Doddasanne,562110,2,117,7515,2.0,10,Dec 2028,2025
PRM/KA/RERA/1251/446/PR/090525/007732,Ashish Krishna Maple,Aashish Developers,new,12.948605,77.720642,portal_latlng,high,,Munnekollala,560066,2,63,7539,1.55,6,Dec 2027,2025
PRM/KA/RERA/1251/472/PR/080525/007728,Assetz Zen & Sato,Apg Townships Private Limited,new,13.1225,77.634,portal_latlng,high,,Yelahanka,560064,4,456,27927,3.0,19,May 2030,2025
PRM/KA/RERA/1250/303/PR/080525/007730,Sattva Vasanta Skye,Sattva Resi Private Limited,new,13.206809,77.659778,portal_latlng,high,,Akkalenahalli Mallenahalli,562110,16,1077,64041,2.499,12,May 2031,2025
PRM/KA/RERA/1251/309/PR/070525/007719,Casagrand Promenade,Casa Grande Garden City Builders Pvt Ltd,new,13.092409,77.556308,portal_latlng,high,,Atturu Layout,560064,1,223,15712,2.25,38,Aug 2029,2025
PRM/KA/RERA/1251/308/PR/050525/007712,Klassik Exotica,Klassik Enterprises Private Limited,ongoing,12.84161,77.775246,portal_latlng,high,,Bilchikkanahalli,562125,2,117,7588,18947.0,10,Mar 2027,2025
PRM/KA/RERA/1251/309/PR/030525/007710,Aratt Alchemy Essence,Aratt Alchemy Essence Llp,new,13.068192,77.665989,portal_latlng,high,,Kyalasanahalli,560077,2,188,10048,2.25,16,Mar 2030,2025
PRM/KA/RERA/1251/308/PR/030525/007706,Sparkle Atmos,Barmecha Properties,new,12.739339,77.700851,portal_latlng,high,,Chikka Hagade,562106,2,126,8397,1.75,11,Dec 2028,2025
PRM/KA/RERA/1251/472/PR/290425/007704,Echoes Of Eden By Sumo,Echoes Of Eden,new,13.203938,77.637226,portal_latlng,high,,Navarathna Agrahara,562157,3,57,8094,2.02,4,Apr 2030,2025
PRM/KA/RERA/1250/304/PR/290425/007702,Anahata,Ishtika Vibranium Developers Llp,new,12.98138,77.793297,portal_latlng,high,,Harohalli,560067,3,259,11068,2.49,15,Mar 2029,2025
PRM/KA/RERA/1251/446/PR/290425/007699,Madhura Gardens,Markon Homes,new,12.947155,77.765123,portal_latlng,high,,Varthuru,560087,1,80,22102,0.94,14,Apr 2030,2025
PRM/KA/RERA/1251/308/PR/290425/007698,Vrr Golden Enclave Phase-Iii,H.N.Vijayaraghava Reddy Co,ongoing,12.823555,77.65277,portal_latlng,high,,Vabasandra,560100,1,13,3569,0.915,3,Jun 2027,2025
PRM/KA/RERA/1251/446/PR/250425/007694,Nvt Oikos,Nvt Quality Lifestyle Homes Llp,new,12.98,77.74,portal_latlng,high,,Belathur,560066,1,29,9029,1.44,5,Dec 2029,2025
PRM/KA/RERA/1251/309/PR/250425/007696,Slv Sunshine,Slv Sunshine Estates Private Limited,ongoing,13.085,77.6069,portal_latlng,high,,Jakkuru,560064,1,71,4248,1.84,12,Mar 2027,2025
PRM/KA/RERA/1251/446/PR/240425/007690,Sv Green View,Sri Venkateshwara Constructions,new,13.015633,77.766391,portal_latlng,high,,Kadgodi Nmct,560067,1,174,9408,1.75,29,Dec 2028,2025
PRM/KA/RERA/1251/308/PR/240425/007691,S S Serenity,S.S. Developers,ongoing,12.864933,77.786332,portal_latlng,high,,Sarjapura,562125,1,112,5766,1.98,19,Oct 2027,2025
PRM/KA/RERA/1251/446/PR/230425/007688,Mirabelle Phase 2,G Corp Homes Private Limited,new,13.050562,77.625064,portal_latlng,high,,Jakkuru,560077,2,284,4252,2.99,24,May 2030,2025
PRM/KA/RERA/1251/446/PR/230425/007689,Amogaya Adorit,M/S Amogaya Projects,ongoing,13.061152,77.755179,portal_latlng,high,,Bidarena Agrahara,560049,2,130,7714,2.499,11,Mar 2030,2025
PRM/KA/RERA/1251/446/PR/220425/007683,Avana Floresta,Avana Constructions,new,12.893265,77.719,portal_latlng,high,,Bengaluru East,560087,1,30,2367,1.59,5,Jan 2028,2025
PRM/KA/RERA/1251/310/PR/210425/007679,Mamtha Paradise,Mamtha Dream Works Private Limited,ongoing,12.913945,77.541017,portal_latlng,high,,Subramanyapura,560061,1,73,3641,8817.0,13,Jun 2028,2025
PRM/KA/RERA/1250/304/PR/170425/007676,Bhuvana Boulevard Phase 2,Vspr Developers,ongoing,12.935147,77.780037,portal_latlng,high,,Janthagondanahalli,560087,1,28,5768,1.06,5,Dec 2030,2025
PRM/KA/RERA/1251/310/PR/170425/007674,Straatosphere,Everfine Buildcon Llp,ongoing,12.909848,77.586027,portal_latlng,high,,Sarakki,560078,1,32,3706,3.4,6,Nov 2028,2025
PRM/KA/RERA/1251/446/PR/170425/007675,Jai Kings Land,Jai Shelters,new,12.997393,77.73063,portal_latlng,high,,Hudi,560048,1,378,17401,2.08,45,Dec 2028,2025
PRM/KA/RERA/1250/304/PR/170425/007677,Bhuvana Boulevard Phase 1,Vspr Developers,ongoing,12.935147,77.780037,portal_latlng,high,,Janthagondanahalli,560087,1,28,5703,1.09,5,Dec 2030,2025
PRM/KA/RERA/1251/310/PR/160425/007668,Mahindra Newhaven,Mahindra Lifespace Developers Limited,new,12.871308,77.642053,portal_latlng,high,,Begur,560068,1,119,9611,2.24,20,Dec 2029,2025
PRM/KA/RERA/1251/309/PR/150425/007665,Mln Enclave,Mln Developers,ongoing,13.082701,77.624499,portal_latlng,high,,Kogilu,560064,1,24,1391,1.91,4,Dec 2026,2025
PRM/KA/RERA/1251/446/PR/150425/007664,Coevolve Misty Shores,Coevolve East End Ventures Llp,ongoing,12.977309,77.737495,portal_latlng,high,,Whitefield,560066,1,153,9610,237053.0,26,Dec 2029,2025
PRM/KA/RERA/1251/310/PR/090425/007663,Tg Legacy,Tg Prime Realty Private Limited,new,12.865585,77.695369,portal_latlng,high,,Chikkanagamangala,560099,2,210,11938,2.25,18,Dec 2030,2025
PRM/KA/RERA/1251/446/PR/070425/007653,Mythri Sankalp Dkm,Mythri Builders,ongoing,13.033035,77.70038,portal_latlng,high,,I T I Notified Area,560049,1,101,4780,12.0,17,Dec 2027,2025
PRM/KA/RERA/1251/310/PR/070425/007658,Jrc Wild Woods Phase Iii,M/S Jrc Projects,ongoing,12.8661,77.6761,portal_latlng,high,,Konappana Agrahara,560099,2,115,6843,0.274,10,Nov 2028,2025
PRM/KA/RERA/1251/446/PR/070425/007655,Slv Enclave,Slv Builders And Developers,ongoing,13.005063,77.73579,portal_latlng,high,,Hudi,560067,1,70,3072,2.25,12,Mar 2029,2025
PRM/KA/RERA/1251/446/PR/070425/007656,Ashraya Meadows,Ashraya Constructions,ongoing,13.011669,77.763871,portal_latlng,high,,Bengaluru East,560067,1,36,1847,1.74,6,Dec 2029,2025
PRM/KA/RERA/1251/308/PR/050425/007652,Signature Premier,Signature Dwellings Private Limited,new,12.910157,77.786608,portal_latlng,high,,Chikkadasarahalli,562125,1,109,8093,1.99,19,Mar 2028,2025
PRM/KA/RERA/1251/446/PR/040425/007650,Samhita Finesse,Samhita Estates Llp,new,13.04238,77.749166,portal_latlng,high,,Dommasandra,560049,1,24,2023,1.749,4,Dec 2028,2025
PRM/KA/RERA/1250/303/PR/010425/007644,Barca At Godrej Msr City,M S Ramaiah Ventures Llp,new,13.196904,77.654865,portal_latlng,high,,Akkalenahalli Mallenahalli,562110,31,1961,69817,1.37,11,Mar 2030,2025
PRM/KA/RERA/1251/308/PR/290325/007643,Vrushabadri Spring Park,Vrushabadri Developers,ongoing,12.90471,77.77777,portal_latlng,high,,Volagerekallahalli,560087,2,140,7927,2.0,12,Mar 2029,2025
PRM/KA/RERA/1250/304/PR/280325/007637,Rings Avenue,Varasinduri Properties,new,13.077329,77.828151,portal_latlng,high,,Arlemakanahalli Plantation,562114,2,144,6778,2.0,12,Mar 2029,2025
PRM/KA/RERA/1251/308/PR/280325/007636,Assetz Trees & Tandem -Tower B,Infraedge Management Services Pvt Ltd,new,12.8741,77.71585,portal_latlng,high,,Huskur,560099,1,182,23523,1.124,31,Aug 2029,2025
PRM/KA/RERA/1251/308/PR/280325/007639,Bilva Phase-Ii By Bhavisha Homes,Bhavisha Properties,new,12.872832,77.769278,portal_latlng,high,,Kadagrahara,562125,1,226,20133,1.99,38,Apr 2027,2025
PRM/KA/RERA/1251/309/PR/280325/007635,Akshaya Enclave,Akshaya Builders,ongoing,12.96028,77.488139,portal_latlng,high,,Nalvadi Krishnaraja Wadior Park,560056,1,28,1892,2.35,5,Dec 2027,2025
PRM/KA/RERA/1251/446/PR/270325/007631,Vaishnavi Harmony,Affinity Projects,new,12.961892,77.705417,portal_latlng,high,,AECS Layout,560037,1,48,2124,1.75,8,Dec 2027,2025
PRM/KA/RERA/1251/446/PR/250325/007619,Akino,Trendsquares Realty Llp,new,12.931717,77.718419,portal_latlng,high,,Munnekollala,560087,3,394,19019,3.0,22,Aug 2029,2025
PRM/KA/RERA/1251/310/PR/250325/007625,Sumadhura Pramoda,Sumadhura Infracon Private Limited,new,12.929046,77.505929,portal_latlng,high,,Rajarajeshwari Nagar,560098,2,297,13962,3.25,25,Dec 2029,2025
PRM/KA/RERA/1251/472/PR/250325/007616,Soven Sachi,Soven Buildtech Llp,ongoing,13.093711,77.619231,portal_latlng,high,,Kogilu,560064,1,58,3928,2.25,10,Dec 2026,2025
PRM/KA/RERA/1251/310/PR/210325/007606,Platinum Landmark,Sai Properties,new,12.859017,77.571014,portal_latlng,high,,Anjanapura,560083,1,103,5673,2.25,18,Dec 2027,2025
PRM/KA/RERA/1251/308/PR/210325/007611,Mana Skanda The Right Life T789,Neobuild Ventures Llp,ongoing,12.899057,77.747858,portal_latlng,high,,Dommasandra Nmct,560087,3,825,126210,3.0,45,Dec 2029,2025
PRM/KA/RERA/1251/310/PR/210325/007603,Prestige Southern Star,Prestige Acres Private Limited,new,12.874101,77.62313,portal_latlng,high,,Kalena Agrahara,560001,14,2130,119852,2.49,26,Sep 2029,2025
PRM/KA/RERA/1251/446/PR/210325/007601,Windmere,B & M Windmere,ongoing,12.906908,77.665688,portal_latlng,high,,Doddakanahalli,560102,1,24,3210,1.66,4,Jun 2027,2025
PRM/KA/RERA/1251/310/PR/210325/007612,Provident Equinox 4,Provident Housing Limited,new,12.887087,77.468693,portal_latlng,high,,Kambipura,560060,9,756,20574,88041.0,14,Mar 2029,2025
PRM/KA/RERA/1251/446/PR/210325/007608,Concorde Eleve,Concorde Housing Corporation Pvt Ltd,new,13.034503,77.734593,portal_latlng,high,,I T I Notified Area,560064,2,142,8285,3.25,12,Dec 2030,2025
PRM/KA/RERA/1251/308/PR/200325/007598,Luxury Mark Opera,Luxury Mark Developers And Builders,new,12.783143,77.702275,portal_latlng,high,,Marasur,560099,1,88,4452,2.0,15,Dec 2026,2025
PRM/KA/RERA/1251/308/PR/190325/007593,Rainbow Mayfair,Mr Infraa,new,12.837,77.618513,portal_latlng,high,,Hullahalli,560083,1,62,15075,1.75,11,Jan 2030,2025
PRM/KA/RERA/1251/308/PR/180325/007592,Abhee Serenity Springs,Abhee Ventures Private Limited,new,12.798481,77.687642,portal_latlng,high,,Hosahalli,560099,2,288,17502,1.99,24,Jun 2030,2025
PRM/KA/RERA/1250/303/PR/170325/007590,Provident Deansgate Phase 2,Puravankara Limited,new,13.231844,77.651871,portal_latlng,high,,Kempathimmanahalli,562110,1,141,29925,24150.0,24,Mar 2028,2025
PRM/KA/RERA/1251/308/PR/170325/007589,Cynosure Sunny Groves,Cynosure Living Spaces Llp,new,12.884563,77.766734,portal_latlng,high,,Yamare,562125,3,317,19171,2.25,18,Dec 2028,2025
PRM/KA/RERA/1251/310/PR/170325/007588,Primus Sangama,Ameliorate Realtors Private Limited,new,12.869697,77.438782,portal_latlng,high,,Kaniminike,560074,1,306,10901,3.244,45,Feb 2030,2025
PRM/KA/RERA/1251/446/PR/150325/007586,Century Regalia (Project 2),Suruchi Properties Private Limited,new,12.957218,77.645725,portal_latlng,high,,Jeevanbhima Nagar,560075,1,128,18458,2.25,22,Feb 2030,2025
PRM/KA/RERA/1251/308/PR/150325/007585,Mana Vista,Mana Projects Private Limited,new,12.877134,77.698764,portal_latlng,high,,Gattahalli,560099,3,379,21752,2.0,22,Dec 2030,2025
PRM/KA/RERA/1251/446/PR/140325/007583,Adarsh Primrose,Akarsh Dwellings Private Limited,new,12.918799,77.724544,portal_latlng,high,,Varthuru,560087,2,172,9409,2.25,15,Sep 2028,2025
PRM/KA/RERA/1251/446/PR/120325/007578,Sai Srikaram,Yoga Builders,ongoing,12.981753,77.681629,portal_latlng,high,,Mahadevapura,560093,1,64,3227,1.75,11,Dec 2026,2025
PRM/KA/RERA/1251/309/PR/110325/007570,Renaissance Srichakra,Renaissance Holdings And Developers Pvt Ltd,new,13.007739,77.564876,portal_latlng,high,,Malleswaram,560055,1,8,945,1.72,2,Aug 2027,2025
PRM/KA/RERA/1251/472/PR/100325/007564,Elara Celestia,L&T Realty Developers Limited,new,13.072395,77.590494,portal_latlng,high,,Byatarayanapura,560092,3,634,40752,3.25,36,Mar 2030,2025
PRM/KA/RERA/1251/310/PR/100325/007565,Jhanavi Trishul Alaska,Jhanavi Heights Trishul Llp,new,12.862812,77.530564,portal_latlng,high,,Hemmigepura,560109,1,148,8146,2.75,25,Sep 2028,2025
PRM/KA/RERA/1251/309/PR/070325/007559,Brigade Eternia,Brigade Enterprises Ltd,new,13.096342,77.592899,portal_latlng,high,,Yelahanka Satellite Town,560064,12,1124,49622,3.23,16,Mar 2030,2025
PRM/KA/RERA/1251/308/PR/070325/007558,Life By The Greens,V4 Infra Projects,new,12.772752,77.760444,portal_latlng,high,,Manchanahalli,562107,1,50,10761,1.18,9,Mar 2028,2025
PRM/KA/RERA/1251/310/PR/060325/007555,Urban Nest By 5 Elements,5 Elements Homes,ongoing,12.88525,77.455694,portal_latlng,high,,Kumbalagodu,560060,4,288,16550,2.25,12,Dec 2029,2025
PRM/KA/RERA/1251/309/PR/060325/007556,Natures Lap By 5 Elements,5 Elements Homes,ongoing,13.057636,77.492186,portal_latlng,high,,Bagalakunte,560073,2,365,19627,2.25,31,Dec 2029,2025
PRM/KA/RERA/1251/309/PR/050325/007545,Abhee Aaria,Abhee Ventures Private Limited,new,12.914917,77.7365,portal_latlng,high,,Sulikunte,560087,5,1017,49321,2.99,34,May 2031,2025
TOR/PRM/KA/RERA/1251/310/PR/250304/000047,Ramky Lumina,Royaume Estates Private Limited,ongoing,12.866312,77.665922,portal_boundary,high,,Konappana Agrahara,nan,,,29339,,,Sep 2023,2025
PRM/KA/RERA/1251/310/PR/030325/007540,Sattva Simplicity,Sattva Resi Private Limited,ongoing,12.923413,77.505411,portal_latlng,high,,Bande Mutt,560059,8,815,16139,1.62,17,Dec 2025,2025
PRM/KA/RERA/1251/310/PR/030325/007538,J R Royale,J R Developers,ongoing,12.915506,77.50216,portal_latlng,high,,Hemmigepura,560098,1,45,2204,4949.83,8,Sep 2028,2025
PRM/KA/RERA/1251/472/PR/030325/007539,Vajram Vivera,Vajram Estates Private Limited,new,13.105145,77.615119,portal_latlng,high,,Kogilu,560064,3,375,25393,2.24,21,Feb 2030,2025
PRM/KA/RERA/1251/446/PR/010325/007535,Adarsh Tropica (Phase-2),Orchids Apartments Pvt Ltd,new,12.887694,77.691278,portal_latlng,high,,Gattahalli,560035,6,694,41530,1.956,20,Jul 2029,2025
PRM/KA/RERA/1250/303/PR/280225/007529,Park Cubix Phase 2,Sattva Resi Private Limited,ongoing,13.241316,77.720444,portal_latlng,high,,Devanhalli Rural,562110,7,798,36128,2.49,19,Sep 2029,2025
PRM/KA/RERA/1250/303/PR/280225/007530,Ebony At Brigade Orchards,Bcv Developers Pvt Ltd,new,13.227862,77.71942,portal_latlng,high,,Rayasandra,562110,4,232,13937,2.75,10,Mar 2029,2025
PRM/KA/RERA/1251/446/PR/280225/007531,Blue Meadows Phase 2,Yuva Infinity Developers,ongoing,12.941809,77.735562,portal_latlng,high,,Varthuru,560087,1,184,10825,1.74,31,Dec 2027,2025
PRM/KA/RERA/1251/446/PR/280225/007526,Lakeside Living,Lakeside Living,ongoing,12.94423,77.749034,portal_latlng,high,,Varthuru,560087,1,52,4053,7092.0,9,Jan 2028,2025
PRM/KA/RERA/1251/309/PR/250225/007525,Silver Oak Pearl,Thapovan Projects Private Limited,new,13.23043,77.549217,portal_latlng,high,,Marasandra Amanikere,562163,1,56,3136,1.75,10,Dec 2029,2025
PRM/KA/RERA/1251/472/PR/250225/007524,Ds Max Sky Shlokam,Ds Max Properties Private Limited,new,13.19788,77.635378,portal_latlng,high,,Tharabanahalli,562157,2,992,27214,1.99,45,Mar 2031,2025
PRM/KA/RERA/1251/446/PR/240225/007522,Sri Balaji Vaibhav,Sri Balaji Builders,ongoing,12.916954,77.676837,portal_latlng,high,,Doddakanahalli,560035,1,136,5669,1.75,23,Jun 2026,2025
PRM/KA/RERA/1251/446/PR/200225/007518,Drk Bellagio,M/S Drk Projects,new,13.039929,77.698057,portal_latlng,high,,I T I Notified Area,560048,2,76,12646,1.75,7,Jun 2028,2025
PRM/KA/RERA/1251/309/PR/180225/007514,Brr North Excellency Phase I,Brr Hallmark Developers Llp,new,13.058287,77.635156,portal_latlng,high,,Thanisandra,560077,1,104,5480,2.18,18,Dec 2029,2025
PRM/KA/RERA/1251/472/PR/180225/007515,Pm Garden,Prayuktha Properties Llp,new,13.179081,77.54288,portal_latlng,high,,Ithagalapura,560064,1,75,3980,1.98,13,Dec 2030,2025
PRM/KA/RERA/1251/308/PR/170225/007512,Prestige Suncrest,Prestige Estates Projects Ltd,new,12.817281,77.663957,portal_latlng,high,,Yarandahalli,560099,2,437,23738,2.49,37,Sep 2028,2025
PRM/KA/RERA/1251/310/PR/150225/007510,Avalon,Incicon-Ag,new,12.873876,77.558411,portal_latlng,high,,Konanakunte,560061,1,29,1315,2.25,5,Sep 2028,2025
PRM/KA/RERA/1251/446/PR/130225/007501,Assetz Ren & Rei,Apg Premium Residential Private Limited,new,12.8659,77.6946,portal_latlng,high,,Chikkanagamangala,560099,2,218,15378,2.247,19,Jan 2029,2025
PRM/KA/RERA/1251/308/PR/120225/007497,Ls Sakura,Living Structures,new,12.836999,77.781233,portal_latlng,high,,S Medihalli,562125,2,132,8650,2.24,11,Dec 2030,2025
PRM/KA/RERA/1251/308/PR/120225/007494,Between The Greens,Surya Builders And Developers,new,12.930318,77.765972,portal_latlng,high,,Kathriguppe,560087,1,147,36952,2.0,25,Dec 2029,2025
PRM/KA/RERA/1251/309/PR/070225/007491,Spectra Reserve,Spectra Constructions Private Limited,new,12.99704,77.587024,portal_latlng,high,,Vasanth Nagar,560020,1,9,1114,2.5,2,Aug 2028,2025
PRM/KA/RERA/1251/309/PR/070225/007490,Sudarshan Foresta,M/S Sudarshanfamily Mall Private Limited,new,13.084877,77.623596,portal_latlng,high,,Jakkuru,560064,1,64,4263,1.74,11,Jan 2030,2025
TOR/PRM/KA/RERA/1251/308/PR/250206/001087,Vistar White Pearl,Vistar Builders And Developers,ongoing,12.84627,77.737141,village_centroid,medium,"Village Muthanallur (Anekal), match 1.00, area 3.1 sq km",Muthanallur,nan,,,2654,,,Mar 2022,2025
PRM/KA/RERA/1251/446/PR/060225/007485,Infinity Greenwoods,Infinity Builders And Constructions,ongoing,12.936848,77.713668,portal_latlng,high,,Munnekollala,560087,1,84,5059,1.74,14,Dec 2026,2025
PRM/KA/RERA/1251/446/PR/060225/007487,Birla Evara,Vardhita Properties Private Limited,new,12.885231,77.703123,portal_latlng,high,,Gattahalli,560035,13,1594,104053,2.246,21,Dec 2031,2025
PRM/KA/RERA/1250/304/PR/060225/007489,Riviera Uno,Nirvana Developers,new,12.992912,77.791447,portal_latlng,high,,Harohalli,560067,19,137,50974,0.78,2,Jan 2030,2025
PRM/KA/RERA/1251/308/PR/050225/007482,Ars Zurich Phase-2,Ars Infraa,new,12.870811,77.773824,portal_latlng,high,,Sarjapura,562125,2,256,15091,2.24,22,Dec 2026,2025
PRM/KA/RERA/1251/446/PR/050225/007481,Sarang By Sumadhura Phase-Ii,Sumadhura Infracon Private Limited,new,13.026496,77.740916,portal_latlng,high,,Kodagihalli Og,560067,1,138,5281,3.343,23,Jun 2027,2025
PRM/KA/RERA/1251/310/PR/030225/007478,Grc Sapphire Spring - Phase -1,Grc Infra Pvt. Ltd.,new,12.853604,77.59299,portal_latlng,high,,Gottigere,560083,4,308,10370,1.5,13,Dec 2030,2025
PRM/KA/RERA/1251/310/PR/030225/007479,Grc Sapphire Spring - Phase -3,Grc Infra Pvt. Ltd.,new,12.853384,77.592923,portal_latlng,high,,Gottigere,560083,1,52,3507,1.5,9,Jul 2030,2025
PRM/KA/RERA/1251/308/PR/030225/007476,Subha Eden - 1,Subha Luxury Projects Llp,new,12.786688,77.695109,portal_latlng,high,,Marasur,562107,1,12,1619,1.483,2,Dec 2026,2025
PRM/KA/RERA/1251/308/PR/030225/007477,Subha Eden-2,Subha Luxury Projects Llp,new,12.786688,77.695109,portal_latlng,high,,Marasur,562107,1,14,2023,1.499,3,Dec 2026,2025
PRM/KA/RERA/1251/309/PR/010225/007473,S L V Spring Meadows,Swaayamkrushy Builders,ongoing,13.091492,77.614616,portal_latlng,high,,Kogilu,560064,2,109,5082,2.25,10,Jun 2027,2025
PRM/KA/RERA/1251/309/PR/310125/007462,Sipani Samuha,Sipani Developers Private Limited,new,13.034182,77.482685,portal_latlng,high,,Gangodanahalli,560073,1,237,8094,3.25,40,Dec 2029,2025
PRM/KA/RERA/1251/446/PR/310125/007467,In That Quiet Earth Tower 8,Total Environment Constructions Private Limited,new,13.056767,77.677236,portal_latlng,high,,Kalkere,562149,1,120,10420,2.23,20,Dec 2032,2025
PRM/KA/RERA/1251/310/PR/310125/007466,The Breeze Way,M Square Infra,ongoing,12.879225,77.587526,portal_latlng,high,,Chunchaghatta,560077,1,92,5439,1.75,16,Mar 2027,2025
PRM/KA/RERA/1251/309/PR/310125/007461,Ajmera Marina,Ajmera Housing Corporation Bangalore,new,13.10986,77.559534,portal_latlng,high,,Doddabettahalli,560064,4,330,14029,2.25,14,Dec 2028,2025
PRM/KA/RERA/1251/446/PR/300125/007457,Ncc Urban Retreat,Ncc Urban Infrastructure Limited,new,13.060818,77.656581,portal_latlng,high,,Horamavu,560077,4,50,14400,1.12,3,Jun 2028,2025
PRM/KA/RERA/1251/446/PR/300125/007459,Sln Residency,Skandas Ventures,new,13.06033,77.76311,portal_latlng,high,,Khajisonnenahalli,560099,1,28,2023,1.75,5,Dec 2026,2025
PRM/KA/RERA/1250/303/PR/300125/007458,Birla Trimaya Phase-3,Birla Arnaa Llp,new,13.187972,77.667525,portal_latlng,high,,Settigere,562110,6,463,26497,0.36,13,Aug 2030,2025
PRM/KA/RERA/1250/304/PR/290125/007454,Sowparnika Rhythm Of Rain,Sowparnika Homes Private Limited,new,12.985683,77.79412,portal_latlng,high,,Naganayakanakote,560067,1,725,24796,2.5,45,Jan 2032,2025
PRM/KA/RERA/1251/310/PR/270125/007447,Shamatha Hills,S G Developers,ongoing,12.92637,77.523674,portal_latlng,high,,Jnana Bharathi,560098,1,16,921,2.24,3,Dec 2027,2025
PRM/KA/RERA/1251/309/PR/270125/007436,Spirit Of One Phase 2,Skandaavani Shelters Private Limited,ongoing,12.934376,77.728424,portal_latlng,high,,Varthuru,560103,1,24,5538,1.04,4,Dec 2029,2025
PRM/KA/RERA/1251/446/PR/270125/007434,Galaxy Tower,Ashish Kumar,new,12.916247,77.70023,portal_latlng,high,,Munnekollala,560035,1,24,1877,1.75,4,Jun 2028,2025
PRM/KA/RERA/1251/308/PR/230125/007431,Ars Zurich Phase-1,Ars Infraa,new,12.871356,77.772096,portal_latlng,high,,Sompura,562125,1,104,9029,2.0,18,Apr 2027,2025
PRM/KA/RERA/1251/308/PR/230125/007418,Sobha Hamptons -Townpark Phase 2 W1 To 3,Sobha Limited,new,12.791282,77.74044,portal_latlng,high,,Balagaranahalli,562107,3,492,20489,2.7404,28,Jun 2033,2025
PRM/KA/RERA/1251/308/PR/230125/007419,Sobha Hamptons -Townpark Phase 1 W4 To 6,Sobha Limited,new,12.791282,77.74044,portal_latlng,high,,Balagaranahalli,562107,3,492,76898,2.7404,28,Jun 2031,2025
PRM/KA/RERA/1251/308/PR/230125/007420,Sobha Madison Heights-Townpark Phase 1 W5 To 7,Sobha Limited,new,12.791282,77.74044,portal_latlng,high,,Balagaranahalli,562107,3,480,11496,2.7404,27,Dec 2030,2025
PRM/KA/RERA/1251/308/PR/230125/007421,Sobha Madison Heights-Townpark Phase 2 W1 To 4,Sobha Limited,new,12.791282,77.74044,portal_latlng,high,,Balagaranahalli,562107,4,640,25445,2.7404,27,Dec 2032,2025
PRM/KA/RERA/1251/308/PR/220125/007413,Olive & Oak,Ashrith Vciti Projects,new,12.890762,77.657453,portal_latlng,high,,Kudlu,560068,1,108,4851,2.0,18,Feb 2028,2025
PRM/KA/RERA/1251/446/PR/220125/007417,Mana Dale South -1,Mana Projects Pvt Ltd,new,12.886956,77.707218,portal_latlng,high,,Avalahalli,560087,2,257,28227,2.25,22,Nov 2029,2025
PRM/KA/RERA/1251/472/PR/220125/007415,Cumins Sanctum,Cumins Sanctum Llp,new,13.068131,77.607699,portal_latlng,high,,Jakkuru,560064,1,112,7030,2.25,19,Dec 2031,2025
PRM/KA/RERA/1251/310/PR/220125/007410,Sri Nanjundeshwara Residency,Sri Nanjundeshwara Infratech,new,12.901796,77.453704,portal_latlng,high,,Bheemanakuppe,560060,1,16,824,2.25,3,Dec 2027,2025
PRM/KA/RERA/1251/472/PR/210125/007400,Krishna Iris,Gkr Avinya Constructions (G Raghavendra Reddy),ongoing,13.100357,77.561214,portal_latlng,high,,Atturu Layout,560064,1,32,2031,2.03,6,Jul 2029,2025
PRM/KA/RERA/1251/309/PR/210125/007402,Kumar Plumeria,Kumar Properties Private Limited,new,13.132144,77.658282,portal_latlng,high,,Byappanahalli,562149,2,100,13961,1.72,9,Dec 2028,2025
PRM/KA/RERA/1251/310/PR/210125/007403,Sai Orchid,Akshaya Infra,ongoing,12.852754,77.683472,portal_latlng,high,,Hebbagodi,560100,1,159,7149,2.24,27,Jun 2027,2025
PRM/KA/RERA/1251/472/PR/170125/007391,Mims Oakdale Ii,Mims Builders Private Limited,new,13.231614,77.548854,portal_latlng,high,,Marasandra Amanikere,562163,2,36,9004,1.13,3,May 2028,2025
PRM/KA/RERA/1251/472/PR/170125/007390,Mims Oakdale I,Mims Builders Private Limited,new,13.231614,77.548854,portal_latlng,high,,Marasandra Amanikere,562163,2,40,9813,1.15,4,May 2028,2025
PRM/KA/RERA/1251/308/PR/170125/007394,Green Storeys,Modern Spaces,ongoing,12.863379,77.760433,portal_latlng,high,,Hosahalli,562125,2,135,9864,2.0,12,Dec 2026,2025
PRM/KA/RERA/1251/309/PR/160125/007385,Ambiant - Maangalya Ashirvad,Ambiant Housing & Construction Pvt Ltd.,new,12.84255,77.58809,portal_latlng,high,,Kalena Agrahara,560083,1,,2282,3.0,9,Apr 2028,2025
PRM/KA/RERA/1251/310/PR/150125/007383,Dhiraan Lotus,Dhiraan Infrastructure Pvt. Ltd,ongoing,12.885788,77.631868,portal_latlng,high,,Begur,560064,1,36,1313,1.75,6,Dec 2027,2025
PRM/KA/RERA/1251/309/PR/100125/007375,Govianu Nakshathra,Mahesh Govindaraju,ongoing,12.985606,77.525655,portal_latlng,high,,Kaveripura,560079,1,16,745,2.21,3,Mar 2027,2025
PRM/KA/RERA/1251/308/PR/100125/007377,Nambiar District 25 Phase 1,Nambiar Ensembleresidential Projects Llp,new,12.87807,77.75428,portal_latlng,high,,Yamare,560099,6,796,35471,0.54,23,Jan 2030,2025
PRM/KA/RERA/1251/310/PR/100125/007378,My Buildcon Serene,My Buildcon,ongoing,12.92343,77.56635,portal_latlng,high,,Ganesh Mandir ward,560102,1,149,6703,2.24,25,Jun 2027,2025
PRM/KA/RERA/1251/310/PR/100125/007376,Nature Elation,Stsk Builders And Developers,ongoing,12.939278,77.740132,portal_latlng,high,,Varthuru,560087,,112,5210,,,Mar 2027,2025
PRM/KA/RERA/1251/309/PR/100125/007379,Elegant Aura,Elegant Builders And Developers,new,13.07375,77.62275,portal_latlng,high,,Jakkuru,560077,2,86,4913,2.25,8,Jun 2027,2025
PRM/KA/RERA/1251/310/PR/090125/007370,Shravanee Icon,M/S Shravanee Holdingss,ongoing,12.948105,77.578669,portal_latlng,high,,Vishveshwara Puram,560004,1,29,2113,4.72,5,Dec 2026,2025
PRM/KA/RERA/1251/446/PR/090125/007371,Vkk Grand,Venky Karthik Group,ongoing,13.042938,77.654502,portal_latlng,high,,Horamavu,560043,2,120,5564,2.25,10,Jun 2027,2025
PRM/KA/RERA/1250/303/PR/090125/007369,Impact Sanvi Aero Gardens,Sanvi Constructions,new,13.208756,77.668842,portal_latlng,high,,Yerthagenahalli,562110,2,316,10622,2.456,27,Dec 2028,2025
PRM/KA/RERA/1251/310/PR/090125/007372,Celestial Charm,Sree Vidhathri Developers,ongoing,12.866098,77.562392,portal_latlng,high,,Anjanapura,560108,1,12,788,2.25,2,Aug 2027,2025
PRM/KA/RERA/1251/308/PR/090125/007368,Saptasree Suprabhatam,Saptasree Shelters,new,12.88588,77.77639,portal_latlng,high,,Sompura,562125,1,112,6171,1.98,19,Dec 2027,2025
PRM/KA/RERA/1251/446/PR/080125/007363,Futurity Homes,Balaji Homes,new,13.079941,77.677895,village_centroid,medium,"Village Bilishivale (Bangalore South), match 1.00, area 2.4 sq km",Bilishivale,560077,1,76,3933,2.09,13,Oct 2026,2025
PRM/KA/RERA/1251/310/PR/080125/007365,Suguna Elite Avenue,Suguna Builders And Developers,new,12.920679,77.514219,portal_latlng,high,,Rajarajeshwari Nagar,560098,1,25,2059,4955.0,5,Mar 2027,2025
PRM/KA/RERA/1251/446/PR/080125/007360,Mista Sri City- Budigere Cross,Mista Infra Private Limited,ongoing,13.048926,77.755014,portal_latlng,high,,Doddabanahalli,560049,1,250,14991,3.23,42,Jun 2029,2025
PRM/KA/RERA/1251/310/PR/070125/007359,Good Earth Cadence,Good Earth Eco Communities Private Limited,new,12.881314,77.462274,portal_latlng,high,,Kambipura,560074,1,145,14896,1.77,25,Dec 2028,2025
PRM/KA/RERA/1251/309/PR/070125/007356,Oasis,Gen Y Social Communities Llp,new,12.998893,77.607161,portal_latlng,high,,Ramaswamy Palya,560046,1,8,1232,2.03,2,Dec 2027,2025
PRM/KA/RERA/1251/446/PR/070125/007354,Jeevan'S Allure,Jeevan Developers,new,12.929467,77.761908,portal_latlng,high,,Kathriguppe,560087,1,152,10488,1.75,26,Jul 2027,2025
PRM/KA/RERA/1251/446/PR/040125/007346,Sbr Magnus,Sbr Marathon,ongoing,13.051156,77.761774,portal_latlng,high,,Chikkabanahalli,560049,2,208,8144,2.998,18,Oct 2028,2025
PRM/KA/RERA/1251/472/PR/020125/007343,Surya Valencia Phase - Ii,Surya Developers,new,13.19899,77.54895,portal_latlng,high,,Adde Vishwanathapura,560064,12,78,21549,1.0,2,Dec 2030,2025
PRM/KA/RERA/1251/446/PR/020125/007341,Disha Harmony Gardens,Dishahabitat Shelters Llp,new,13.067327,77.661464,portal_latlng,high,,Horamavu,560077,3,247,13456,2.25,14,Dec 2027,2025
PRM/KA/RERA/1251/446/PR/010125/007339,Brunda Vihari,Vishnu Dharani Properties India Private Limited,new,13.00118,77.742903,portal_latlng,high,,Belathur,560067,2,97,4351,2.25,9,Oct 2027,2025
PRM/KA/RERA/1251/309/PR/311224/007334,Provident Ecopolitan Phase 5,Provident White Oaks Llp,new,13.146296,77.681751,portal_latlng,high,,Bagalur,562149,2,581,28641,29117.5,45,Apr 2029,2024
PRM/KA/RERA/1251/446/PR/311224/007335,Adarsh Rosewood,Akarsh Residence Pvt Ltd,new,12.916792,77.694708,portal_latlng,high,,Doddakanahalli,560103,5,118,7064,2.24,4,Dec 2027,2024
PRM/KA/RERA/1251/446/PR/311224/007332,Lorven Cascade Garden,Lorven Ventures,new,12.973957,77.76315,portal_latlng,high,,Hagadur,560066,4,312,17411,2.25,13,Dec 2028,2024
PRM/KA/RERA/1250/304/PR/301224/007328,Jp Hibiscus,Jphc Private Limited,new,13.048419,77.770521,portal_latlng,high,,Kannamangala,560067,1,76,4552,1.499,13,Dec 2027,2024
PRM/KA/RERA/1251/446/PR/261224/007322,Meda The Water Edge,Meda Properties,ongoing,12.894142,77.702444,portal_latlng,high,,Bengaluru East,560035,2,132,8700,2.245,11,Dec 2026,2024
PRM/KA/RERA/1251/446/PR/261224/007318,Psr Vanasree Phase-Ii,M/S Psr Builders And Developers,ongoing,12.889621,77.708551,portal_latlng,high,,Avalahalli,560099,2,224,9691,2.249,19,Dec 2027,2024
PRM/KA/RERA/1251/446/PR/261224/007320,Meda East Winds,Meda Projects,ongoing,12.936242,77.711053,portal_latlng,high,,Munnekollala,560087,11,542,33841,2.25,9,Dec 2028,2024
PRM/KA/RERA/1251/310/PR/241224/007314,Amaryllis,Raki Developers Llp,new,12.880349,77.619447,portal_latlng,high,,Kalena Agrahara,560068,1,40,2225,1.75,7,Jul 2026,2024
PRM/KA/RERA/1251/310/PR/241224/007315,Sattva Forest Ridge,Sattva Resi Private Limited,new,12.862792,77.557597,portal_latlng,high,,Anjanapura,560062,3,407,16187,2.98,23,Dec 2029,2024
PRM/KA/RERA/1251/446/PR/181224/007307,Hm Scottsville,Hm Infratech Private Limited,ongoing,12.906595,77.683454,portal_latlng,high,,Doddakanahalli,560035,2,154,5239,20008.0,13,Jun 2027,2024
PRM/KA/RERA/1251/472/PR/171224/007305,Surya Valencia Phase I,Surya Developers,new,13.19899,77.54895,portal_latlng,high,,Adde Vishwanathapura,560088,5,44,14770,1.0,2,Dec 2028,2024
PRM/KA/RERA/1251/310/PR/171224/007304,Gm Govianu,Mahesh G,ongoing,12.991669,77.575296,portal_latlng,high,,Gandhinagar,560020,1,25,2397,2.24,5,Mar 2029,2024
PRM/KA/RERA/1251/446/PR/161224/007303,Mana Cresta,Mana Constructions,new,12.893609,77.692389,portal_latlng,high,,Chikkanayakanahalli,560103,4,180,9940,2.249,8,Dec 2028,2024
PRM/KA/RERA/1251/446/PR/161224/007301,Parth Atmosphere,Parth Estates,ongoing,12.905684,77.68038,portal_latlng,high,,Doddakanahalli,560035,1,216,9878,2.5,36,Dec 2028,2024
PRM/KA/RERA/1250/304/PR/131224/007287,Brigade Citrine,Brigade Enterprises Ltd,new,13.052977,77.760131,portal_latlng,high,,Kannamangala,560049,2,420,18464,3.249,35,Jun 2029,2024
PRM/KA/RERA/1251/310/PR/131224/007296,Oakstone Sn Celeste,Oakstone Sn Celeste,ongoing,12.868405,77.656448,portal_latlng,high,,Naganathapura,560100,2,130,8093,14114.7,11,Nov 2029,2024
PRM/KA/RERA/1251/310/PR/131224/007289,Meenakshi Vrindavan,"Punit Balan, Purnima Sunil Algude, Shibani Datta",ongoing,12.906656,77.638181,portal_latlng,high,,Agara,560102,2,134,7926,2.5,12,Dec 2025,2024
PRM/KA/RERA/1251/310/PR/131224/007286,Heavie Halcyon,Sentient Devcon Llp,new,12.921652,77.647473,portal_latlng,high,,Agara,560102,1,42,3172,2.25,7,Aug 2027,2024
PRM/KA/RERA/1250/304/PR/131224/007290,East Field,Urbanest Realty,new,13.092075,77.811224,portal_latlng,high,,Dandupalya,562114,2,200,10976,2.74,17,Dec 2029,2024
PRM/KA/RERA/1251/446/PR/131224/007297,Sbr One Residence,Sbr Structures,new,12.983675,77.757584,portal_latlng,high,,Belathur,560066,13,931,41752,2.99,12,Dec 2030,2024
PRM/KA/RERA/1250/303/PR/101224/007284,Embassy Verde,Embassy Developments Limited,new,13.206154,77.614342,portal_latlng,high,,Kudragere,562157,3,1044,38570,0.67,45,Dec 2030,2024
PRM/KA/RERA/1251/446/PR/101224/007281,Sv Polaris,Sv Housing,new,12.937722,77.710997,portal_latlng,high,,Munnekollala,560087,3,223,11172,2.25,13,Dec 2026,2024
PRM/KA/RERA/1251/309/PR/101224/007279,Pavithra'S Sahasra,Pavithra Constructions Private Limited,ongoing,13.003942,77.563161,portal_latlng,high,,Kadu Malleshwara,560003,1,18,966,2.25,3,Mar 2026,2024
PRM/KA/RERA/1251/308/PR/101224/007280,Sgk Sai Sonna Kodum,Sgk Infra And Developers,ongoing,12.827591,77.689937,portal_latlng,high,,Bommasandra,562107,1,64,3035,1.99,11,Jun 2027,2024
PRM/KA/RERA/1251/308/PR/091224/007276,Nestopia,Inland Homes,ongoing,12.911152,77.782397,portal_latlng,high,,Neriga,562125,1,33,2023,1.48,6,Sep 2025,2024
PRM/KA/RERA/1251/308/PR/071224/007275,Orlean,Global Edifice Infra,new,12.810346,77.709547,portal_latlng,high,,Chandapura,560099,1,91,5463,1.99,16,Dec 2027,2024
PRM/KA/RERA/1251/310/PR/071224/007274,Iresh Advaita,M/S. Iresh Infra,ongoing,12.880899,77.659432,portal_latlng,high,,Naganathapura,560068,1,40,2264,1.75,7,Dec 2027,2024
PRM/KA/RERA/1251/310/PR/051224/007268,Suyug The 1,Suyug Constructions,ongoing,12.863012,77.770414,portal_latlng,high,,Hosahalli,562125,,126,8802,,,Mar 2028,2024
PRM/KA/RERA/1251/308/PR/051224/007269,Ventara Residences,Amberstone Properties,new,12.895412,77.770728,portal_latlng,high,,Chambenahalli,562125,4,456,33184,2.249,19,Nov 2030,2024
TOR/PRM/KA/RERA/1251/446/PR/241129/001744,Halcyon,Lankipalle Haribabu,ongoing,13.133732,77.433602,village_centroid,medium,"Village Huskur (Bangalore North), match 1.00, area 4.3 sq km",Huskur,nan,,,22965,,,Jul 2027,2024
PRM/KA/RERA/1251/472/PR/261124/007250,Aurelius,Eclectic Harbour Creators Private Limited,ongoing,13.084788,77.584703,portal_latlng,high,,Yelahanka Satellite Town,560065,1,9,842,1754.0,2,Aug 2027,2024
PRM/KA/RERA/1251/310/PR/261124/007247,Vaarahi Vivarea,Vaarahi Constructions,ongoing,12.88884,77.46566,portal_latlng,high,,Kambipura,560061,1,168,8600,2.24,28,Jun 2027,2024
PRM/KA/RERA/1251/446/PR/201124/007242,Ekaa By Summit,Summit Realty,ongoing,13.03908,77.700303,portal_latlng,high,,I T I Notified Area,560036,1,59,3844,1.75,10,Dec 2026,2024
PRM/KA/RERA/1251/446/PR/191124/007240,Mohan Tritone,M/S Mohan Builders,new,12.919562,77.730179,portal_latlng,high,,Sulikunte,560087,3,225,12621,2.25,13,Dec 2028,2024
PRM/KA/RERA/1250/304/PR/161124/007237,United Green Woods,United Green Woods,new,12.98669,77.794637,portal_latlng,high,,Naganayakanakote,560067,2,282,17249,2.18,24,Mar 2028,2024
PRM/KA/RERA/1251/308/PR/151124/007232,Sinovik Nirvana,Sinovik Developers,ongoing,12.824097,77.679216,portal_latlng,high,,Bommasandra,560099,1,72,3035,2.25,12,Dec 2028,2024
PRM/KA/RERA/1251/310/PR/151124/007230,Suvrith Shelter,Suvrith Structures,ongoing,12.852168,77.683266,portal_latlng,high,,Hebbagodi,560100,1,124,6071,2.24,21,Sep 2026,2024
PRM/KA/RERA/1251/446/PR/141124/007228,Sri Gayathri Avenue,Sdr Constructions,ongoing,13.03853,77.67009,portal_latlng,high,,Kalkere,560043,1,40,2192,1.75,7,Sep 2025,2024
PRM/KA/RERA/1251/309/PR/141124/007229,Aurora,Vbhc Delhi Value Homes Private Limited,new,13.101667,77.569278,portal_latlng,high,,Atturu Layout,560064,1,72,4438,2.49,12,Dec 2027,2024
PRM/KA/RERA/1251/310/PR/121124/007226,Vanshika'S Nature'S Harmony,Vanshika Life Spaces Private Limited,new,12.860241,77.52289,portal_latlng,high,,Badamanavarthekaval,560109,6,335,17097,2.75,10,Dec 2028,2024
PRM/KA/RERA/1251/310/PR/111124/007211,Kommaghatta Npkl Phase-3,Bangalore Development Authority,done,12.913516,77.462193,portal_latlng,high,,Bengaluru South,560060,3,336,12848,2.4,19,Jul 2024,2024
PRM/KA/RERA/1251/308/PR/111124/007220,Signature Heights,Signature Dwellings Private Limited,new,12.800115,77.728594,portal_latlng,high,,Neralur,562107,3,346,20942,2.2498,20,Oct 2028,2024
PRM/KA/RERA/1251/310/PR/111124/007217,Primus Darpan,Ameliorate Realtors Private Limited,new,12.817419,77.5123,portal_latlng,high,,Kaggalipura,560082,1,173,8296,2.49,29,Dec 2029,2024
PRM/KA/RERA/1251/310/PR/111124/007212,Kommaghatta Npkl Phase-2,Bangalore Development Authority,done,12.914352,77.460721,portal_latlng,high,,Bheemanakuppe,560060,3,360,12405,2.4,20,Jul 2024,2024
PRM/KA/RERA/1251/472/PR/111124/007218,Atmos Tropicalwoods,Atmos Constructions Private Limited,new,13.18158,77.554777,portal_latlng,high,,Adde Vishwanathapura,562157,11,150,27771,1.27,3,Sep 2027,2024
PRM/KA/RERA/1251/310/PR/111124/007210,Kommaghatta Npkl Phase-1,Bangalore Development Authority,done,12.91357,77.4605,portal_latlng,high,,Bheemanakuppe,560060,4,480,19735,2.4,20,Jul 2024,2024
PRM/KA/RERA/1251/446/PR/071124/007203,Adithi Elysian,M/S Adithi Projects,ongoing,12.922508,77.733618,portal_latlng,high,,Varthuru,560087,1,107,6225,2.25,18,Dec 2027,2024
PRM/KA/RERA/1251/309/PR/071124/007204,Vg Royal Enclave,Vinayakaiah Builders & Developers Pvt Ltd,ongoing,13.02291,77.62339,portal_latlng,high,,Kadugondanahalli,560084,1,40,1345,1.75,7,Dec 2026,2024
PRM/KA/RERA/1251/446/PR/071124/007202,Prestige White Meadows - Clover Leaf,Prestige Estates Projects Ltd,done,12.975658,77.750968,portal_latlng,high,,Hagadur,560066,1,104,13566,2.81,18,Aug 2024,2024
PRM/KA/RERA/1251/310/PR/311024/007197,Kumaravana,Essem18 Developers Private Limited,ongoing,12.908403,77.509459,portal_latlng,high,,Hemmigepura,560098,1,91,5935,2.25,16,Dec 2027,2024
PRM/KA/RERA/1251/446/PR/301024/007192,Ssvr Meridian,Ssvr Constructions,new,12.933766,77.718991,portal_latlng,high,,Varthuru,560103,1,119,4932,3.0,20,Dec 2028,2024
PRM/KA/RERA/1251/309/PR/301024/007195,Bcm Panache,Bcm Infrastructure Private Limited,new,13.083113,77.592391,portal_latlng,high,,Yelahanka Satellite Town,560065,1,69,6760,1.37,12,Mar 2029,2024
PRM/KA/RERA/1251/446/PR/301024/007191,Jagadhabi Premier 1,Jagadhabi Constructions Llp,new,12.972537,77.766393,portal_latlng,high,,Hagadur,560067,2,90,3743,2.25,8,Aug 2027,2024
PRM/KA/RERA/1251/308/PR/281024/007180,Legacy,Global Edifice Infra,ongoing,12.765828,77.704301,portal_latlng,high,,Byagadadenahalli,562106,1,56,2985,1.99,10,May 2028,2024
PRM/KA/RERA/1251/446/PR/281024/007183,Poetry Of Earth,Urban Excellence Llp,new,12.93618,77.74404,portal_latlng,high,,Varthuru,560087,3,312,9488,1.49,18,Dec 2028,2024
PRM/KA/RERA/1251/472/PR/281024/007185,Hrs Sai Guru Bliss Avenue,Hrs Sai Guru Developers Llp,ongoing,13.070005,77.563472,portal_latlng,high,,Byatarayanapura,562110,1,45,2099,2.25,8,Feb 2027,2024
PRM/KA/RERA/1251/310/PR/281024/007184,Ajmera Iris,Ajmera Housing Corporation Bangalore,new,12.845457,77.685114,portal_latlng,high,,Hebbagodi,560100,11,215,17452,1.63,4,Dec 2026,2024
PRM/KA/RERA/1251/309/PR/251024/007174,Elegant Takt,Elegant Builders And Developers,new,13.094973,77.561357,portal_latlng,high,,Atturu Layout,560097,2,310,14011,3.0,26,Dec 2028,2024
PRM/KA/RERA/1250/301/PR/251024/007178,Ds Max Sky Sisira,Ds Max Properties Private Limited,new,13.23408,77.55595,portal_latlng,high,,Marasandra Amanikere,561203,1,870,19728,2.246,45,Sep 2030,2024
PRM/KA/RERA/1251/446/PR/251024/007177,Garuda Kingsford,Garuda Kingsford,new,12.965792,77.68266,portal_latlng,high,,Vijnana Nagar,560037,1,60,5389,12784.4,10,Sep 2028,2024
PRM/KA/RERA/1250/304/PR/251024/007179,Ds Max Sky Fields,Ds Max Properties Private Limited,new,12.99242,77.79707,portal_latlng,high,,Naganayakanakote,560067,1,870,20006,2.17,45,Sep 2030,2024
PRM/KA/RERA/1251/472/PR/251024/007176,Ranka Ankura,Ranka Properties Private Limited,new,13.097749,77.636094,portal_latlng,high,,Kogilu,560064,4,410,19119,3.0,18,Dec 2029,2024
PRM/KA/RERA/1251/446/PR/241024/007170,El Roi,Lewis Infrastructure And Projects,new,12.998464,77.622651,portal_latlng,high,,Lingarajapura,560005,1,35,2302,2.25,6,Mar 2028,2024
PRM/KA/RERA/1251/310/PR/221024/007161,Ncc Urban Lake Springs,Ncc Urban Infrastructure Limited,ongoing,12.866477,77.564945,portal_latlng,high,,Anjanapura,560108,4,272,17844,2.5,12,Jun 2028,2024
PRM/KA/RERA/1251/446/PR/221024/007164,Courtyard Of Life,Navanaami Projects Private Limited,ongoing,12.885274,77.718506,portal_latlng,high,,Avalahalli,560099,1,148,13405,1.74,25,Jun 2029,2024
PRM/KA/RERA/1251/310/PR/211024/007156,Panchajanyaa,Royaal Mahaadeva Builders,new,12.775852,77.749966,portal_latlng,high,,Muthasandra,560105,1,36,2326,1.48,6,Oct 2027,2024
PRM/KA/RERA/1251/310/PR/211024/007159,Navakruthi Garden Bay,V Rajagopal Reddy,ongoing,12.830106,77.700955,portal_latlng,high,,Bommasandra,560099,2,96,5868,1.99,8,Dec 2028,2024
PRM/KA/RERA/1251/446/PR/191024/007155,Sakura Blossom,Sakura Blossom (Prop : Madhu Kumar B S),new,13.05519,77.73537,portal_latlng,high,,Avalahalli,560049,2,56,4249,1.694,5,Jul 2027,2024
PRM/KA/RERA/1251/309/PR/191024/007153,V B'S Varahi,V B Built Tech,ongoing,12.950319,77.548507,portal_latlng,high,,Avalahalli,560026,1,36,1379,2.25,6,Dec 2030,2024
PRM/KA/RERA/1251/309/PR/181024/007150,Definer Dolce Vita,Definer Properties Private Limited,new,13.134916,77.568621,portal_latlng,high,,Anathapura,560064,1,105,9289,2.25,18,Nov 2029,2024
PRM/KA/RERA/1251/446/PR/181024/007149,Suvastu Kings Square Phase Ii,Aakrish Infrastructure Pvt Ltd,new,12.893684,77.70758,portal_latlng,high,,Bengaluru East,560035,1,48,4451,1.572,8,Dec 2029,2024
PRM/KA/RERA/1251/308/PR/161024/007147,Ellegenza Phase Ii,Nambiar Builders Private Limited,new,12.843963,77.733131,portal_latlng,high,,Muthanallur,560099,14,206,65736,2.0,3,Sep 2029,2024
PRM/KA/RERA/1251/446/PR/101024/007144,Aryav Windfields,Aryav Constructions,new,13.003766,77.725629,portal_latlng,high,,Hudi,560067,1,97,5403,2.25,17,Dec 2027,2024
PRM/KA/RERA/1251/472/PR/091024/007138,Nvg Rakshak,At Homes Enterprises,new,13.085137,77.60348,portal_latlng,high,,Jakkuru,562149,5,390,12117,3.25,13,Dec 2029,2024
PRM/KA/RERA/1251/446/PR/091024/007139,Adarsh Lumina,Shivakar Developers Private Limited,new,12.895367,77.688172,portal_latlng,high,,Bengaluru East,560035,5,440,35359,1.877,15,Mar 2028,2024
PRM/KA/RERA/1251/446/PR/051024/007134,Sai Greenwoods-Phase2,United Infrastructures,new,13.0038,77.742798,portal_latlng,high,,Belathur,560067,2,217,23066,2.25,19,Dec 2028,2024
PRM/KA/RERA/1251/446/PR/051024/007125,Sumadhura Capitol Residences,Sumadhura Infracon Private Limited,ongoing,12.985358,77.75078,portal_latlng,high,,Belathur,560066,4,405,16592,3.18,17,Dec 2027,2024
PRM/KA/RERA/1251/309/PR/051024/007131,Slv Golden Towers,Slv Developers Pvt Ltd,new,13.115248,77.607014,portal_latlng,high,,Kempegowda Ward,560064,2,242,12646,2.25,21,Apr 2029,2024
PRM/KA/RERA/1251/446/PR/041024/007120,D C Capitol Phase – Ii,D.C.Hi-Rise Llp,ongoing,12.93797,77.705291,portal_latlng,high,,Munnekollala,560103,1,164,7379,2.19,28,Dec 2028,2024
PRM/KA/RERA/1251/310/PR/041024/007117,Hexa Skyline,Hexa Builder,new,12.856254,77.590701,portal_latlng,high,,Gottigere,560083,3,144,7991,13958.0,8,Aug 2027,2024
PRM/KA/RERA/1251/310/PR/041024/007119,Aishwarya Green Homes,Aishwarya Developers,new,12.892049,77.521442,portal_latlng,high,,Subramanyapura,560061,1,28,1377,2.25,5,Sep 2026,2024
PRM/KA/RERA/1250/304/PR/031024/007112,Kbr Prime,Kbr Homes India Private Limited,ongoing,13.068083,77.820694,portal_latlng,high,,Cheemandahalli,562114,1,124,5564,1.74,21,Mar 2029,2024
PRM/KA/RERA/1251/446/PR/300924/007097,Sri Sai Krupa Meadows,Sri Sai Krupa Developers,ongoing,12.942642,77.740091,portal_latlng,high,,Varthuru,560087,1,68,3566,1.75,12,Dec 2025,2024
PRM/KA/RERA/1251/446/PR/300924/007100,Nirvana,M/S Virtue Infracon,ongoing,13.027765,77.768408,portal_latlng,high,,Kadgodi Nmct,560067,1,40,3036,1.74,7,Mar 2026,2024
PRM/KA/RERA/1251/308/PR/300924/007099,Meadows Phase-2 By Bhavisha Homes,Bhavisha Properties,new,12.805508,77.713774,portal_latlng,high,,Chandapura,560099,1,88,4892,1.74,15,Dec 2025,2024
PRM/KA/RERA/1251/446/PR/300924/007105,Godrej Lakeside Orchard,Godrej Properties Limited,new,12.88946,77.705805,portal_latlng,high,,Gattahalli,560035,8,698,48829,2.247,15,Sep 2030,2024
PRM/KA/RERA/1251/446/PR/300924/007102,Elite Homes,Aadhava Developers,ongoing,13.060719,77.639024,portal_latlng,high,,Horamavu,560077,1,60,2655,2.2,10,Jun 2026,2024
PRM/KA/RERA/1251/309/PR/270924/007088,Concorde Neo,Concorde Housing Corporation Pvt Ltd,new,13.09758,77.6336,portal_latlng,high,,Kogilu,560045,6,424,17559,2.5,12,Oct 2029,2024
PRM/KA/RERA/1250/304/PR/270924/007086,Vr Sapphire,Vr Builders And Developers,new,13.067203,77.799172,portal_latlng,high,,Pethanahalli,562114,2,46,3097,1.58,4,Dec 2026,2024
PRM/KA/RERA/1251/308/PR/270924/007096,Skyline Haven,Sv Infra Homes,ongoing,12.790574,77.65096,portal_latlng,high,,Jigani,560105,1,88,4249,1.74,15,Jan 2028,2024
PRM/KA/RERA/1251/309/PR/260924/007084,Livingtree By Kalyani Developers,Kalyani Tech Park Private Limited,new,13.142078,77.677451,portal_latlng,high,,Bagalur,560064,6,2736,101171,1.852,45,Sep 2029,2024
PRM/KA/RERA/1251/308/PR/260924/007083,Raaga By Bhavisha Homes,Bhavisha Properties,new,12.865143,77.768049,portal_latlng,high,,Chikkadunnasandra,562125,1,76,5561,1.74,13,Dec 2025,2024
PRM/KA/RERA/1251/310/PR/250924/007062,Esteem Kings Court 3,Esteem Kings Dwelling Pvt Ltd,done,12.902131,77.597651,portal_latlng,high,,J P Nagar,560078,1,16,1601,1.75,3,Jan 2024,2024
PRM/KA/RERA/1251/446/PR/250924/007064,J V Paradise,J V Constructions,ongoing,12.89189,77.681874,portal_latlng,high,,Rayasandra,560099,1,33,2023,1.75,6,Dec 2026,2024
PRM/KA/RERA/1251/446/PR/250924/007067,Navavedam'S Suncrest,Navavedam Ventures Pvt Ltd,new,13.116681,77.42213,portal_latlng,high,,Bettanagere,560049,1,30,7801,7877.0,5,Jun 2027,2024
PRM/KA/RERA/1251/310/PR/250924/007066,Veda Vilasa,Sai Samrudhi Constructions,ongoing,12.900441,77.476963,portal_latlng,high,,Kambipura,560060,1,82,11720,1.75,14,Dec 2026,2024
PRM/KA/RERA/1251/310/PR/250924/007071,Sree Lakshmi Vallabha Residency,Shankara Vijaya Constructions Llp,ongoing,12.889611,77.558609,portal_latlng,high,,Vasanthpura,560061,1,132,6571,2.01,22,Dec 2026,2024
PRM/KA/RERA/1251/446/PR/250924/007068,Neuhaus,Are Realty,ongoing,12.9125,77.6646,portal_latlng,high,,Doddakanahalli,560037,1,20,1251,2.25,4,Dec 2026,2024
PRM/KA/RERA/1251/446/PR/230924/007061,Sree Adithya Pride,Sree Adithya Developers,ongoing,13.013065,77.722413,portal_latlng,high,,Basavanapura,560049,2,120,7081,1.75,10,Jun 2027,2024
PRM/KA/RERA/1250/304/PR/210924/007058,Bold Aspire,Bold Developers,new,12.956597,77.774016,portal_latlng,high,,Muthasandra,560087,1,162,9345,1.749,27,Dec 2026,2024
PRM/KA/RERA/1251/446/PR/200924/007055,Purvi Arvindam,Sai Purvi Infrastructures,ongoing,12.939457,77.732024,portal_latlng,high,,Varthuru,560087,1,76,4553,2.25,13,May 2027,2024
PRM/KA/RERA/1251/446/PR/200924/007053,Nvt Under The Open Sky,Nvt Quality Lifestyle Estate Llp,new,13.061923,77.745509,portal_latlng,high,,Avalahalli,560049,1,74,26708,2.0,13,Mar 2029,2024
PRM/KA/RERA/1251/310/PR/200924/007054,Arkha Sanctuary,Arkha Developers,ongoing,12.89707,77.525582,portal_latlng,high,,Subramanyapura,560061,1,104,4875,2.25,18,Jun 2025,2024
PRM/KA/RERA/1251/446/PR/200924/007051,Nimah,Nimah Urbanscapes Llp,ongoing,13.063297,77.626479,portal_latlng,high,,Jakkuru,560045,1,21,2594,2.25,4,Apr 2026,2024
PRM/KA/RERA/1251/446/PR/190924/007048,Prestige Pine Forest,Prestige Estates Projects Ltd,new,12.973834,77.742171,portal_latlng,high,,Whitefield,560066,4,316,33766,2.0,14,Dec 2028,2024
PRM/KA/RERA/1251/446/PR/190924/007044,Sumadhura Epitome-I,Sumadhura Homes Llp,new,13.014351,77.688197,portal_latlng,high,,K R Puram,560045,3,262,15169,2.5,15,Dec 2027,2024
PRM/KA/RERA/1251/446/PR/190924/007049,Innovative Palacia,Shubankara Developers,new,12.960229,77.712027,portal_latlng,high,,AECS Layout,560037,3,168,9520,1.75,10,Sep 2027,2024
PRM/KA/RERA/1251/310/PR/180924/007033,Cascadia By Tvs Emerald,M/S. Emerald Haven Realty Limited,new,12.961896,77.591669,portal_latlng,high,,Sudham Nagara,560027,1,63,4663,4.61,11,Aug 2030,2024
PRM/KA/RERA/1251/308/PR/180924/007042,Vaishno Luxuria,Vaishno Ventures,new,12.87923,77.729635,portal_latlng,high,,Harohalli,560087,1,70,17620,0.912,12,Oct 2027,2024
PRM/KA/RERA/1251/446/PR/180924/007030,Samsiddhi Springs,Samsiddhi Developers,new,12.953093,77.721031,portal_latlng,high,,Munnekollala,560066,2,100,5192,2.25,9,Mar 2026,2024
PRM/KA/RERA/1251/310/PR/180924/007039,Ambha Bhavani Residency,Shree Jnanakshi Builders And Developers,ongoing,12.919412,77.508469,portal_latlng,high,,Hemmigepura,560098,1,20,1011,1.74,4,Dec 2027,2024
PRM/KA/RERA/1251/310/PR/180924/007029,Bren Avaana,Bren Corporation Private Limited,new,12.815063,77.512277,portal_latlng,high,,Kaggalipura,560082,3,327,19390,2.744,19,Feb 2028,2024
PRM/KA/RERA/1251/310/PR/180924/007041,Belaku,Millennial Luxury Estates Private Limited,ongoing,12.929084,77.628998,portal_latlng,high,,Koramangala,562112,1,23,2934,2.25,4,Mar 2026,2024
PRM/KA/RERA/1251/310/PR/180924/007043,Navin'S Antheia Poetry,Navin Housing & Properties Pvt Ltd,new,12.905011,77.601273,portal_latlng,high,,J P Nagar,560076,1,42,3196,3.14,7,Jan 2028,2024
PRM/KA/RERA/1251/309/PR/170924/007026,Shriram Serenity,Shriram Properties Limited,new,13.176279,77.549289,portal_latlng,high,,Ithagalapura,560064,3,270,15530,2.24,15,Jul 2029,2024
PRM/KA/RERA/1251/446/PR/130924/007014,Sri Vyshnavi Infra Brundavanam Phase 2,Sri Vyshnavi Infra,new,12.940491,77.690505,portal_latlng,high,,Bellanduru,560103,1,48,2124,2.0,8,Dec 2028,2024
PRM/KA/RERA/1251/446/PR/130924/007016,Sai Sapphire,Sai Purvi Properties,ongoing,13.00485,77.739429,portal_latlng,high,,Hudi,560067,15,92,30223,2.0,2,Dec 2027,2024
PRM/KA/RERA/1251/446/PR/130924/007017,Adithya Valioso,Adithya Constructions,new,12.948883,77.756447,portal_latlng,high,,Varthuru,560087,2,156,11052,1.75,13,Dec 2027,2024
PRM/KA/RERA/1251/309/PR/130924/007015,Century Liva,Archway Realty Llp,new,13.140722,77.570194,portal_latlng,high,,Avalahalli,560064,1,247,11736,3.25,42,Dec 2028,2024
PRM/KA/RERA/1251/446/PR/060924/007005,Chartered 1956,Chartered Housing Private Limited,new,12.993963,77.589419,portal_latlng,high,,Vasanth Nagar,560052,1,7,1421,2.06,2,Jun 2028,2024
PRM/KA/RERA/1251/446/PR/060924/007008,Sattva Songbird,Sattva Resi Private Limited,new,13.049148,77.74834,portal_latlng,high,,Doddabanahalli,560049,5,1379,48460,2.998,45,May 2029,2024
PRM/KA/RERA/1251/308/PR/060924/007003,Disha Pursuit Of The Elements Phase Ii,Dishahabitat Projects Llp,new,12.922521,77.756833,portal_latlng,high,,Ramnaikanahalli,560087,3,509,32374,2.248,29,Dec 2028,2024
PRM/KA/RERA/1251/472/PR/060924/007009,Sattva Lumina,Sattva Resi Private Limited,new,13.172552,77.551165,portal_latlng,high,,Madappanahalli,560064,8,1553,51951,3.24,33,Nov 2029,2024
PRM/KA/RERA/1251/308/PR/050924/006996,Dsr The Address,Dsr Infraprojects,new,12.892282,77.749209,portal_latlng,high,,Dommasandra Nmct,562125,6,702,55341,204733.0,20,Jun 2029,2024
PRM/KA/RERA/1251/310/PR/050924/006994,Kk Luxura,Kk Buildcon,ongoing,12.869016,77.579787,portal_latlng,high,,Chunchaghatta,560078,,24,3566,,,Dec 2026,2024
PRM/KA/RERA/1251/310/PR/050924/007001,Weave,Evantha Sri Durga Projects,ongoing,12.997723,77.608848,portal_latlng,high,,Pulikeshinagar,560005,1,25,1327,2.16,5,Mar 2027,2024
PRM/KA/RERA/1251/446/PR/050924/007002,Nirmaanika Aria,Nirmaanika Projects,new,13.004068,77.759561,portal_latlng,high,,Belathur,560067,1,68,3056,2.25,12,Dec 2027,2024
PRM/KA/RERA/1251/309/PR/050924/006999,Vss Enclave,Stature Homes Builders And Developers,ongoing,13.167519,77.635841,portal_latlng,high,,Kadigenahalli,562157,1,40,2325,1.48,7,Dec 2025,2024
PRM/KA/RERA/1251/309/PR/050924/006993,Serenity By Skbc,Sri Krishna Balaji Constructions Llp,done,13.014288,77.550074,portal_latlng,high,,Marappana Palya,560086,1,22,1459,2.5,4,Apr 2024,2024
PRM/KA/RERA/1251/309/PR/050924/006992,11 Campbell Krishvi,Krishvi Projects Private Limited,ongoing,12.971721,77.600624,portal_latlng,high,,Shantala Nagar,560047,1,11,917,2.25,2,Dec 2026,2024
PRM/KA/RERA/1251/310/PR/040924/006990,Song Of Wind,Royal Indraprastha Buildcon Llp,ongoing,12.906926,77.55206,portal_latlng,high,,Vikram Nagar,560061,1,16,926,2.25,3,Feb 2026,2024
PRM/KA/RERA/1251/310/PR/040924/006989,Birla Ojasvi,Birla Estates Private Limited,new,12.906834,77.507545,portal_latlng,high,,Badamanavarthekaval,560059,4,615,41429,2.24,26,Jan 2031,2024
PRM/KA/RERA/1251/446/PR/040924/006991,Serene Gardens,Jacobson Developers,ongoing,13.051781,77.649736,portal_latlng,high,,Bengaluru East,560077,1,20,1714,1.75,4,Dec 2024,2024
PRM/KA/RERA/1251/308/PR/040924/006986,Brillio And Commercial At Brigade Valencia,Brigade Enterprises Ltd,new,12.805023,77.699684,portal_latlng,high,,Banahalli,562114,3,1016,61785,2.476,45,Sep 2029,2024
PRM/KA/RERA/1250/303/PR/040924/006988,Birla Trimaya Phase-2,Birla Arnaa Llp,new,13.187972,77.667525,portal_latlng,high,,Settigere,562110,8,473,105563,0.33,10,Jun 2029,2024
PRM/KA/RERA/1251/310/PR/030924/006984,Aiekya,Avaneesh Ventures,ongoing,12.896088,77.567253,portal_latlng,high,,Konanakunte,560078,1,18,892,2.23,3,Dec 2027,2024
PRM/KA/RERA/1251/446/PR/270824/006981,Prestige Raintree Park,Prestige Estates Projects Ltd,new,12.953408,77.74473,portal_latlng,high,,Varthuru,560001,18,1520,112652,2.93,15,Dec 2028,2024
PRM/KA/RERA/1251/308/PR/170824/006975,The Lake Terraces,Keya Homes Infra Llp,ongoing,12.829889,77.664204,portal_latlng,high,,Thirupalya,560100,2,409,8610,41321.0,35,Sep 2026,2024
PRM/KA/RERA/1251/308/PR/160824/006972,Ds Max Sahara Grand,Ds Max (Prop : K V Satish),new,12.865812,77.692228,portal_latlng,high,,Chikkanagamangala,560099,1,365,12747,1.74,45,Jan 2029,2024
PRM/KA/RERA/1251/308/PR/160824/006973,Ds Max Sky Sanman,Ds Max Properties Private Limited,new,12.820352,77.625093,portal_latlng,high,,S Bingipura,560105,1,990,22965,2.498,45,Jan 2030,2024
PRM/KA/RERA/1251/446/PR/160824/006971,Zala Prados,Zala Estates And Properties,new,13.082908,77.657968,portal_latlng,high,,Byrathi,560077,1,37,17761,0.719,7,Mar 2029,2024
PRM/KA/RERA/1251/310/PR/120824/006969,V2 Vajra Elegance,V2 Holdings Housing Development Private Limited,new,12.899397,77.482883,portal_latlng,high,,Hemmigepura,560060,1,150,8970,20168.9,25,Dec 2029,2024
PRM/KA/RERA/1251/472/PR/120824/006968,Aryan 1 Celeste,Aryan Landmarks,new,13.103533,77.580366,portal_latlng,high,,Someshwara Ward,560064,1,80,4392,4.0,14,Jun 2028,2024
PRM/KA/RERA/1251/472/PR/090824/006967,Down By The Water,Total Environment Building Systems Pvt Ltd,new,13.091991,77.611106,portal_latlng,high,,Kogilu,560064,5,602,41459,2.0,21,May 2031,2024
PRM/KA/RERA/1251/308/PR/080824/006964,Unicon Sugarland,Unicon Projects,ongoing,12.79639,77.619678,portal_latlng,high,,Harapanahalli,562106,2,38,8094,0.95,4,Mar 2026,2024
PRM/KA/RERA/1251/446/PR/080824/006965,Pride Euphora,Pride Housing,new,13.021036,77.711808,portal_latlng,high,,K R Puram,560049,3,212,9696,3.25,12,Sep 2027,2024
PRM/KA/RERA/1251/310/PR/060824/006962,Radiance Platinum,Radiance Realty Developers India Limited,new,12.928694,77.639889,portal_latlng,high,,Koramangala,560034,2,62,4990,2.49,6,Aug 2029,2024
PRM/KA/RERA/1251/446/PR/050824/006961,True North By Livingwalls,M/S Vdb Infra And Realty Private Limited,new,13.074395,77.651824,portal_latlng,high,,Byrathi,560077,2,82,11727,4.8,7,Jun 2028,2024
PRM/KA/RERA/1251/309/PR/050824/006960,Vista Padmalaya,Vista Spaces Sun (Champaka) Private Limited,new,12.994803,77.557002,portal_latlng,high,,Prakash Nagar,560003,1,10,827,2.09,2,Apr 2027,2024
PRM/KA/RERA/1251/446/PR/050824/006959,Allure Avani Phase I,Allure Awani Private Limited,ongoing,13.075883,77.70426,portal_latlng,high,,Rampura,560049,1,138,63231,1.5,23,May 2028,2024
PRM/KA/RERA/1251/446/PR/030824/006956,Sobha Infinia Phase 2A Block 5 Wing 5,Sobha Limited,new,12.924886,77.648439,portal_latlng,high,,Agaram,560034,1,46,2190,3.24,8,Jun 2030,2024
PRM/KA/RERA/1251/446/PR/030824/006958,Sobha Ayana At Dream Acres Wing 60 To 71,Sobha Limited,new,12.932014,77.72549,portal_latlng,high,,Varthuru,560087,12,683,69645,2.245,10,Dec 2031,2024
PRM/KA/RERA/1251/446/PR/030824/006957,Sobha Infinia Phase 2B Block 4 W1 And Block 3 W2,Sobha Limited,new,12.924886,77.648439,portal_latlng,high,,Agaram,560034,2,150,9578,3.24,13,Dec 2030,2024
PRM/KA/RERA/1251/446/PR/020824/006954,Lapaz,Santosh Glen Lewis,new,13.00254,77.624917,portal_latlng,high,,Lingarajapura,560005,1,12,604,1.75,2,Mar 2027,2024
PRM/KA/RERA/1251/310/PR/020824/006955,Assetz Canvas & Cove 2.0 - Block A,Apg Habitat Private Limited,new,12.8702,77.6346,portal_latlng,high,,Begur,560068,1,244,38546,0.8666,41,Apr 2029,2024
PRM/KA/RERA/1251/310/PR/300724/006953,Promont Phase Ii,Promont Hilltop Private Limited,new,12.92104,77.53689,portal_latlng,high,,Rajarajeshwari Nagar,560085,3,36,3307,1.589,2,Dec 2028,2024
PRM/KA/RERA/1251/308/PR/300724/006952,Vista,M S Shelters Private Limited,ongoing,12.8652,77.6946,portal_latlng,high,,Chikkanagamangala,560099,1,22,855,2.25,4,Dec 2026,2024
PRM/KA/RERA/1251/310/PR/240724/006948,Sattva Springs,Sattva Resi Private Limited,ongoing,12.817552,77.515455,portal_latlng,high,,Kaggalipura,560082,5,66,22566,1.15,3,Sep 2027,2024
PRM/KA/RERA/1251/472/PR/240724/006946,Affinity Sarovar,Affinity Projects Llp,ongoing,13.13796,77.568145,portal_latlng,high,,Anathapura,560064,1,100,4653,2.25,17,Sep 2027,2024
PRM/KA/RERA/1251/472/PR/240724/006947,Affinity Gardenia,Affinity Properties Llp,new,13.116037,77.564678,portal_latlng,high,,Chowdeswari Ward,560064,1,48,2511,1.75,8,Dec 2026,2024
PRM/KA/RERA/1250/304/PR/180724/006943,Sowparnika Euphoria In The East,Sowparnika Homes Private Limited,new,13.025688,77.784938,portal_latlng,high,,Koralur,562114,1,1102,32241,2.73,45,May 2031,2024
PRM/KA/RERA/1251/310/PR/180724/006944,Provident Equinox 3,Provident Housing Limited,new,12.887087,77.468693,portal_latlng,high,,Kambipura,560060,4,384,8032,48727.1,16,Mar 2028,2024
PRM/KA/RERA/1251/308/PR/160724/006942,Serene Heights 1,Urban Rays Llp,new,12.861016,77.768725,portal_latlng,high,,Hosahalli,562125,3,240,17932,2.249,14,Jun 2028,2024
PRM/KA/RERA/1251/472/PR/150724/006940,The Abode,First Ensemble,ongoing,13.113373,77.570535,portal_latlng,high,,Someshwara Ward,560064,1,28,1857,2.25,5,Jun 2026,2024
PRM/KA/RERA/1251/446/PR/150724/006941,Isle Of Trees,Happiness Harmony Property Developers Private Limited,new,13.061397,77.621655,portal_latlng,high,,Jakkuru,560077,2,154,10994,2.2,13,May 2028,2024
PRM/KA/RERA/1251/310/PR/210524/006913,E Golden Heights,Shree Krishna Builders And Developers,ongoing,12.854602,77.668108,portal_latlng,high,,Veerasandra,560100,1,48,2124,2.25,8,Jun 2025,2024
PRM/KA/RERA/1251/308/PR/210524/006923,Oracle Sunrise,Vijaya Bhaskara Constructions,ongoing,12.876708,77.67837,portal_latlng,high,,Doddanagamangala,560099,1,80,4754,1.68,14,Mar 2026,2024
PRM/KA/RERA/1251/446/PR/210524/006924,Vaishno Serene,Vaishno Builders,ongoing,13.005046,77.733509,portal_latlng,high,,Hudi,560067,3,280,15314,2.25,16,Mar 2028,2024
PRM/KA/RERA/1251/308/PR/210524/006935,Ayatana Residences E-City,Aratt One World Private Limited,new,12.837776,77.667802,portal_latlng,high,,Gollahalli,560100,1,166,8907,1.56,28,Jun 2029,2024
PRM/KA/RERA/1251/446/PR/210524/006932,Saranya Swarovski,Saranya Builders,ongoing,13.010174,77.750422,portal_latlng,high,,Belathur,560049,2,129,6515,2.25,11,Dec 2027,2024
PRM/KA/RERA/1251/309/PR/210524/006922,Iris Courtyard,M/S. Iris Lifescapes,ongoing,12.875829,77.590316,portal_latlng,high,,Hulimavu,560061,1,40,2158,2.17,7,Jun 2026,2024
PRM/KA/RERA/1251/310/PR/210524/006933,Srivara Vasudha,Srivara Infra,new,12.875525,77.545204,portal_latlng,high,,Hemmigepura,560062,1,95,5008,2.25,16,Nov 2026,2024
PRM/KA/RERA/1251/310/PR/210524/006928,Good Earth Ochre,Good Earth Eco Developments Private Limited,new,12.88249,77.43219,portal_latlng,high,,Chikkellur Ramapura,560074,1,38,16394,0.85,7,Oct 2027,2024
PRM/KA/RERA/1251/309/PR/210524/006929,Assetz Sora & Saki Phase 2,Netra Software Technologies Private Limited,new,13.14778,77.6808,portal_latlng,high,,Bagalur,562110,3,634,9917,3.24,36,Jul 2029,2024
PRM/KA/RERA/1251/309/PR/210524/006920,Rubby Castle 1,Rubby Arc Llp,new,13.082322,77.548279,portal_latlng,high,,Atturu Layout,560022,1,32,1900,1.02,6,Apr 2029,2024
PRM/KA/RERA/1251/308/PR/210524/006926,Fortuners Infra Elixir,Fortuners Infra,ongoing,12.806582,77.715512,portal_latlng,high,,Chandapura,560099,1,60,3744,1.57,10,Sep 2026,2024
PRM/KA/RERA/1251/446/PR/210524/006931,Saranya Signature,Saranya Builders,ongoing,13.026991,77.753623,village_centroid,medium,"Village Kumbena Agrahara (Bangalore South), match 1.00, area 1.2 sq km",Kumbena Agrahara,560067,1,98,3981,2.25,17,Jun 2027,2024
PRM/KA/RERA/1251/309/PR/200524/006910,Assetz Soho & Sky Phase 1B,Apg Imperial Homes Private Limited,ongoing,13.07032,77.6141,portal_latlng,high,,Jakkuru,560064,3,120,18266,1.126,7,Dec 2027,2024
PRM/KA/RERA/1251/309/PR/200524/006911,Shashank Akshaya,M/S. Shashank Infra Projects,new,13.10484,77.60889,portal_latlng,high,,Kempegowda Ward,560064,1,112,5597,1.76,19,Apr 2027,2024
PRM/KA/RERA/1251/310/PR/180524/006902,Royal Enclave,Mega Builders,ongoing,13.034104,77.528657,portal_latlng,high,,Peenya,560058,1,60,2729,2.5,10,Mar 2027,2024
PRM/KA/RERA/1250/304/PR/180524/006896,Jp Lavender Block-B,Jp Housing Corporation,new,13.058758,77.782596,portal_latlng,high,,Doddagattiganabbe,562114,1,24,1568,1.498,4,Dec 2026,2024
PRM/KA/RERA/1251/310/PR/180524/006901,Pacific Legacy,Maryiam Infrastructure Private Limited,ongoing,12.900895,77.607825,portal_latlng,high,,Bilekhalli,560072,1,40,2240,1.76,7,Dec 2025,2024
PRM/KA/RERA/1251/309/PR/180524/006894,Brigade Insignia,Brigade Tetrarch Private Limited,new,13.110364,77.606708,portal_latlng,high,,Kempegowda Ward,560064,6,379,23801,4.06,11,Jun 2029,2024
PRM/KA/RERA/1251/310/PR/180524/006906,Garudaathri Nilaya,M/S. Garudaathri Developers,ongoing,12.860655,77.601223,portal_latlng,high,,Kalena Agrahara,560076,1,24,1055,1.74,4,Dec 2025,2024
PRM/KA/RERA/1251/446/PR/180524/006889,Sekhar Oakwoods,Sekhar Builders And Infratech Private Limited,new,13.01121,77.742248,portal_latlng,high,,Sadaramangala,560067,1,96,12982,1.75,16,Mar 2027,2024
PRM/KA/RERA/1251/309/PR/180524/006900,Dhara Nakshthra,Dhara Home Spaces,new,13.080369,77.536526,portal_latlng,high,,Kuvempunagar,560097,2,128,5717,2.5,11,Mar 2027,2024
PRM/KA/RERA/1250/304/PR/180524/006898,Jp Lavender Block-A,Jp Housing Corporation,new,13.058758,77.782596,portal_latlng,high,,Doddagattiganabbe,562114,1,76,4704,1.495,13,Dec 2026,2024
PRM/KA/RERA/1250/304/PR/170524/006887,Sanjeevini Aarna,Sanjeevini Projects,ongoing,13.077803,77.807213,portal_latlng,high,,Kannurahalli,562114,2,224,9611,2.5,19,Sep 2027,2024
PRM/KA/RERA/1251/446/PR/170524/006883,Century Regalia (Project 1),Suruchi Properties Private Limited,new,12.956625,77.646891,portal_latlng,high,,Jeevanbhima Nagar,560052,1,176,14458,2.25,30,Apr 2029,2024
PRM/KA/RERA/1251/446/PR/170524/006886,Msr Passion Square,Msr Shelters Llp,new,12.890106,77.690433,portal_latlng,high,,Gattahalli,560035,2,154,6727,2.245,13,Sep 2026,2024
PRM/KA/RERA/1251/446/PR/170524/006882,Godrej Woodscapes,Godrej Properties Limited,new,13.048255,77.751925,portal_latlng,high,,Doddabanahalli,560049,13,2168,45352,3.247,28,Jan 2029,2024
PRM/KA/RERA/1251/446/PR/170524/006879,Shreevari Sannidhi,Shreevari Constructions,ongoing,13.041107,77.662203,portal_latlng,high,,Horamavu,560043,1,40,1563,2.23,7,Sep 2025,2024
PRM/KA/RERA/1251/446/PR/170524/006888,Godrej Woodscapes Phase 2,Godrej Properties Limited,new,13.047276,77.751294,portal_latlng,high,,Doddabanahalli,560049,2,232,24316,37062.0,20,Jun 2030,2024
PRM/KA/RERA/1251/309/PR/160524/006878,Cobalt At Brigade El Dorado,Brigade Tetrarch Private Limited,new,13.144304,77.68444,portal_latlng,high,,Bagalur,562149,1,948,13594,0.22,45,Jun 2029,2024
PRM/KA/RERA/1251/446/PR/150524/006874,Myhna Orchid,Myhna Estate Projects,new,12.919533,77.731954,portal_latlng,high,,Varthuru,560037,2,405,20170,2.25,34,Dec 2027,2024
PRM/KA/RERA/1251/472/PR/140524/006872,Prestige Camden Gardens,Prestige Estates Projects Ltd,new,13.09402,77.636261,portal_latlng,high,,Kogilu,560064,1,117,6863,3.0,20,Dec 2027,2024
PRM/KA/RERA/1251/310/PR/040524/006862,Casagrand Casablanca,Casagrand Lotus Private Limited,new,12.855161,77.542153,portal_latlng,high,,Hemmigepura,560062,4,805,70010,2.25,34,May 2029,2024
PRM/KA/RERA/1251/309/PR/040524/006853,B V Maple,B V Promoters,ongoing,12.870095,77.543283,portal_latlng,high,,Hemmigepura,560062,1,68,3743,2.23,12,Dec 2026,2024
PRM/KA/RERA/1251/446/PR/040524/006850,Urban Village,D Damodar Naidu,ongoing,13.026672,77.767567,portal_latlng,high,,Kadgodi Nmct,560036,1,33,1619,2.5,6,Jun 2026,2024
PRM/KA/RERA/1251/446/PR/040524/006861,Udbhav Gokulam,Udbhav Builders And Developers,new,12.939829,77.726045,portal_latlng,high,,Varthuru,560087,2,179,7579,17754.0,15,Mar 2027,2024
PRM/KA/RERA/1251/446/PR/040524/006855,Mukunda Gokulam,Mukunda Builders,new,13.001362,77.745491,portal_latlng,high,,Belathur,560067,5,196,9037,1.75,7,Dec 2027,2024
PRM/KA/RERA/1251/446/PR/040524/006860,Nava Vajra,Nava Jyothi Shelters Private Limited,new,13.041107,77.662203,portal_latlng,high,,Horamavu,560043,6,388,18437,2.25,11,Mar 2028,2024
PRM/KA/RERA/1251/446/PR/040524/006858,Srinidhi-The Urban Suites,Srinidhi Designbuild Private Limited,ongoing,12.970882,77.67114,portal_latlng,high,,Vijnana Nagar,560037,1,107,7081,1.75,18,Mar 2027,2024
PRM/KA/RERA/1251/446/PR/030524/006840,Sapthagiri Nirvana,M/S Sapthagiri Ventures,ongoing,12.920878,77.737534,portal_latlng,high,,Varthuru,560087,1,95,5397,2.25,16,Jan 2027,2024
PRM/KA/RERA/1251/309/PR/030524/006839,Concorde Mayfair,Concorde Housing Corporation Pvt Ltd,new,13.095751,77.596352,portal_latlng,high,,Kempegowda Ward,560064,5,477,13551,3.25,16,Nov 2028,2024
PRM/KA/RERA/1251/309/PR/030524/006841,Ds Max Swastika,Asha Satish,new,13.027311,77.620401,portal_latlng,high,,Nagavara,560049,2,68,4046,1.75,6,Mar 2027,2024
PRM/KA/RERA/1250/304/PR/030524/006836,Isha Hilife,Isha Corp,new,12.982111,77.783472,portal_latlng,high,,Harohalli,560067,2,195,9712,2.25,17,Dec 2026,2024
PRM/KA/RERA/1251/446/PR/030524/006842,Bren Imperia Grande,Bren Corporation,new,12.907131,77.671284,portal_latlng,high,,Doddakanahalli,560035,3,327,48544,2.2,19,Oct 2027,2024
PRM/KA/RERA/1251/308/PR/240424/006833,Vrl Happy Homes,Vrl Constructions,ongoing,12.874818,77.786678,portal_latlng,high,,Sarjapura,562125,1,40,1669,1.72,7,Mar 2025,2024
PRM/KA/RERA/1251/446/PR/220424/006826,Ckpc Horizon,Ckpc Horizon Private Limited,new,12.912936,77.668849,portal_latlng,high,,Doddakanahalli,560103,1,12,1725,1.75,2,Dec 2025,2024
PRM/KA/RERA/1251/472/PR/220424/006824,Sri Rama Enclave,Mega Infra,ongoing,13.066592,77.566668,portal_latlng,high,,Dodda Bommasandra,560092,2,64,4194,1.75,6,Sep 2026,2024
PRM/KA/RERA/1251/308/PR/220424/006830,Casagrand Vivacity,Casa Grande Garden City Builders Pvt Ltd,new,12.85161,77.693274,portal_latlng,high,,Singena Agrahara,560099,2,717,42593,2.25,45,Apr 2029,2024
PRM/KA/RERA/1251/308/PR/220424/006827,Rrl Palacio,Rrl Builders And Developers Private Limited,new,12.834985,77.78238,portal_latlng,high,,S Medihalli,562125,2,103,5873,1.99,9,Dec 2026,2024
PRM/KA/RERA/1251/446/PR/220424/006831,Green Edge Signature,Green Edge Ventures,ongoing,12.944067,77.751214,portal_latlng,high,,Varthuru,560087,2,216,14771,1.98,18,Dec 2026,2024
PRM/KA/RERA/1251/446/PR/190424/006813,Trifecta Vanto Phase-1,Trifecta Projects Private Limited,new,12.880757,77.715378,portal_latlng,high,,Avalahalli,560035,2,825,36678,2.25,45,Aug 2027,2024
PRM/KA/RERA/1251/446/PR/190424/006810,Sri Sathvik Nandanam,Srikanth Builders And Developers,ongoing,12.983925,77.673114,portal_latlng,high,,Jalakanteshwara Nagara,560093,1,96,4148,1.75,16,Dec 2024,2024
PRM/KA/RERA/1251/310/PR/180424/006789,Celestium,Vainavi Infrastructures,new,12.896425,77.581709,portal_latlng,high,,Puttenahalli - Sarakki Lake,560078,2,44,4069,3.43,4,Dec 2028,2024
PRM/KA/RERA/1251/310/PR/180424/006801,Shravanthi Prakruti,Bkn Developers Pvt Ltd,new,12.843775,77.627926,portal_latlng,high,,S Bingipura,560100,4,180,8700,1.75,8,Mar 2028,2024
PRM/KA/RERA/1251/446/PR/180424/006803,Orion Heights,Sri Balaji Ventures,new,12.892275,77.718574,portal_latlng,high,,Bengaluru East,560068,1,115,6981,2.24,20,Dec 2025,2024
PRM/KA/RERA/1251/446/PR/180424/006788,Sai Silicon Heights,United Developers,new,12.974839,77.766821,portal_latlng,high,,Hagadur,560066,3,208,11806,2.5,12,Dec 2027,2024
PRM/KA/RERA/1251/446/PR/180424/006797,Miraya Woods By Ukn,Waterline Hotels Private Limited,new,12.956673,77.733999,portal_latlng,high,,Whitefield,560066,1,72,4017,2.25,12,Oct 2029,2024
PRM/KA/RERA/1251/310/PR/180424/006787,Suraksha Springs,Auk Suraksha Properties,new,12.862202,77.614636,portal_latlng,high,,Mylasandra,560076,1,180,8818,2.5,30,Mar 2027,2024
PRM/KA/RERA/1251/446/PR/180424/006808,Vaswani Starlight,Vaswani Estates Developers Private Limited,new,12.979324,77.737376,portal_latlng,high,,Belathur,560066,3,269,20308,2.5,15,Dec 2029,2024
PRM/KA/RERA/1251/446/PR/060424/006780,In That Quiet Earth Phase 2C,Total Environment Constructions Private Limited,new,13.057209,77.677773,portal_latlng,high,,Kalkere,562149,1,120,12849,2.23,20,Mar 2031,2024
PRM/KA/RERA/1251/310/PR/060424/006779,Harivishram,Sri Sumeru Realty Private Limited,ongoing,12.815077,77.505517,portal_latlng,high,,Kaggalipura,560082,2,152,8561,1.99,13,Mar 2027,2024
PRM/KA/RERA/1251/446/PR/060424/006778,Trifecta Verdeen Resplandor Row House Phase-3,Trifecta Projects Private Limited,new,13.109263,77.75084,portal_latlng,high,,Kodigehalli,560067,2,49,7284,1.75,5,Sep 2026,2024
PRM/KA/RERA/1251/446/PR/060424/006781,Radiance Floresta,Radiance Realty Developers India Limited,new,13.080556,77.66225,portal_latlng,high,,Kyalasanahalli,562149,3,65,7411,1.65,4,May 2028,2024
PRM/KA/RERA/1251/310/PR/030424/006769,Krishna Residency,Sree Venkateshwara Builders,ongoing,12.86662,77.538139,portal_latlng,high,,Hemmigepura,560062,1,64,2853,1.75,11,Aug 2025,2024
PRM/KA/RERA/1251/310/PR/280324/006731,Varad,Satyam Builders & Developers,new,12.832704,77.694538,portal_latlng,high,,Bommasandra,560100,2,91,5767,1.75,8,Dec 2027,2024
PRM/KA/RERA/1251/446/PR/280324/006744,Pushkalam Heritage,Pushkalam Developers,ongoing,13.050915,77.75503,portal_latlng,high,,Doddabanahalli,560049,2,240,10707,3.249,20,Mar 2028,2024
PRM/KA/RERA/1251/309/PR/280324/006745,Assetz Sora & Saki Phase 3,Vedant Homes,new,13.147297,77.680424,portal_latlng,high,,Bagalur,562149,2,304,9148,3.24,26,Apr 2029,2024
PRM/KA/RERA/1251/310/PR/280324/006746,Azur Tower D,Lodha Developers Limited,new,12.872198,77.608178,portal_latlng,high,,Hulimavu,560068,1,112,1607,2.49,19,Apr 2030,2024
PRM/KA/RERA/1251/308/PR/280324/006756,Disha Pursuit Of The Elements Phase 1,Dishahabitat Projects Llp,new,12.92055,77.75372,portal_latlng,high,,Anekal,560087,5,843,48562,2.248,29,Dec 2027,2024
PRM/KA/RERA/1251/310/PR/280324/006754,Nisarga Residency,G R Infra,ongoing,12.897649,77.491828,portal_latlng,high,,Hemmigepura,560060,1,44,2327,2.16,8,Jul 2025,2024
PRM/KA/RERA/1251/446/PR/280324/006759,Dsr The Courtyard,Dsr Infraprojects,new,12.919988,77.725546,portal_latlng,high,,Varthuru,560087,3,227,11027,24804.7,13,Feb 2027,2024
PRM/KA/RERA/1251/310/PR/280324/006749,Srs Sunrise,Srs Builders And Developers,ongoing,12.880781,77.658905,portal_latlng,high,,Naganathapura,560100,1,28,1519,1.75,5,Dec 2025,2024
PRM/KA/RERA/1251/309/PR/280324/006752,Dhiraan Galaxy,Dhiraan Infrastructure Pvt. Ltd.,ongoing,13.093179,77.603199,portal_latlng,high,,Kempegowda Ward,560064,1,24,775,1.9,4,Aug 2026,2024
PRM/KA/RERA/1251/446/PR/280324/006740,Shilpa Rathna,Shilpa High Rise Private Limited,new,13.002,77.3959,portal_latlng,high,,Gangenahalli,560016,1,110,6550,2.24,19,Jan 2027,2024
PRM/KA/RERA/1251/310/PR/280324/006738,Dwara Orville,Dwara Developers,ongoing,12.850627,77.596348,portal_latlng,high,,Kalena Agrahara,560083,1,28,4723,1.22,5,Jun 2027,2024
PRM/KA/RERA/1251/472/PR/280324/006742,Axis Oaklyn,Axis Concept Construction Pvt Ltd,new,13.155694,77.6215,portal_latlng,high,,Hunasamaranahalli Og,562157,1,56,4350,1.749,10,Mar 2027,2024
PRM/KA/RERA/1251/446/PR/280324/006768,Casagrand Regal,Casa Grande Garden City Builders Pvt Ltd,new,13.04895,77.636734,portal_latlng,high,,Thanisandra,560045,1,72,5792,1.74,12,Mar 2027,2024
PRM/KA/RERA/1250/303/PR/280324/006747,Ar Villas,S & S Properties,new,13.207572,77.650084,portal_latlng,high,,Settigere,562110,1,26,9903,0.9,5,Dec 2024,2024
PRM/KA/RERA/1251/308/PR/280324/006766,The Right Life,Neobuild Ventures Llp,new,12.898573,77.74565,portal_latlng,high,,Dommasandra Nmct,560087,3,683,62473,3.0,38,Dec 2035,2024
PRM/KA/RERA/1251/308/PR/220324/006727,Sowmya Skyla,Sowmya Infra Projects,ongoing,12.827938,77.694053,portal_latlng,high,,Bommasandra,560100,2,68,3515,1.74,6,Dec 2026,2024
PRM/KA/RERA/1251/310/PR/220324/006728,Azur,Lodha Developers Limited,new,12.872198,77.608178,portal_latlng,high,,Hulimavu,560068,2,232,4267,2.49,20,Oct 2029,2024
PRM/KA/RERA/1251/310/PR/210324/006724,Ds Max Sky Blossom,Ds-Max Properties Private Limited,new,12.870339,77.634787,portal_latlng,high,,Begur,560068,1,255,6171,2.25,43,Feb 2029,2024
PRM/KA/RERA/1251/310/PR/210324/006722,Abhee Riviera Royale,Abheeventures Pvt Ltd,new,12.889894,77.654247,portal_latlng,high,,Kudlu,560068,1,96,6981,1.67,16,Feb 2027,2024
PRM/KA/RERA/1250/304/PR/210324/006726,Provident Botanico,Provident Housing Limited,new,12.991011,77.805262,portal_latlng,high,,Hemmandahalli,562114,9,1275,69302,180959.0,24,Sep 2028,2024
PRM/KA/RERA/1251/308/PR/210324/006708,Skr Gardens,Skr Gardens,new,12.802906,77.651945,portal_latlng,high,,Bandenallasandra,560105,1,84,18616,1.06,14,Dec 2026,2024
PRM/KA/RERA/1251/309/PR/210324/006718,Tnm Lakeview,Y V Constructions,ongoing,13.121568,77.620713,portal_latlng,high,,Kogilu,560064,1,36,1760,2.25,6,Oct 2026,2024
PRM/KA/RERA/1251/310/PR/210324/006712,Mahindra Zen,Mahindra Lifespace Developers Limited,new,12.872806,77.642139,portal_latlng,high,,Rupenaagrahara,560068,2,228,17199,2.25,19,Dec 2028,2024
PRM/KA/RERA/1251/446/PR/210324/006717,Devagiri Opal,Devagiri Projects,new,13.002367,77.736127,portal_latlng,high,,Hudi,560067,8,336,16946,37559.7,7,Jun 2026,2024
PRM/KA/RERA/1251/308/PR/150324/006705,Agani Velocity,Agani Projects Private Limited,new,12.831889,77.660824,portal_latlng,high,,Hulimangala,562125,1,60,3035,1.75,10,Dec 2030,2024
PRM/KA/RERA/1251/309/PR/150324/006702,Assetz Sun & Sanctum - Phase 2,Apg Abode Homes Private Limited,ongoing,13.021538,77.703149,portal_latlng,high,,Medahalli,560036,2,70,16895,2.24,6,Jul 2026,2024
PRM/KA/RERA/1251/310/PR/140324/006701,Casagrand Amor,Casa Grande Garden City Builders Pvt Ltd,new,12.860676,77.608147,portal_latlng,high,,Kalena Agrahara,560068,1,480,31628,2.0,45,Feb 2028,2024
PRM/KA/RERA/1251/446/PR/070324/006698,Sai Raghavendra'S Tiara,Sai Raghavendra Constructions And Developers,ongoing,12.978758,77.739476,portal_latlng,high,,Belathur,560066,2,265,16157,2.25,23,Jan 2026,2024
PRM/KA/RERA/1251/309/PR/070324/006697,Candeur Novo Gardenia,Novolife Innovative Structures Llp,ongoing,12.92776,77.73908,portal_latlng,high,,Varthuru,560087,3,332,12949,100000000.0,19,Dec 2027,2024
PRM/KA/RERA/1251/309/PR/060324/006692,Assetz Sora & Saki Phase 1,Netra Software Technologies Private Limited,new,13.14778,77.6808,portal_latlng,high,,Bagalur,562149,2,358,23598,3.24,30,Sep 2028,2024
PRM/KA/RERA/1251/446/PR/060324/006690,Lotus Hill,Acrolith Builders,new,12.95027,77.757185,portal_latlng,high,,Varthuru,560087,1,28,1267,1.75,5,Dec 2025,2024
PRM/KA/RERA/1251/446/PR/060324/006675,Inspira Infinity,Inspira Infinity Limited Liability Partnership,ongoing,12.937659,77.746911,portal_latlng,high,,Varthuru,560035,1,105,5362,2.25,18,Jan 2029,2024
PRM/KA/RERA/1251/446/PR/060324/006674,Vikyath Signature,Vikyath Properties Pvt Ltd,new,13.013515,77.732875,portal_latlng,high,,Bengaluru East,560049,2,315,12746,2.5,27,Dec 2030,2024
PRM/KA/RERA/1251/446/PR/060324/006667,Lakeside 24,Sylvan Acres Realty Private Limited,new,13.096192,77.647834,portal_latlng,high,,Nagareshwara Naganahalli,562149,1,131,6816,2.009,22,Oct 2028,2024
PRM/KA/RERA/1251/310/PR/060324/006688,Telosa,Kinglife Infra Private Limited,new,12.928165,77.638809,portal_latlng,high,,Koramangala,560034,1,8,628,2.25,2,Mar 2030,2024
PRM/KA/RERA/1251/309/PR/060324/006682,Belvedere By Ukn Airport District -Phase 2,U.K.N. Properties Private Limited,new,13.20379,77.64307,portal_latlng,high,,Navarathna Agrahara,562110,6,595,18543,2.492,17,Feb 2031,2024
PRM/KA/RERA/1251/310/PR/060324/006694,Bren Ananta,Bren Corporation Private Limited,new,12.818299,77.512522,portal_latlng,high,,Kaggalipura,560082,2,217,13253,2.744,19,Aug 2027,2024
PRM/KA/RERA/1251/309/PR/060324/006684,Vajram Newtown - Ii,Vajram Estates Private Limited,new,13.079282,77.63513,portal_latlng,high,,Thanisandra,560064,1,272,9412,31950.6,45,Jan 2028,2024
PRM/KA/RERA/1251/308/PR/060324/006679,Nyra Sunterra,Nyra Estates & Projects Private Limited,ongoing,12.821658,77.775562,portal_latlng,high,,Arenur,562125,58,58,9227,1.41,2,Jul 2027,2024
PRM/KA/RERA/1251/308/PR/060324/006683,"Upavan, Phase Ii",Ma Sarada Constructions,new,12.805806,77.680427,village_centroid,medium,"Village Hosahalli (Anekal), match 0.95, area 1.1 sq km",Hosahalli,560099,1,72,5969,1.4,12,Apr 2027,2024
PRM/KA/RERA/1251/446/PR/060324/006671,Jai Fortune Square,Jai Builders,new,12.998944,77.721832,portal_latlng,high,,Hudi,560048,1,136,8496,2.06,23,Dec 2025,2024
PRM/KA/RERA/1251/308/PR/060324/006691,Engrace Vista,Modern Spaaces Ventures,new,12.861681,77.75942,portal_latlng,high,,Hosahalli,562125,7,392,32577,2.249,10,Dec 2028,2024
PRM/KA/RERA/1251/309/PR/060324/006678,Navami Chamara Heights,Navami Chamara Heights,new,12.946729,77.482023,portal_latlng,high,,Ullal,560056,2,231,9055,4.2,20,Jun 2028,2024
PRM/KA/RERA/1251/446/PR/240306/006662,Dnr Arista Phase 2,Inesa Ventures Llp,ongoing,12.932221,77.678884,village_centroid,medium,"Village Kaikondahalli (Bangalore South), match 0.93, area 1.1 sq km",Bellanduru,nan,,,17705,,,Jul 2026,2024
PRM/KA/RERA/1251/446/PR/290224/006660,Prestige Somerville,Prestige Estates Projects Ltd,new,12.954621,77.742654,portal_latlng,high,,Whitefield,560066,2,306,26658,2.16,26,Dec 2027,2024
PRM/KA/RERA/1251/310/PR/280224/006657,East Park Residences,Ramsons Trendsquares Realty Llp,new,12.900368,77.709258,portal_latlng,high,,Bengaluru South,560035,6,497,26557,98817.7,14,Mar 2028,2024
PRM/KA/RERA/1251/446/PR/280224/006659,Vaishno Ambaram,Vaishno Ventures,ongoing,12.921337,77.734005,portal_latlng,high,,Varthuru,560087,1,143,5857,2.97,24,Aug 2027,2024
PRM/KA/RERA/1251/446/PR/200224/006641,Pavani Mirabilia Phase-Ii,Sai Sravanthi Infra Projects Pvt Ltd,ongoing,13.017146,77.762329,portal_latlng,high,,Kadugodi Plantation,560066,3,379,18550,4.0,22,Dec 2026,2024
PRM/KA/RERA/1251/446/PR/200224/006645,Nexsa Acuity,Nexsa Builders Private Limited,new,13.072032,77.653009,portal_latlng,high,,Byrathi,560049,1,23,929,2.25,4,Jun 2025,2024
PRM/KA/RERA/1251/309/PR/200224/006647,Sb Urban Park,Sb Urbanscapes,new,13.058837,77.61931,portal_latlng,high,,Jakkuru,560064,1,160,10218,2.24,27,Nov 2026,2024
PRM/KA/RERA/1251/472/PR/200224/006640,Millionaire Tower,Artismo,new,13.168336,77.633639,portal_latlng,high,,Kadigenahalli,562157,3,283,16288,3.0,16,Sep 2029,2024
PRM/KA/RERA/1251/446/PR/200224/006649,Embassy East Avenue,Vigor Developments Limited,new,12.98809,77.726891,portal_latlng,high,,Hudi,560066,3,393,15175,2.99,22,Sep 2028,2024
PRM/KA/RERA/1251/310/PR/160224/006631,Samaya Sunshine,M/S Samaya Infrastructures (Prop : Prasanna Kumar B M),new,12.905289,77.498955,portal_latlng,high,,Hemmigepura,560060,1,24,1354,1.75,4,Dec 2026,2024
PRM/KA/RERA/1251/472/PR/160224/006635,The Pinnacle,Sruthika Builders & Developers,ongoing,13.080321,77.53945,portal_latlng,high,,Kuvempunagar,560097,1,120,5400,12150.2,20,Dec 2027,2024
PRM/KA/RERA/1251/446/PR/160224/006626,Ssvr Niyaara,Ssvr Builders,new,12.945811,77.754134,portal_latlng,high,,Varthuru,560087,2,393,19545,2.23,33,Dec 2028,2024
PRM/KA/RERA/1251/310/PR/160224/006625,Elite Brookvale,Elite Infrastructures,ongoing,12.9056,77.49417,portal_latlng,high,,Hemmigepura,560060,1,36,2125,1.75,6,Oct 2025,2024
PRM/KA/RERA/1251/309/PR/160224/006634,Dioro & Beryl At Brigade El Dorado,Brigade Tetrarch Private Limited,new,13.144304,77.68444,portal_latlng,high,,Bagalur,562149,2,1325,27578,0.16,45,Jun 2028,2024
PRM/KA/RERA/1251/308/PR/150224/006623,Pruthvi Homes,Pruthvi Projects,new,12.753705,77.646453,portal_latlng,high,,Nosenur Gollahalli,560099,1,32,1153,1.75,6,Dec 2026,2024
PRM/KA/RERA/1251/446/PR/150224/006619,Lvs Paradise,Lvs Builders And Developers,new,13.037718,77.704652,portal_latlng,high,,I T I Notified Area,560036,1,84,3793,2.25,14,Dec 2025,2024
PRM/KA/RERA/1250/304/PR/150224/006622,Ds Max Sky Samurai,Ds-Max Properties Private Limited,new,12.98387,77.82542,portal_latlng,high,,Obalapura,560067,1,285,7258,2.22,45,Dec 2028,2024
PRM/KA/RERA/1251/310/PR/090224/006616,Shriram Sapphire,Shriram Properties Limited,new,12.822968,77.693165,portal_latlng,high,,Bommasandra,560099,6,414,22865,1.97,12,Nov 2028,2024
PRM/KA/RERA/1251/446/PR/050224/006610,Urbanest Elite 35,Urbanest Realty,ongoing,13.073236,77.742347,portal_latlng,high,,Cheemasandra,560049,1,35,1921,1.74,6,Dec 2026,2024
PRM/KA/RERA/1250/304/PR/050224/006608,Mithila Splendor,Sri Jagati Properties,new,12.942724,77.76802,portal_latlng,high,,Nekkundi Dommasandra,560067,2,124,7435,1.75,11,Oct 2026,2024
PRM/KA/RERA/1251/472/PR/050224/006611,North Park,Max Global Developers,new,13.146281,77.678788,portal_latlng,high,,Bagalur,562149,2,354,9103,3.24,30,Dec 2028,2024
PRM/KA/RERA/1251/446/PR/300124/006585,Dream Scape,Yash Elite Spaces,ongoing,12.879428,77.785465,portal_latlng,high,,Sarjapura,562125,1,40,7081,1.26,7,Aug 2026,2024
PRM/KA/RERA/1251/446/PR/300124/006599,Sree Adithya Lotus Park,Sree Adithya Developers,ongoing,13.01692,77.718024,portal_latlng,high,,Basavanapura,560049,2,141,8093,1.74,12,Sep 2026,2024
PRM/KA/RERA/1251/308/PR/300124/006589,Villa Bellissimo,Urbanize Land Holdings Private Limited,new,12.814763,77.649879,portal_latlng,high,,Kyalasanahalli,560105,1,103,32880,1.75,18,Dec 2028,2024
PRM/KA/RERA/1251/310/PR/300124/006595,Cityville Valmark Phase 2A,Valmark Developers Private Limited,new,12.862494,77.604425,portal_latlng,high,,Kalena Agrahara,560072,3,70,112602,2.0,4,Jun 2027,2024
PRM/KA/RERA/1251/310/PR/300124/006590,Sv Brezza 2,S V Developers,new,12.911714,77.523058,portal_latlng,high,,Rajarajeshwari Nagar,560098,1,44,2270,2.09,8,Dec 2026,2024
PRM/KA/RERA/1251/308/PR/300124/006588,Ars Signaturehomes Phase-2,Ars Infraa,ongoing,12.871278,77.76673,portal_latlng,high,,Kadagrahara,562125,2,253,14619,2.25,22,Jul 2025,2024
PRM/KA/RERA/1251/446/PR/300124/006601,Assetz 66 & Shibui,Apg Environment Homes Private Limited,new,12.97327,77.75043,portal_latlng,high,,Hagadur,560066,1,96,7385,3.0,16,Jun 2028,2024
PRM/KA/RERA/1251/472/PR/250124/006572,Amigo Amparo,Amigo Properties India Llp,ongoing,13.082279,77.631558,portal_latlng,high,,Kogilu,560064,1,149,8193,2.25,25,Dec 2026,2024
PRM/KA/RERA/1251/309/PR/220124/006568,Snn Estates Felicity,Snn Builders Private Limited,ongoing,13.066812,77.623025,portal_latlng,high,,Jakkuru,560064,9,580,26304,2.67,11,Dec 2028,2024
PRM/KA/RERA/1251/308/PR/220124/006570,Binary Temple Tree,Binary Realty,new,12.863573,77.773545,portal_latlng,high,,Chikkadunnasandra,562125,1,149,10015,2.25,25,Dec 2028,2024
PRM/KA/RERA/1251/310/PR/220124/006569,Parkwest - Sequoia - Tower 11,Relationship Properties Private Limited,new,12.964129,77.560077,portal_latlng,high,,Jagajivanaram Nagar,560023,1,182,11320,35350.2,31,Feb 2029,2024
PRM/KA/RERA/1251/446/PR/180124/006559,Desai Empire,Desai Developers,ongoing,12.961223,77.73431,portal_latlng,high,,Whitefield,560066,1,171,8372,2.25,29,Dec 2026,2024
PRM/KA/RERA/1251/309/PR/160124/006550,Nikoo Homes Vi - Phase-2,Bhartiya Urban Private Limited,new,13.104793,77.609085,portal_latlng,high,,Kogilu,560064,2,267,13597,2.5,23,Sep 2029,2024
PRM/KA/RERA/1251/472/PR/160124/006539,Jahnavi Brindavan,Affinity Projects,new,13.113452,77.574494,portal_latlng,high,,Someshwara Ward,560064,1,24,1672,2.25,4,Nov 2026,2024
PRM/KA/RERA/1251/308/PR/160124/006546,Falcon By Bhp,Bhp Housing,new,12.841646,77.771914,portal_latlng,high,,Bilchikkanahalli,562125,1,276,11938,1.99,45,Dec 2025,2024
PRM/KA/RERA/1251/472/PR/160124/006543,Nikoo Homes Vi - Phase - 1,Bhartiya Urban Private Limited,new,13.104793,77.609085,portal_latlng,high,,Kogilu,560064,3,365,18777,2.5,21,Jan 2029,2024
PRM/KA/RERA/1251/308/PR/160124/006554,Sri Sai Vihar,Sri Sai Ventures,ongoing,12.875709,77.769657,portal_latlng,high,,Sompura,562125,1,88,3642,1.74,15,Nov 2028,2024
PRM/KA/RERA/1251/446/PR/301223/006522,Aratt Avant Twilight - Phase I,Arattukulam Infrastructureconstructions Private Limited,new,13.060777,77.75763,portal_latlng,high,,Bidarena Agrahara,560049,1,93,5261,2.0,16,Jan 2028,2023
PRM/KA/RERA/1251/308/PR/301223/006524,Sri Vidhathri Vasantham,Sri Vidhathri Construction Private Limited,ongoing,13.038203,77.687277,portal_latlng,high,,I T I Notified Area,560105,1,56,2934,1.73,10,Dec 2026,2023
PRM/KA/RERA/1251/310/PR/301223/006521,Supreme Symphony,Supreme Builders,ongoing,12.905406,77.492338,portal_latlng,high,,Hemmigepura,560060,1,44,1697,1.75,8,Mar 2026,2023
PRM/KA/RERA/1251/310/PR/291223/006518,Shiva Sakthi,Shivashakthi Builders And Developers,ongoing,12.911216,77.557876,portal_latlng,high,,Padmanabha Nagar,560085,1,56,7486,1.0,10,Mar 2027,2023
PRM/KA/RERA/1251/310/PR/291223/006517,Garudadri Gardens,Sri Garudadri Constructions,ongoing,12.904039,77.493745,portal_latlng,high,,Hemmigepura,560060,1,56,2932,2.25,10,Jun 2025,2023
PRM/KA/RERA/1251/446/PR/281223/006511,Nr Prime Residency,Hashmitha Constructions,new,12.943903,77.654113,portal_latlng,high,,Bellanduru,560017,1,40,2028,1.75,7,Dec 2025,2023
PRM/KA/RERA/1251/308/PR/281223/006516,Signature Pristine,Signature Dwellings Private Limited,new,12.892719,77.780967,portal_latlng,high,,Volagerekallahalli,562130,1,156,9708,1.74,26,Dec 2025,2023
PRM/KA/RERA/1251/309/PR/181223/006491,Concorde Antares,Concorde Housing Corporation Pvt Ltd,new,13.09536,77.54293,portal_latlng,high,,Atturu Layout,560064,5,592,26711,2.25,20,Dec 2028,2023
PRM/KA/RERA/1251/446/PR/181223/006492,Aratt Avant Twilight,Arattukulam Infrastructure Constructions Private Limited,new,13.060777,77.75763,portal_latlng,high,,Bidarena Agrahara,560049,2,162,9459,29427.8,14,Oct 2027,2023
PRM/KA/RERA/1251/446/PR/181223/006500,Mana Jardin Neo,Mana Constructions Llp,new,12.892296,77.71854,portal_latlng,high,,Bengaluru East,560037,2,78,9611,2.25,7,Dec 2032,2023
PRM/KA/RERA/1250/303/PR/151223/006485,Ivory Phase 2 At Brigade Orchards,Bcv Developers Pvt Ltd,new,13.237063,77.72428,portal_latlng,high,,Rayasandra,562110,3,487,14134,2.34,28,Dec 2027,2023
PRM/KA/RERA/1251/446/PR/151223/006486,Z-Hub By Sumadhura,Sumadhura Mtb Developers Llp,ongoing,12.984865,77.733447,portal_latlng,high,,Belathur,560066,2,318,5666,2.5,27,Mar 2026,2023
PRM/KA/RERA/1251/446/PR/151223/006481,Bhavisha Bilva,Bhavisha Properties,new,12.857558,77.786406,portal_latlng,high,,Sarjapura,562125,1,32,2428,1.74,6,Dec 2024,2023
PRM/KA/RERA/1251/310/PR/151223/006489,Ds Max Sista Grand,Ds Max Properties Private Limited,new,13.08654,77.441485,portal_latlng,high,,Dasanapura,560061,1,212,8906,1.98,36,Dec 2027,2023
PRM/KA/RERA/1251/446/PR/151223/006478,Dnr Parklink Phase 2,Dnr Corporation Pvt Ltd,new,13.080027,77.653981,portal_latlng,high,,Kothanur,560077,3,428,20247,3.0,24,May 2029,2023
PRM/KA/RERA/1251/446/PR/151223/006488,Ankuraa Meridian,Ankuraa Developers,ongoing,13.010281,77.750705,portal_latlng,high,,Belathur,560067,4,300,16035,3.0,13,Jun 2027,2023
PRM/KA/RERA/1251/446/PR/151223/006487,Orchid Life,Goyal Hariyana Associates,new,12.9259,77.727018,portal_latlng,high,,Varthuru,560087,5,772,29238,3.0,26,Feb 2030,2023
PRM/KA/RERA/1251/446/PR/141223/006468,Folium By Sumadhura Phase-Iii,Sumadhura Infracon Private Limited,new,12.965617,77.743921,portal_latlng,high,,Whitefield,560066,1,200,11179,2.25,34,Dec 2026,2023
PRM/KA/RERA/1250/303/PR/141223/006472,Mvn Aero One T5 & T6,Mf Farmlands Private Limited,ongoing,13.216257,77.709916,portal_latlng,high,,Anneswara,562110,2,137,7850,2.248,12,Jul 2027,2023
PRM/KA/RERA/1251/310/PR/071223/006454,Assetz Canvas & Cove 2.0 – Block B & C,Apg Habitat Private Limited,new,12.8702,77.6346,portal_latlng,high,,Begur,560068,2,373,38546,1.38,32,Oct 2028,2023
PRM/KA/RERA/1251/446/PR/071223/006456,Sai Crystal,Slv Builders,ongoing,12.91908,77.695636,portal_latlng,high,,Doddakanahalli,560035,1,19,951,1.72,4,Oct 2024,2023
PRM/KA/RERA/1251/446/PR/041223/006446,La Vita,Sattva Real Estate Private Limited,new,13.080488,77.650683,portal_latlng,high,,Bengaluru East,562149,8,63,12140,1.35,2,Jul 2026,2023
PRM/KA/RERA/1251/309/PR/271123/006440,Orchid Salisbury,Goyal Hariyana Enterprises,new,13.089891,77.634762,portal_latlng,high,,Kogilu,560064,7,663,24584,3.0,16,Dec 2028,2023
PRM/KA/RERA/1251/309/PR/271123/006435,Fusion 4 Oyster,Fusion 4 Construction,ongoing,13.099922,77.56112,portal_latlng,high,,Atturu Layout,560064,1,40,2018,2.25,7,Jan 2026,2023
PRM/KA/RERA/1251/309/PR/271123/006444,Nikoo Homes V - Phase - 2,Bhartiya Urban Private Limited,new,13.079334,77.642102,portal_latlng,high,,Kogilu,560064,2,568,12246,2.99,45,Jun 2030,2023
PRM/KA/RERA/1251/446/PR/271123/006439,Chaithanya Sankhya,Chaithanya Projects Private Limited,new,13.068867,77.735361,portal_latlng,high,,Hirandahalli,560049,1,44,11837,2.248,8,Nov 2028,2023
PRM/KA/RERA/1251/446/PR/271123/006437,Bhavisha Avighna,Bhavisha Properties,ongoing,12.857558,77.786406,portal_latlng,high,,Sarjapura,562125,1,20,1771,1.5,4,Dec 2024,2023
PRM/KA/RERA/1251/446/PR/271123/006433,Subha Esperanza,Subha Twin Fountains,new,12.948366,77.684828,portal_latlng,high,,Bellanduru,560037,1,102,6980,16111.0,17,Dec 2026,2023
PRM/KA/RERA/1250/303/PR/231123/006424,Fairmont At Brigade Orchards,Bcv Developers Pvt Ltd,new,13.228949,77.719121,portal_latlng,high,,Rayasandra,562110,2,92,6936,2.39,8,Dec 2027,2023
PRM/KA/RERA/1251/472/PR/231123/006428,Divine Green Leaf,M/S Green Leaf Projects,new,13.114785,77.573947,portal_latlng,high,,Chowdeswari Ward,560064,1,165,7436,2.16,28,Dec 2027,2023
PRM/KA/RERA/1251/446/PR/231123/006425,Samhita Serene Mtb-Phase Ii,Samhita Estates Llp,new,13.03943,77.697732,portal_latlng,high,,I T I Notified Area,560049,3,292,16216,1.98,17,Dec 2026,2023
PRM/KA/RERA/1251/308/PR/231123/006426,Sri Nandana Galaxy,Sri Nandana Builders,new,12.88241,77.765804,portal_latlng,high,,Yamare,562125,1,80,4553,1.73,14,Dec 2026,2023
PRM/KA/RERA/1251/446/PR/221123/006419,Aiikya Village Sarjapur,Aiikya Village Sarajapur Llp,new,12.846292,77.782949,portal_latlng,high,,Booragunte,562125,3,169,6879,2.75,10,Nov 2026,2023
PRM/KA/RERA/1251/446/PR/221123/006421,Aasara Greenwoods,Aasara Builders,ongoing,13.020581,77.736691,village_centroid,medium,"Village Sadaramangala (Bangalore South), match 1.00, area 2.7 sq km",Sadaramangala,560036,1,120,5564,2.25,20,Nov 2025,2023
PRM/KA/RERA/1250/304/PR/221123/006422,Jp Orchid,Jp Housing Corporation,new,13.065848,77.802338,portal_latlng,high,,Ganagalur,562114,1,24,1214,1.994,4,Jun 2025,2023
PRM/KA/RERA/1251/309/PR/171123/006418,Nikoo Homes V - Phase - 1,Bhartiya Urban Private Limited,new,13.079334,77.642102,portal_latlng,high,,Kogilu,560064,3,876,16630,2.99,45,Aug 2029,2023
PRM/KA/RERA/1251/472/PR/171123/006414,"Special Housing Under ""Pmay""",Rajiv Gandhi Housing Corporation Limited,ongoing,13.119462,77.675488,portal_latlng,high,,Doddenahalli,562130,25,2,13354,1.13,2,Aug 2024,2023
PRM/KA/RERA/1251/446/PR/091123/006405,Sbr Florenso,Sbr Infra,new,13.010093,77.764159,portal_latlng,high,,Bengaluru East,560067,5,104,9359,1.75,4,Dec 2027,2023
PRM/KA/RERA/1251/308/PR/091123/006402,Sreenidhi E-City,Sreenidhi Developers,ongoing,12.829657,77.650585,portal_latlng,high,,Hulimangala,560100,1,44,2608,1.74,8,Dec 2025,2023
PRM/KA/RERA/1251/309/PR/091123/006404,Warrior Central Bay,Y V Constructions,ongoing,13.115466,77.606998,portal_latlng,high,,Kempegowda Ward,561203,2,80,5463,1.498,7,Oct 2026,2023
PRM/KA/RERA/1251/446/PR/091123/006409,Mana Dale,Mana Projects Pvt Ltd,new,12.908393,77.715879,village_centroid,medium,"Village Kodathi (Bangalore South), match 1.00, area 7.2 sq km",Varthuru,560087,2,228,28227,1.207,19,Dec 2032,2023
PRM/KA/RERA/1251/446/PR/081123/006382,Prestige Glenbrook,Prestige Estates Projects Ltd,new,12.969378,77.740337,portal_latlng,high,,Whitefield,560066,2,285,18229,2.17,24,Jun 2027,2023
PRM/KA/RERA/1251/310/PR/071123/006379,The High Line Park,Gen Y Social Communities Llp,new,12.888066,77.452525,portal_latlng,high,,Kumbalagodu,560060,1,57,2398,3.249,10,Aug 2027,2023
PRM/KA/RERA/1251/308/PR/071123/006380,Abhee Celestial City,Nexplace Infrastructure,new,12.898695,77.749251,portal_latlng,high,,Thigala Chowdadenahalli,560087,1,399,19602,2.99,45,Jun 2029,2023
PRM/KA/RERA/1251/446/PR/041123/006375,Vision Royal Park,Vision Infra Constructions,new,12.965942,77.721944,portal_latlng,high,,Whitefield,560037,1,76,3743,1.75,13,Dec 2025,2023
PRM/KA/RERA/1251/446/PR/041123/006372,Brigade Sanctuary,Brigade Enterprises Ltd,new,12.895062,77.749062,portal_latlng,high,,Dommasandra Nmct,560087,8,1275,60399,3.0,27,Dec 2028,2023
PRM/KA/RERA/1251/310/PR/041123/006369,Raheja Vivarea - Phase 2,Chalet Hotels Limited,ongoing,12.926391,77.630952,portal_latlng,high,,Koramangala,560034,3,168,6343,3.25,10,Dec 2026,2023
PRM/KA/RERA/1250/303/PR/041123/006373,Provident Deansgate,Puravankara Limited,new,13.23837,77.645022,portal_latlng,high,,Uganahvadi,562110,1,147,30445,0.88,25,May 2027,2023
PRM/KA/RERA/1251/310/PR/271023/006352,Bonitas Landmark,Bonitas Developers & Builders,new,12.867726,77.535993,portal_latlng,high,,Hemmigepura,560062,1,4,1106,2661.0,2,Mar 2025,2023
PRM/KA/RERA/1251/308/PR/271023/006354,Arvind Forest Trails,Arvind Smartspaces Limited,ongoing,12.868008,77.775254,pin_centroid,low,PIN 562125 median of 106 located projects,Chikkadunnasandra,562125,1,253,63080,1.3,43,Jun 2029,2023
PRM/KA/RERA/1251/310/PR/271023/006360,Gravity Aranya Phase - 2,Gravity Estates,ongoing,12.893999,77.488174,portal_latlng,high,,Hemmigepura,560060,1,72,12440,1.52,12,Feb 2027,2023
PRM/KA/RERA/1251/308/PR/271023/006349,Rk Celesta,Rk Builders And Developers,ongoing,12.768637,77.770438,portal_latlng,high,,Arehalli,562107,1,114,4391,2.5,19,Dec 2025,2023
PRM/KA/RERA/1251/308/PR/271023/006364,Engrace 4,Modern Spaces,new,12.863184,77.757721,portal_latlng,high,,Hosahalli,562125,1,145,10875,2.249,25,Dec 2026,2023
PRM/KA/RERA/1251/310/PR/251023/006347,Assetz Canvas & Cove - Phase 1 Wing A & B,Apg Habitat Private Limited,new,12.87113,77.6347,portal_latlng,high,,Begur,560068,2,273,29592,2.1,23,Apr 2027,2023
PRM/KA/RERA/1251/446/PR/251023/006346,Spectra Parijatha,Spectra Constructions Private Limited,new,12.960188,77.731713,portal_latlng,high,,Whitefield,560066,3,140,8545,2.25,8,Aug 2028,2023
PRM/KA/RERA/1251/308/PR/171023/006333,Coevolve Florenza,Coevolve Estates Pvt. Ltd.,new,12.89877,77.787803,portal_latlng,high,,Ittangur,562125,4,381,16196,42701.0,16,Dec 2027,2023
PRM/KA/RERA/1251/310/PR/171023/006341,Mgr Windsor Gardens,Sri Manjunatha Developers,ongoing,12.901158,77.590047,portal_latlng,high,,Vinayakanagar,560078,1,36,2043,1.74,6,Dec 2025,2023
PRM/KA/RERA/1251/309/PR/161023/006323,Soul@Godrej Ananda,Universal Metro Properties Llp,new,13.147529,77.677616,portal_latlng,high,,Bagalur,562149,7,2210,34407,1.579,45,Aug 2028,2023
PRM/KA/RERA/1251/308/PR/131023/006319,Acorn Hive,Acorn Group,new,12.851055,77.733077,portal_latlng,high,,Muthanallur,560099,1,90,5766,1.99,15,Dec 2026,2023
PRM/KA/RERA/1251/309/PR/131023/006321,Mirabelle,G Corp Homes Private Limited,new,13.0496,77.62581,portal_latlng,high,,Jakkuru,560077,3,437,7736,2.62,25,Jun 2028,2023
PRM/KA/RERA/1251/310/PR/041023/006307,Casagrand Flamingo,Casa Grande Garden City Builders Private Limited,new,12.901501,77.645712,portal_latlng,high,,Agara,560068,1,218,14264,2.25,37,Sep 2026,2023
PRM/KA/RERA/1251/310/PR/041023/006306,Ygr Grandeur,Ygr Corp,ongoing,12.90928,77.512596,portal_latlng,high,,Rajarajeshwari Nagar,560098,1,16,1058,1.75,3,Dec 2023,2023
PRM/KA/RERA/1251/310/PR/041023/006300,Rv Fallon,R V Builders And Developers,ongoing,12.945263,77.538434,portal_latlng,high,,Veerabhadranagar,560026,1,28,1189,2.25,5,May 2027,2023
PRM/KA/RERA/1251/446/PR/220923/006282,"Sobha Neopolis Phase 3 - W 1, 2, 10 & 11",Sobha Limited,new,12.931226,77.713435,portal_latlng,high,,Munnekollala,560103,4,376,36283,2.99,16,Dec 2029,2023
PRM/KA/RERA/1251/446/PR/220923/006280,Psr Vanasree Phase-1,M/S Psr Builders And Developers,new,12.891308,77.709974,portal_latlng,high,,Bengaluru East,560099,1,168,6573,2.249,28,Dec 2026,2023
PRM/KA/RERA/1251/446/PR/220923/006283,"Sobha Neopolis Phase 4 - 3, 4, 8 & 9",Sobha Limited,new,12.931226,77.713435,portal_latlng,high,,Munnekollala,560103,4,376,20288,2.99,16,Dec 2031,2023
PRM/KA/RERA/1251/309/PR/200923/006268,High Life Towers,Meenakshi Infrra Projects,ongoing,13.05929,77.62329,portal_latlng,high,,Jakkuru,560045,2,198,10926,2.25,17,Aug 2027,2023
PRM/KA/RERA/1251/446/PR/200923/006270,Sobha Neopolis Phase 2 - W 12 & 13,Sobha Limited,new,12.931226,77.713435,portal_latlng,high,,Munnekollala,560103,2,226,17488,2.99,19,Dec 2030,2023
PRM/KA/RERA/1251/446/PR/200923/006269,"Sobha Neopolis Phase 1 - W 14, 15, 16, 17, 18 &19",Sobha Limited,new,12.931226,77.713435,portal_latlng,high,,Munnekollala,560103,6,604,21443,2.99,17,Dec 2028,2023
PRM/KA/RERA/1251/308/PR/200923/006277,Jrc Sanzio,Jrc Projects,new,12.827621,77.775727,portal_latlng,high,,Handenahalli,562125,1,39,8723,0.652,7,Dec 2027,2023
PRM/KA/RERA/1251/446/PR/200923/006275,Adarsh Park Heights Phase-2,Akarsha Realty Private Limited,new,12.930278,77.732583,portal_latlng,high,,Varthuru,560025,6,494,32445,2.23,14,May 2027,2023
PRM/KA/RERA/1251/446/PR/200923/006271,"Sobha Neopolis Phase 5 - W 5, 6 & 7",Sobha Limited,new,12.931226,77.713435,portal_latlng,high,,Munnekollala,560103,3,304,10322,2.99,17,Dec 2031,2023
PRM/KA/RERA/1251/446/PR/200923/006278,Orchid Bloomsberry,Goyal Hariyana Developers,new,12.939844,77.721061,portal_latlng,high,,Varthuru,560087,4,417,19304,2.25,18,Mar 2028,2023
PRM/KA/RERA/1251/309/PR/140923/006265,Century Xenon,Century Real Estate Holdings Private Limited,new,13.061178,77.594997,portal_latlng,high,,Amrutahalli,560092,2,48,11635,3.25,4,Dec 2024,2023
PRM/KA/RERA/1251/446/PR/140923/006267,Orchid Platinum,Goyal Hariyana Constructions,new,12.968345,77.75113,portal_latlng,high,,Hagadur,560066,4,250,12076,2.97,11,Dec 2028,2023
PRM/KA/RERA/1251/446/PR/140923/006261,Bhoo Aabharana,Bhoo Developers,ongoing,13.06283,77.664082,portal_latlng,high,,Horamavu,560077,4,116,5416,2.37,5,Apr 2026,2023
PRM/KA/RERA/1250/303/PR/140923/006259,Mvn Aero One Tower 4,Mf Farmlands Private Limited,ongoing,13.222074,77.719298,portal_latlng,high,,Bettakote Amanikere,562110,1,54,1657,2.25,9,Dec 2026,2023
TOR/PRM/KA/RERA/1251/446/PR/230914/004587,Abhee Siliconshine,Abhee Ventures Private Limited,new,12.902356,77.718801,portal_boundary,high,,Bengaluru East,nan,,,16295,,,Aug 2026,2023
PRM/KA/RERA/1251/308/PR/140923/006257,Vasavi Green Palm,Vasavi Constructions & Developers,ongoing,12.798355,77.650354,portal_latlng,high,,Jigani,562106,1,48,2412,1.739,8,Mar 2024,2023
PRM/KA/RERA/1251/446/PR/060923/006245,Gk Gateway,G K Developers,new,12.976744,77.73936,portal_latlng,high,,Whitefield,560066,1,92,3996,2.24,16,Dec 2026,2023
PRM/KA/RERA/1251/309/PR/060923/006244,Ds Max Sky Sanjeevini,Ds Max Properties Private Limited,new,13.092172,77.441487,portal_latlng,high,,Dasanapura,562123,1,217,6070,1.99,37,Aug 2027,2023
PRM/KA/RERA/1251/308/PR/020923/006224,Adarsh Welkin Park Villas,Adarsh Developers,new,12.868639,77.68725,portal_latlng,high,,Chikkanagamangala,560099,174,115,91517,2.246,2,Oct 2027,2023
PRM/KA/RERA/1251/308/PR/020923/006226,Green Field Homes,R K Suncrest,ongoing,12.800118,77.685458,portal_latlng,high,,Hennagara Amanikere,560105,2,15,1956,2723.77,2,Mar 2025,2023
PRM/KA/RERA/1251/308/PR/020923/006223,Adarsh Welkin Park Phase 1,Akarshak Realty Private Limited,new,12.868635,77.687247,portal_latlng,high,,Chikkanagamangala,560099,2,832,55408,2.246,45,Dec 2027,2023
PRM/KA/RERA/1250/304/PR/010923/006218,Sri Garuda Priya Sunshine,Sri Garuda Priya Builders,ongoing,13.165214,77.409232,portal_latlng,high,,Arjunabettahalli,562114,1,75,3986,1.916,13,Jul 2025,2023
PRM/KA/RERA/1251/310/PR/010923/006215,Pinaki Paradise,Abd Builders,new,12.924035,77.472613,portal_latlng,high,,Kommaghatta,560060,1,64,2664,6385.0,11,Dec 2024,2023
PRM/KA/RERA/1251/309/PR/010923/006217,Garuda Grand,Balaji Buildres,ongoing,12.999482,77.722464,portal_latlng,high,,Hudi,560048,2,136,7083,12554.0,12,Apr 2026,2023
PRM/KA/RERA/1251/309/PR/300823/006201,Vanantara Jiva,Vanantara Estates Private Limited,new,13.041825,77.566309,portal_latlng,high,,Radhakrishna Temple Ward,560094,1,7,703,2.24,2,Jun 2025,2023
PRM/KA/RERA/1251/310/PR/300823/006202,Sunrise Royal Vista,Sunrise Developers And Constructions,ongoing,12.902841,77.513519,portal_latlng,high,,Badamanavarthekaval,560098,1,24,1396,1.75,4,Dec 2025,2023
TOR/PRM/KA/RERA/1251/446/PR/230830/005711,S K Dwaraka,S K Builders And Developers Inc,ongoing,13.035933,77.654438,portal_boundary,high,,Horamavu,nan,,,3946,,,Jun 2026,2023
PRM/KA/RERA/1250/303/PR/300823/006200,Birla Trimaya-Phase-I,Birla Arnaa Llp,new,13.276508,77.733415,portal_latlng,high,,Kurubarakunte,562110,8,544,23356,0.33,12,Oct 2028,2023
PRM/KA/RERA/1251/446/PR/220823/006192,Prestige Serenity Shores,Prestige Habitat Ventures,new,12.931152,77.737087,portal_latlng,high,,Varthuru,560087,4,657,42731,2.24,28,Aug 2027,2023
PRM/KA/RERA/1251/446/PR/220823/006195,Brigade Calista - Phase 2,Brigade Enterprises Ltd,new,13.063095,77.739688,portal_latlng,high,,Avalahalli,560049,3,481,23819,1.309,27,Dec 2027,2023
PRM/KA/RERA/1251/310/PR/220823/006193,C R Serenity,C R Builders,ongoing,12.877502,77.602867,portal_latlng,high,,Hulimavu,560068,1,50,2618,2.25,9,May 2025,2023
PRM/KA/RERA/1251/310/PR/180823/006185,Pioneer Krs Park Royal Wing 2,Krs Evergreen Structures,new,12.929364,77.499878,portal_latlng,high,,Jnana Bharathi,560098,1,170,8250,2.5,29,Jun 2027,2023
PRM/KA/RERA/1251/309/PR/180823/006187,Provident Ecopolitan Phase 1,Provident White Oaks Llp,new,13.1558,77.681678,portal_latlng,high,,Bagalur,562149,2,264,11044,95640.9,22,Sep 2027,2023
PRM/KA/RERA/1251/309/PR/110823/006142,Tetra Grand Green Essence,Tetra Grand Constructions,new,13.086161,77.623915,portal_latlng,high,,Kogilu,560064,1,40,1997,2.22,7,Dec 2025,2023
PRM/KA/RERA/1251/310/PR/110823/006160,Slv Millennial,Slv Builders And Developers,ongoing,12.868776,77.61118,portal_latlng,high,,Hulimavu,560068,1,64,3121,2.25,11,Dec 2024,2023
PRM/KA/RERA/1251/308/PR/110823/006170,Sai Crystal,Adarsh Constructions,ongoing,12.832138,77.687265,portal_latlng,high,,Bommasandra,560100,1,84,4047,1.74,14,Jun 2025,2023
PRM/KA/RERA/1251/446/PR/110823/006145,Adarsh Parkland Phase 1,Akarsha Realty Private Limited,new,12.93275,77.711778,portal_latlng,high,,Munnekollala,560103,3,644,35018,2.249,36,Dec 2027,2023
PRM/KA/RERA/1251/309/PR/110823/006165,Provident Ecopolitan Phase 4,Provident White Oaks Llp,new,13.1558,77.681678,portal_latlng,high,,Bagalur,562149,1,180,8237,95640.9,30,Apr 2029,2023
PRM/KA/RERA/1251/309/PR/110823/006162,Provident Ecopolitan Phase 1A,Provident White Oaks Llp,new,13.1558,77.681678,portal_latlng,high,,Bagalur,562149,1,128,3033,95640.9,22,Sep 2027,2023
PRM/KA/RERA/1251/308/PR/110823/006146,Svs Silver Oaks,Svs Infra Developers,new,12.818526,77.710663,portal_latlng,high,,Chandapura,560099,1,50,7284,50.0,9,Aug 2025,2023
PRM/KA/RERA/1251/309/PR/110823/006163,Provident Ecopolitan Phase 2,Provident White Oaks Llp,new,13.1558,77.681678,portal_latlng,high,,Bagalur,562149,1,128,3646,95640.9,22,Jun 2028,2023
PRM/KA/RERA/1251/309/PR/110823/006164,Provident Ecopolitan Phase 3,Provident White Oaks Llp,new,13.1558,77.681678,portal_latlng,high,,Bagalur,562149,2,256,14510,95640.9,22,Mar 2029,2023
PRM/KA/RERA/1251/310/PR/110823/006149,Bhoomika Heritage,B M R Projects,new,12.862988,77.570138,portal_latlng,high,,Anjanapura,560062,1,68,3975,6957.05,12,Dec 2027,2023
PRM/KA/RERA/1251/310/PR/110823/006152,Manikchand Svamitva Soulspring Phase 2,Shankeshwar Landmark Llp,new,12.90413,77.646185,portal_latlng,high,,Ibluru,560102,3,165,15555,4.13,10,Dec 2028,2023
PRM/KA/RERA/1251/472/PR/100823/006138,Sri Balaji Serene,Sri Balaji Structures,new,13.11461,77.566299,portal_latlng,high,,Someshwara Ward,560064,1,376,18196,2.25,45,Dec 2026,2023
PRM/KA/RERA/1251/310/PR/100823/006135,Ragam Melodies,Rt Ventures,ongoing,12.8642,77.6388,portal_latlng,high,,Bengaluru South,560068,2,85,5825,8825.0,8,Mar 2025,2023
PRM/KA/RERA/1251/446/PR/100823/006133,Sai Amogha,Sri Dwaraka Builders & Developers,new,13.037182,77.713015,portal_latlng,high,,Battarahalli Og,560049,2,128,7588,13176.0,11,Mar 2027,2023
PRM/KA/RERA/1251/446/PR/100823/006141,Prestige Park Grove,Prestige Projects Private Limited,new,13.019166,77.757414,portal_latlng,high,,Kadugodi Plantation,560067,20,3715,289573,2.249,31,Dec 2027,2023
PRM/KA/RERA/1251/472/PR/080823/006129,Atmos Silverwoods,Atmos Constructions Private Limited,new,13.201287,77.541445,portal_latlng,high,,Arakere,562157,5,76,16339,1.04,3,May 2027,2023
PRM/KA/RERA/1251/310/PR/080823/006128,Honey Comb Homes,Honey Comb Builders,ongoing,12.893946,77.473986,portal_latlng,high,,Kambipura,560074,1,56,3009,1.75,10,Apr 2026,2023
PRM/KA/RERA/1251/308/PR/070823/006124,Green View,Hoysala And Best Realty,ongoing,12.800118,77.685458,portal_latlng,high,,Hennagara Amanikere,560105,1,73,4046,1.74,13,Mar 2026,2023
PRM/KA/RERA/1250/304/PR/070823/006119,Riqueza Siri,Riqueza Estates Private Limited,new,13.065364,77.801652,portal_latlng,high,,Chikkagattiganabbe,562114,2,128,6348,2.0,11,Nov 2027,2023
PRM/KA/RERA/1251/310/PR/070823/006118,Sai Balaji Royal,Sai Balaji Shelters,ongoing,12.8764,77.6582,portal_latlng,high,,Naganathapura,560100,1,95,5816,8742.0,16,Sep 2024,2023
PRM/KA/RERA/1251/308/PR/040823/006114,Vrr Green Crest,Nirmala Constructions,ongoing,12.818622,77.636282,portal_latlng,high,,Nanjapura,560105,4,219,10420,23403.0,10,Jan 2029,2023
PRM/KA/RERA/1251/446/PR/040823/006113,Dnr Parklink Phase 1,Dnr Corporation Private Limited,new,13.080173,77.653874,portal_latlng,high,,Kothanur,560077,2,356,16022,3.0,30,Dec 2027,2023
PRM/KA/RERA/1251/446/PR/040823/006116,Krishna Lakefront,Sree Krishna Constructions,new,13.019838,77.722932,portal_latlng,high,,Basavanapura,560049,1,73,3338,2.5,13,Dec 2026,2023
PRM/KA/RERA/1251/310/PR/020823/006105,Usr Susowdha,Usr Builders And Developers,ongoing,12.906982,77.552059,portal_latlng,high,,Uttarahalli,560061,1,56,3028,2.0,10,Dec 2025,2023
TOR/PRM/KA/RERA/1250/303/PR/230728/003389,K R Infinity,Kauser Rabbani Properties Private Limited,ongoing,13.290712,77.697317,locality_name,low,"Village name ""Devanahalli"" found in address",Devanahalli,nan,,,5615,,,Dec 2024,2023
PRM/KA/RERA/1251/308/PR/270723/006099,Mahendra Arto Helix,Mahendra Arto Llp,new,12.81819,77.637862,portal_latlng,high,,Nanjapura,560100,2,273,15176,3.29,23,Jun 2028,2023
PRM/KA/RERA/1251/310/PR/270723/006098,Shell Sapphire,Shell Promoters And Infra Llp,ongoing,12.867146,77.685104,portal_latlng,high,,Chikkanagamangala,560099,3,80,4047,1.25,5,Feb 2026,2023
PRM/KA/RERA/1251/308/PR/270723/006097,Vilara'S Legacy,M/S Vilara Infra Private Limited,ongoing,12.833359,77.789781,portal_latlng,high,,S Medihalli,562125,1,70,4551,1.75,12,Dec 2025,2023
PRM/KA/RERA/1251/310/PR/270723/006096,Vertex Wellington,Vertex Infras,ongoing,12.925395,77.728447,portal_latlng,high,,Varthuru,560087,1,32,1736,1.85,6,Dec 2025,2023
PRM/KA/RERA/1251/446/PR/240723/006088,Engrace 3,Modern Spaces,new,12.863444,77.756554,portal_latlng,high,,Hosahalli,562125,1,76,5260,1.99,13,Jun 2026,2023
PRM/KA/RERA/1251/308/PR/240723/006087,Jrc Wild Woods Building 2,Jrc Projects,ongoing,12.879015,77.688157,portal_latlng,high,,Chikkanagamangala,560099,7,403,48866,1.178,10,Mar 2028,2023
PRM/KA/RERA/1251/446/PR/180723/006075,Sarang By Sumadhura Phase-I,Sumadhura Infracon Private Limited,new,13.029594,77.752155,portal_latlng,high,,Kumbena Agrahara,560067,2,272,13537,2.25,23,Dec 2026,2023
PRM/KA/RERA/1251/446/PR/180723/006071,Vaishnavi Grandeur,Vaishnavi Infra,ongoing,13.021421,77.672714,portal_latlng,high,,Kalkere,560043,1,24,838,2.25,4,Mar 2024,2023
PRM/KA/RERA/1251/308/PR/180723/006073,Sdmv Elite,M/S Sdmv Infra,ongoing,12.834767,77.699669,portal_latlng,high,,Bommasandra,560100,1,168,7309,1.74,28,Dec 2026,2023
PRM/KA/RERA/1251/446/PR/130723/006064,Rohan Ekanta Phase 3,Rohan Builders,new,12.927212,77.724859,portal_latlng,high,,Varthuru,560087,4,271,16258,1.25,12,Dec 2028,2023
PRM/KA/RERA/1251/308/PR/130723/006062,Gina Artize,Gina Engineering Company Private Limited,new,12.779104,77.643598,portal_latlng,high,,Jigani,560099,1,134,6740,1.98,23,Nov 2025,2023
PRM/KA/RERA/1251/309/PR/130723/006057,Nava Brindavanam,Navajyothi Developers,ongoing,13.01304,77.626179,portal_latlng,high,,Kacharkanahalli,560084,1,27,1207,1.75,5,Dec 2024,2023
PRM/KA/RERA/1251/446/PR/130723/006056,Godrej Park Retreat Phase 2,Godrej Properties Limited,new,12.892461,77.705608,portal_latlng,high,,Bengaluru East,560087,6,563,19730,2.249,16,Jun 2028,2023
PRM/KA/RERA/1250/304/PR/130723/006063,Adarsh Paradise,A1 Builders,new,13.07144,77.808086,portal_latlng,high,,Ganagalur,562114,1,238,11836,1.999,40,Dec 2026,2023
PRM/KA/RERA/1251/310/PR/060723/006053,Srivari Forest Breeze,Srivari Infrastructures,new,12.896286,77.527809,portal_latlng,high,,Subramanyapura,560061,1,148,6828,2.41,25,Dec 2028,2023
PRM/KA/RERA/1251/310/PR/060723/006047,Brindavan,Sri Krishna Group,new,12.898761,77.624528,portal_latlng,high,,Hongasandra,560068,1,28,993,1736.0,5,Dec 2024,2023
PRM/KA/RERA/1251/309/PR/050723/006035,Pride Altius,Pride Housing,new,13.050403,77.496137,portal_latlng,high,,Dodda Bidarakallu,560073,1,152,5235,3.25,26,Jun 2026,2023
PRM/KA/RERA/1251/308/PR/050723/006045,Aban Dazzle,Aban Developers Private Limited,new,12.882736,77.774198,portal_latlng,high,,Sompura,562125,2,38,5813,1.4,4,Dec 2028,2023
PRM/KA/RERA/1251/308/PR/010723/006030,Aadithya Bliss,Rt Constructions,new,12.911019,77.809566,portal_latlng,high,,Kugur,562125,1,35,6070,1.25,6,Mar 2026,2023
PRM/KA/RERA/1251/446/PR/010723/006027,Slv Castlemine,Slv Green Ventures,ongoing,13.048731,77.758634,portal_latlng,high,,Chikkabanahalli,560067,2,180,8852,2.246,15,Dec 2025,2023
PRM/KA/RERA/1251/310/PR/300623/006025,Elegant Hermitage,Elegant Builders And Developers,new,12.898695,77.512215,portal_latlng,high,,Badamanavarthekaval,560060,3,240,9971,3.0,14,Mar 2027,2023
PRM/KA/RERA/1251/446/PR/300623/006026,Ashish Anr Row House,Aashish Developer And Builders,new,12.951908,77.72059,portal_latlng,high,,Munnekollala,560066,1,21,3475,2.25,4,Dec 2026,2023
PRM/KA/RERA/1251/446/PR/270623/006020,The Grand Strand Address,Oravia Buildcraft Llp,new,12.988916,77.726223,portal_latlng,high,,Hudi,560048,2,149,12747,2.75,13,Apr 2030,2023
PRM/KA/RERA/1251/310/PR/270623/006023,Oceanus White Meadows,Oceanus Dwellings Pvt Ltd,new,12.853498,77.575225,portal_latlng,high,,Anjanapura,560083,1,135,6070,2.5,23,Dec 2028,2023
PRM/KA/RERA/1250/303/PR/230623/006018,Aurum At Brigade El Dorado,Brigade Tetrarch Private Limited,new,13.144304,77.68444,portal_latlng,high,,Bagalur,562149,1,635,20275,0.262,45,Dec 2027,2023
PRM/KA/RERA/1251/310/PR/220623/006016,Grc Saffron Skies,Grc Infra,new,12.815822,77.498251,portal_latlng,high,,Uttari,560082,2,81,14970,1.47,7,Mar 2028,2023
PRM/KA/RERA/1250/304/PR/220623/006007,Kumari Nautilus,Kumari Infra Homes Private Limited,ongoing,12.995265,77.790818,portal_latlng,high,,Harohalli,560067,1,165,40822,0.865,28,Jan 2028,2023
PRM/KA/RERA/1251/310/PR/220623/006003,Park South,Sonin Developers Llp,ongoing,12.881666,77.590534,portal_latlng,high,,Chunchaghatta,560062,1,32,1834,1.74,6,Dec 2024,2023
PRM/KA/RERA/1251/472/PR/160623/005992,Aryan Krishnaa Divine,Aryan Ventures,new,13.098978,77.560322,portal_latlng,high,,Atturu Layout,560064,1,276,13536,2.25,45,Jun 2027,2023
PRM/KA/RERA/1251/309/PR/160623/005997,Vijaya Aquagreen,Digvijaya Shelters Llp,ongoing,13.085787,77.512029,portal_latlng,high,,Chikkasandra,560090,1,196,8801,1.745,33,Dec 2025,2023
PRM/KA/RERA/1251/309/PR/160623/005991,Gm Palazzo,Gulam Mustafa,new,12.967222,77.604722,portal_latlng,high,,Shantala Nagar,560025,1,14,1543,1.75,3,Mar 2028,2023
TOR/PRM/KA/RERA/1251/309/PR/230609/001096,Shriram Mystique,Shriram Properties Limited,ongoing,13.056186,77.57522,ward_centroid,low,BBMP ward 12 Kodigehalli,Kodigehalli,560090,,,8095,,,Apr 2025,2023
PRM/KA/RERA/1251/308/PR/090623/005986,Lavivant,Atco Projects Private Limited,ongoing,12.821563,77.771725,portal_latlng,high,,Arenur,562125,7,521,49472,2.12,13,Jan 2030,2023
PRM/KA/RERA/1251/310/PR/060623/005974,Hsk Urban Living,Hsk Developers (Prop Parvathamma Krishnaiah),new,12.829793,77.683579,portal_latlng,high,,Bommasandra,560099,1,160,7385,1.749,27,Mar 2027,2023
PRM/KA/RERA/1251/310/PR/030623/005966,K&T'S Sai Sannidhi,K & T Constructions,new,12.868538,77.641786,portal_latlng,high,,Begur,560068,1,40,2006,1.95,7,Dec 2025,2023
PRM/KA/RERA/1251/446/PR/030623/005969,Sterling Villa Grande Phase-Iii,Sterling Urban Developments Private Limited,ongoing,13.011745,77.764423,portal_latlng,high,,Bengaluru East,560067,1,25,7572,3.0,5,Jun 2026,2023
PRM/KA/RERA/1251/309/PR/030623/005968,Rr Wish Tales,Msr Infraa,new,13.07675,77.604861,portal_latlng,high,,Jakkuru,560064,1,101,4957,2.5,17,Mar 2027,2023
PRM/KA/RERA/1251/308/PR/300523/005962,Saiven Mulberry Groves,Saiven Developers And Constructions Pvt Ltd,new,12.837132,77.736125,portal_latlng,high,,Muthanallur Amanikere,560099,1,75,22763,0.67,13,Jun 2027,2023
PRM/KA/RERA/1251/310/PR/300523/005959,Elegant Tranquility,Elegant Altima,new,12.918378,77.508538,portal_latlng,high,,Hemmigepura,560098,5,321,14062,3.3,11,Sep 2029,2023
PRM/KA/RERA/1251/309/PR/260523/005952,Ranka Iris,Dra Developers And Projects Private Limited,ongoing,12.965521,77.635101,portal_latlng,high,,Domlur,560071,1,13,1000,3.69,3,Apr 2026,2023
PRM/KA/RERA/1251/308/PR/260523/005951,Aura,Skr Builders And Developers,ongoing,12.875596,77.767528,portal_latlng,high,,Kadagrahara,562125,1,56,3035,1.99,10,Mar 2026,2023
PRM/KA/RERA/1251/309/PR/260523/005947,Mana Verdant,Mana Projects Pvt Ltd,new,13.086997,77.604179,portal_latlng,high,,Kempegowda Ward,560064,2,484,19726,2.5,41,Dec 2030,2023
PRM/KA/RERA/1251/310/PR/250523/005940,Skandha Amoris,Srivari Estates,new,12.937289,77.748379,portal_latlng,high,,Varthuru,560087,1,9,1517,1621.0,2,Dec 2024,2023
PRM/KA/RERA/1251/446/PR/250523/005943,S2 Violet,S2 Developers,ongoing,13.041107,77.662203,portal_latlng,high,,Horamavu,560043,1,64,2443,2.03,11,Dec 2024,2023
PRM/KA/RERA/1251/309/PR/160523/005937,New Warrior Tower,M D B Constructions,ongoing,13.113388,77.61475,portal_latlng,high,,Kogilu,560064,1,52,2018,4533.0,9,Oct 2025,2023
PRM/KA/RERA/1251/446/PR/160523/005938,Db Lakven Visishta,Db Infra Developers,ongoing,13.00646,77.748342,portal_latlng,high,,Belathur,571419,1,164,7790,2.22,28,Dec 2024,2023
PRM/KA/RERA/1251/309/PR/160523/005936,Mentsu Crescent,Mentsu Infra Pvt Ltd,ongoing,13.078051,77.634709,portal_latlng,high,,Thanisandra,560046,1,48,2041,4284.0,8,Apr 2024,2023
PRM/KA/RERA/1251/446/PR/160523/005939,Sree Urban Orchids Phase-Ii,Sree Builders And Developers,new,12.937072,77.702537,portal_latlng,high,,Munnekollala,560087,3,256,14660,1.75,15,Mar 2028,2023
PRM/KA/RERA/1251/308/PR/150523/005931,S S Brindavanam,S S Builders And Developers,ongoing,12.863831,77.762428,portal_latlng,high,,Hosahalli,562125,1,128,7386,1.74,22,Dec 2025,2023
PRM/KA/RERA/1251/310/PR/090523/005912,South Park Phase 2,Esteem South Parks Private Limited,ongoing,12.860671,77.587314,portal_latlng,high,,Gottigere,560083,2,219,8310,2.25,19,Dec 2026,2023
PRM/KA/RERA/1251/446/PR/090523/005918,Sapthagiri Sandalwoods,Sapthagiri Shelters,ongoing,13.009267,77.751083,portal_latlng,high,,Belathur,560067,6,252,11735,26391.3,7,Apr 2025,2023
PRM/KA/RERA/1251/310/PR/090523/005916,South Park Phase 1,Esteem South Parks Private Limited,new,12.86058,77.587692,portal_latlng,high,,Gottigere,560097,2,191,7953,2.25,16,Aug 2026,2023
PRM/KA/RERA/1251/310/PR/090523/005917,Shivaganga Ar Prakruthi,M/S. Prakruthi Properties,ongoing,12.910511,77.539979,portal_latlng,high,,Subramanyapura,560061,1,120,6523,2.25,20,Sep 2025,2023
PRM/KA/RERA/1251/309/PR/090523/005920,Vruksha Greens,Vruksha Infra,new,13.063712,77.511949,portal_latlng,high,,Shettihalli,560015,1,80,3329,2.25,14,Jun 2027,2023
PRM/KA/RERA/1251/446/PR/050523/005911,Assetz Bloom & Dell - Phase 2,Apg Premium Residential Private Limited,new,13.02522,77.74618,portal_latlng,high,,Sadaramangala,560067,2,238,13214,1.09812,20,Oct 2027,2023
PRM/KA/RERA/1251/446/PR/290423/005906,Prestige Lavender Fields,Prestige Office Ventures,new,12.935052,77.738768,portal_latlng,high,,Varthuru,560087,6,1473,69999,2.99,41,May 2027,2023
TOR/PRM/KA/RERA/1251/308/PR/230429/002429,Arka Iris Grand,Bhaarath Builders,ongoing,12.793056,77.680286,portal_boundary,high,,Hinnakki,nan,,,2023,,,Nov 2023,2023
PRM/KA/RERA/1251/309/PR/290423/005897,Excel Golden Enclave,Golden Properties,ongoing,13.080473,77.631592,portal_latlng,high,,Kogilu,560064,1,44,1863,2.25,8,Jun 2024,2023
PRM/KA/RERA/1251/446/PR/250423/005893,Folium By Sumadhura Phase-Ii,Sumadhura Infracon Private Limited,new,12.965597,77.743652,portal_latlng,high,,Whitefield,560066,2,400,24896,2.25,34,Dec 2025,2023
PRM/KA/RERA/1251/446/PR/200423/005887,Rohan Ekanta Phase 2,Rohan Builders,new,12.927212,77.724859,portal_latlng,high,,Varthuru,560087,2,154,2620,2.99,13,Mar 2028,2023
PRM/KA/RERA/1251/446/PR/200423/005890,Rohan Ekanta Phase 1,Rohan Builders,new,12.927212,77.724859,portal_latlng,high,,Varthuru,560087,3,283,6111,2.99,16,Mar 2027,2023
PRM/KA/RERA/1251/309/PR/190423/005876,Shreevari Grandeur,Shree Vari Projects,ongoing,13.008894,77.66048,portal_latlng,high,,C V Raman Nagar,560043,1,40,1596,2.25,7,Mar 2025,2023
TOR/PRM/KA/RERA/1251/446/PR/230419/001674,Dnr Arista Phase 1,Inesa Ventures Llp,ongoing,12.932221,77.678884,village_centroid,medium,"Village Kaikondahalli (Bangalore South), match 0.93, area 1.1 sq km",Bellanduru,nan,,,17705,,,Dec 2024,2023
PRM/KA/RERA/1251/308/PR/150423/005868,Evo Aeris,Evo Natura Homes,new,12.957919,77.849958,portal_latlng,high,,S Narayanakere,562125,1,144,43099,0.92,24,Dec 2031,2023
PRM/KA/RERA/1251/309/PR/150423/005871,Transformers Aspire,Transformers Estates And Hospitality Services (Proprietor - Gaganesh Narayana Reddy),ongoing,12.98222,77.771318,portal_latlng,high,,Hagadur,560067,2,60,3637,1.75,5,Dec 2025,2023
PRM/KA/RERA/1251/446/PR/150423/005872,K Residency,Sahith Kallakunta,ongoing,12.912295,77.691434,portal_latlng,high,,Doddakanahalli,560035,1,24,994,1.75,4,Dec 2024,2023
PRM/KA/RERA/1251/310/PR/120423/005862,Casagrand Zaiden,Casa Grande Garden City Builders Pvt Ltd,new,12.867693,77.525434,portal_latlng,high,,Badamanavarthekaval,560062,3,286,14928,2.25,16,Mar 2026,2023
PRM/KA/RERA/1251/309/PR/100423/005858,Durga Samrudhi,Sree Shivadurga Builders,new,13.057118,77.548002,portal_latlng,high,,Kuvempunagar,560013,1,79,4100,2.5,14,Dec 2026,2023
PRM/KA/RERA/1251/446/PR/100423/005856,Sri Sai Sarovar,Sri Sai Constructions,ongoing,13.003555,77.729398,portal_latlng,high,,Hudi,560049,1,124,7302,2.07,21,Dec 2026,2023
PRM/KA/RERA/1251/446/PR/100423/005855,Platinum East Woods,Platinum - Narya Infra,new,13.031871,77.761183,portal_latlng,high,,Belathur,560067,1,188,8478,2.49,32,Mar 2027,2023
PRM/KA/RERA/1251/309/PR/100423/005853,Century Novus,Talreja Realty Llp,new,13.086262,77.603695,portal_latlng,high,,Jakkuru,560064,2,234,9475,2.25,20,Aug 2027,2023
PRM/KA/RERA/1251/310/PR/060423/005849,Trifecta Retto,Trifecta Projects Private Limited,ongoing,12.888194,77.715962,portal_latlng,high,,Avalahalli,560035,2,188,8398,2.248,16,Mar 2026,2023
PRM/KA/RERA/1250/304/PR/060423/005839,Shubha Nivas,M/S. Jagati Infra,new,13.005077,77.779629,portal_latlng,high,,Thimmadahalli,560067,1,80,4856,2.25,14,Dec 2026,2023
PRM/KA/RERA/1251/310/PR/060423/005851,Good Earth Octave,Good Earth Eco Communities Private Limited,new,12.88337,77.46246,portal_latlng,high,,Kambipura,560074,2,59,17079,0.866,5,Dec 2026,2023
PRM/KA/RERA/1251/310/PR/060423/005834,Elv Bouvardia,Elv Constructions,new,12.92157,77.72658,portal_latlng,high,,Varthuru,560087,1,82,3844,8650.0,14,Aug 2024,2023
PRM/KA/RERA/1251/446/PR/060423/005842,Trendsquare Ambience,Trendsquares Constructions,ongoing,13.050657,77.630553,portal_latlng,high,,Thanisandra,560077,3,195,9915,195.0,11,Jun 2024,2023
PRM/KA/RERA/1251/446/PR/300323/005832,Eon Akash B & C,Eco Life Developers,ongoing,12.937579,77.733111,portal_latlng,high,,Varthuru,560087,2,210,17401,2.25,18,Jul 2026,2023
PRM/KA/RERA/1251/446/PR/300323/005833,Sai Paadam,Sai Kripa Construction,new,12.998185,77.733859,portal_latlng,high,,Hudi,560067,1,44,1858,1.75,8,Mar 2027,2023
PRM/KA/RERA/1251/310/PR/290323/005829,Purva Blubelle,Puravankara Limited,new,12.974926,77.555326,portal_latlng,high,,Kempapura Agrahara,560023,2,378,15570,46575.5,32,Jun 2029,2023
PRM/KA/RERA/1250/303/PR/270323/005822,"Sobha Oakshire Phase 2 Wing 3,4,9 And 10",Sobha Limited,new,13.232683,77.678119,portal_latlng,high,,Chikkasanne,562110,4,30,9687,0.66,2,Jun 2027,2023
PRM/KA/RERA/1250/303/PR/270323/005821,"Sobha Oakshire Phase 1 Wing 1,2,7 And 8",Sobha Limited,new,13.232683,77.678119,portal_latlng,high,,Chikkasanne,562110,4,30,11038,0.66,2,Dec 2026,2023
PRM/KA/RERA/1250/303/PR/270323/005823,"Sobha Oakshire Phase 3 Wing 5,6,11 And 12",Sobha Limited,new,13.232683,77.678119,portal_latlng,high,,Chikkasanne,562110,4,20,15145,0.66,2,Dec 2027,2023
PRM/KA/RERA/1251/446/PR/240323/005820,Tharuns B V Sattva,Bv Builders,new,13.133302,77.579779,portal_latlng,high,,Chowdeswari Ward,560036,2,80,3630,1.88,7,Sep 2026,2023
PRM/KA/RERA/1251/446/PR/240323/005817,No 12 Lloyds Road,Lewis Infrastructure And Projects,new,12.999839,77.622298,portal_latlng,high,,Lingarajapura,560005,1,8,557,1.75,2,Jun 2024,2023
PRM/KA/RERA/1251/310/PR/240323/005815,Mythri Habitat,Mythrileite Homes Private Limited,ongoing,12.877905,77.583434,portal_latlng,high,,Chunchaghatta,560078,1,36,1753,1.75,6,Dec 2026,2023
PRM/KA/RERA/1251/308/PR/210323/005811,Earthen Ambience,Evantha Sri Durga Constructions,ongoing,12.835844,77.77762,portal_latlng,high,,Handenahalli,562125,1,52,9914,1.75,9,Dec 2026,2023
PRM/KA/RERA/1251/310/PR/210323/005807,Opera Primus,M/S. Opera Structures,new,12.864987,77.591904,portal_latlng,high,,Kalena Agrahara,560076,1,48,2627,1.73,8,Dec 2027,2023
PRM/KA/RERA/1251/472/PR/210323/005802,Mln Signature,Mln Constructions & Developers,new,13.093189,77.600927,portal_latlng,high,,Kempegowda Ward,560064,1,64,3638,1.86,11,Jul 2026,2023
PRM/KA/RERA/1251/446/PR/210323/005801,No 3 Milton Street,Lewis Infrastructure And Projects,new,13.000932,77.625083,portal_latlng,high,,Lingarajapura,560005,1,11,613,2.25,2,Jun 2024,2023
PRM/KA/RERA/1251/308/PR/210323/005813,Binary Essentia,Binary Realty,new,12.851977,77.731787,portal_latlng,high,,Muthanallur,560099,1,72,4046,1.99,12,Dec 2026,2023
PRM/KA/RERA/1250/304/PR/210323/005810,Vr Royal View,Vr Ventures,new,13.066894,77.803939,portal_latlng,high,,Ganagalur,562114,9,9,1150,1.09,2,Dec 2024,2023
PRM/KA/RERA/1251/446/PR/150323/005794,Kingston Legacy,Kingston Ventures India Private Limited,ongoing,13.024163,77.694198,portal_latlng,high,,Medahalli,560016,1,320,15451,2.5,45,Dec 2025,2023
PRM/KA/RERA/1251/472/PR/150323/005797,Prestige Dew Drops,Prestige Estates Projects Ltd,new,13.179703,77.559792,portal_latlng,high,,Rajankunte,560088,5,25,21954,0.44,2,Apr 2026,2023
PRM/KA/RERA/1251/446/PR/150323/005798,Blue Meadows,Yuva Infinity Developers,ongoing,12.938879,77.741205,portal_latlng,high,,Varthuru,560087,1,120,6428,1.71,20,Dec 2025,2023
PRM/KA/RERA/1251/446/PR/100323/005790,Disha Pursuit Of Sunshine,Dishahabitat Projects Llp,new,13.06672,77.73685,portal_latlng,high,,Hirandahalli,562129,2,322,16187,2.749,27,Dec 2026,2023
PRM/KA/RERA/1251/446/PR/100323/005791,Anirudh Gatewaypark,Anirudh Constructions,new,13.008108,77.751427,portal_latlng,high,,Belathur,560067,1,40,2491,1.75,7,Nov 2025,2023
PRM/KA/RERA/1251/309/PR/230310/005784,Shodhan Rainbow,Shodhan Estates,done,13.042209,77.501283,portal_boundary,high,,Chokkasandra,nan,,,4406,,,Mar 2019,2023
PRM/KA/RERA/1251/310/PR/090323/005779,Garden Square,Sai Kiran Constructions,new,12.901622,77.539965,portal_latlng,high,,Subramanyapura,560061,1,230,11533,2.25,39,Jun 2026,2023
PRM/KA/RERA/1251/308/PR/080323/005778,Aston Park @ The Prestige City,Prestige Projects Private Limited,new,12.877707,77.771935,portal_latlng,high,,Sompura,562125,5,701,17621,2.749,24,Sep 2026,2023
PRM/KA/RERA/1251/472/PR/070323/005769,Sumuk Square,Sumuk Projects,new,13.108526,77.536146,portal_latlng,high,,Guniagrahara,560097,1,75,3140,2.34,13,Aug 2026,2023
PRM/KA/RERA/1251/308/PR/020323/005763,Abhee Kings Court,Abhee Ventures Pvt Ltd,new,12.887231,77.766322,portal_latlng,high,,Yamare,562125,2,116,7385,1.99,10,Jun 2026,2023
PRM/KA/RERA/1251/310/PR/220223/005735,Soulspring Phase 1,Shankeshwar Landmark Llp,new,12.903291,77.646109,portal_latlng,high,,Ibluru,560102,2,172,13142,4.13,15,Dec 2028,2023
PRM/KA/RERA/1251/308/PR/220223/005739,Abhee Pride,Abhee Ventures Private Limited,new,12.78466,77.696942,portal_latlng,high,,Marasur,562106,1,104,5095,2.0,18,Jun 2026,2023
PRM/KA/RERA/1251/309/PR/220223/005748,Ds Max Shresta,Ds Max Properties Private Limited,new,13.098651,77.639201,portal_latlng,high,,Kogilu,562149,1,281,8093,1.75,45,Jul 2026,2023
PRM/KA/RERA/1251/446/PR/220223/005743,Saritha Serene,Saritha Developers,new,12.920282,77.730919,portal_latlng,high,,Varthuru,560087,2,397,14769,2.25,34,Dec 2026,2023
PRM/KA/RERA/1251/309/PR/160223/005724,Serene Amara By Columbia Pacific,Embassy-Columbia Pacific Asl Pvt Ltd,new,13.2066,77.6249,portal_latlng,high,,Navarathna Agrahara,560064,2,239,9892,2.5,20,Dec 2026,2023
PRM/KA/RERA/1251/310/PR/160223/005726,Architha Aarna,Architha Ventures Llp,new,12.902429,77.515305,portal_latlng,high,,Badamanavarthekaval,560098,1,133,15902,1.08,23,Jan 2026,2023
PRM/KA/RERA/1251/310/PR/150223/005721,Ds Max Samyak,Ds Max Properties Private Limited,ongoing,12.897076,77.436939,portal_latlng,high,,Chikkellur,560060,1,600,11735,2.94,45,Jan 2028,2023
PRM/KA/RERA/1251/310/PR/140223/005705,Hamiton Towers,Pelagsus Infrastructures Pvt Ltd,ongoing,12.916943,77.621934,portal_latlng,high,,BTM Layout,560034,1,39,3193,9113.13,7,Dec 2024,2023
PRM/KA/RERA/1251/308/PR/140223/005712,Spring Woods,Buildiko Ventures Llp,new,12.854632,77.797716,portal_latlng,high,,Sarjapura,562125,15,103,27113,0.965,2,Oct 2027,2023
PRM/KA/RERA/1251/446/PR/140223/005711,United Temple Bells,M/S United Builders & Developers,ongoing,13.036071,77.654509,portal_latlng,high,,Horamavu,560043,1,67,3946,1.71,12,Jun 2025,2023
PRM/KA/RERA/1251/310/PR/140223/005717,Breeze,Elite Projects,ongoing,12.897,77.66,portal_latlng,high,,Doddakanahalli,560102,1,19,841,2.17,4,Nov 2025,2023
PRM/KA/RERA/1251/310/PR/080223/005702,Shriram Esquire,Shriram Properties Limited,new,12.932637,77.632492,portal_latlng,high,,Koramangala,560034,2,64,4751,2.249,6,Jan 2027,2023
PRM/KA/RERA/1251/310/PR/080223/005693,Nandi Brindavan,Nandi Developers,new,12.90777,77.547715,portal_latlng,high,,Vasanthpura,560061,1,76,4440,2.25,13,Mar 2027,2023
PRM/KA/RERA/1251/308/PR/080223/005697,Yuva Sunrise,M/S. Yuva Structures Private Limited,new,12.783991,77.745749,portal_latlng,high,,Itchangur,571601,1,68,3136,1.91,12,Apr 2025,2023
PRM/KA/RERA/1251/308/PR/080223/005695,Golden Pearl Phase - 2,Global Developers,new,12.786864,77.777704,portal_latlng,high,,Attibele,562107,7,82,17704,0.718,2,Dec 2026,2023
PRM/KA/RERA/1251/472/PR/030223/005678,Warrior Lakeview,Y V Constructions,new,13.113667,77.614611,portal_latlng,high,,Kogilu,560064,1,43,2118,1.75,8,Dec 2025,2023
PRM/KA/RERA/1251/446/PR/030223/005690,The Residences At Brigade Tech Gardens,Brigade Properties Private Limited,done,12.964331,77.718671,portal_latlng,high,,Whitefield,560037,1,73,6475,0.215,13,Dec 2022,2023
PRM/KA/RERA/1251/446/PR/030223/005683,Brigade Calista - Phase 1,Brigade Enterprises Ltd,new,13.062873,77.73878,portal_latlng,high,,Hirandahalli,560049,3,506,23529,1.44,29,Jun 2027,2023
PRM/KA/RERA/1251/308/PR/030223/005682,Bhavisha Bentley Goldberg Phase 2,M/S. Bhavisha Properties,new,12.857558,77.786406,portal_latlng,high,,Sarjapura,562125,1,252,13456,2.25,42,Oct 2024,2023
PRM/KA/RERA/1251/309/PR/310123/005671,Thirumalaadhari,Thirumala Developers,new,13.01646,77.709178,portal_latlng,high,,K R Puram,560049,1,19,809,2.11,4,Feb 2025,2023
PRM/KA/RERA/1251/446/PR/230125/005664,Konadasapura Housing Project Phase 2,Bangalore Development Authority,new,13.22385,77.44645,portal_boundary,high,,Mallohalli,nan,,,20194,,,Dec 2021,2023
PRM/KA/RERA/1251/446/PR/250123/005667,Prestige Elm Park,Prestige Estates Projects Ltd,new,12.979896,77.759888,portal_latlng,high,,Kadugodi,560049,3,192,16120,2.23,11,Aug 2026,2023
PRM/KA/RERA/1251/472/PR/250123/005665,Dharani Greens,Dharani Promoters And Builders,new,13.112554,77.570555,portal_latlng,high,,Someshwara Ward,560064,1,19,929,1625.0,4,Oct 2024,2023
PRM/KA/RERA/1251/446/PR/230123/005646,Definer Upper Deck,Definer Ventures,new,13.08092,77.74163,portal_latlng,high,,Cheemasandra,560049,1,110,6070,1.749,19,Dec 2025,2023
PRM/KA/RERA/1251/310/PR/200123/005634,Vbhc Haven Of Joy,Vbhc Mumbai Value Homes Pvt Ltd,new,12.888055,77.468217,portal_latlng,high,,Kambipura,560060,4,440,5970,1.99,19,Sep 2026,2023
PRM/KA/RERA/1251/308/PR/200123/005642,Natura Atavi Ii,Cachet Projects Llp,new,12.814196,77.784779,portal_latlng,high,,Bidaraguppe,562107,1,96,26911,1.023,16,Dec 2030,2023
PRM/KA/RERA/1251/310/PR/200123/005639,Adarsh Lake Reserva Phase 1,M/S Adarsh Developers,new,12.892228,77.588216,portal_latlng,high,,Vinayakanagar,560076,2,162,21463,2.2458,14,Dec 2027,2023
PRM/KA/RERA/1251/446/PR/200123/005644,Ruchira Park East,Ruchira Developers Llp,new,13.031018,77.760793,portal_latlng,high,,Belathur,560067,2,284,16895,3.0,24,Jan 2027,2023
TOR/PRM/KA/RERA/1251/310/PR/230120/001682,Keya Spring,Spacio Apartment Owners Association,ongoing,12.885114,77.604766,portal_boundary,high,,Arakere,nan,,,12482,,,May 2024,2023
PRM/KA/RERA/1250/304/PR/200123/005641,Sowparnika Indradhanush Phase Ii,Sowparnika Homes Private Limited,new,13.100443,77.811415,portal_latlng,high,,Dandupalya,562114,1,360,21625,3.0,45,Nov 2027,2023
PRM/KA/RERA/1251/446/PR/200123/005645,Sri Balaji Rose Woods,Sri Balaji Ventures,new,13.002656,77.725535,portal_latlng,high,,Hudi,560036,2,449,19472,2.25,38,Dec 2025,2023
PRM/KA/RERA/1251/310/PR/190123/005628,4 Square White Petals,4 Square Realty,new,12.929383,77.526324,portal_latlng,high,,Jnana Bharathi,560098,1,100,4827,10861.4,17,Sep 2025,2023
PRM/KA/RERA/1250/304/PR/190123/005629,Sapthagiri Sampadha,Sapthagiri Constructions,new,13.165214,77.409232,portal_latlng,high,,Arjunabettahalli,560089,1,96,3844,2.44,16,Dec 2025,2023
PRM/KA/RERA/1251/446/PR/190123/005632,Poorvi Enchanting,Poorvi Infinite Private Limited,new,12.88898,77.695983,portal_latlng,high,,Gattahalli,560035,1,99,4147,2.248,17,Nov 2025,2023
PRM/KA/RERA/1251/446/PR/190123/005631,Serenity Gardens,Eustoma Ventures,new,12.971269,77.771626,portal_latlng,high,,Hagadur,560036,1,88,4046,2.08,15,Dec 2026,2023
PRM/KA/RERA/1251/472/PR/160123/005624,Kanisha White Palace,Kanisha Builders,ongoing,13.107255,77.592553,portal_latlng,high,,Chowdeswari Ward,560064,1,40,1112,2.25,7,Dec 2026,2023
PRM/KA/RERA/1251/310/PR/160123/005621,Tg Heritage,T G Developers,new,12.866668,77.542267,portal_latlng,high,,Hemmigepura,560062,1,84,4148,2.25,14,Dec 2027,2023
PRM/KA/RERA/1251/446/PR/120123/005620,Sattva Bliss,Sattva Developers Private Limited,new,13.062701,77.746509,portal_latlng,high,,Bandapura,560049,3,338,13455,2.0,19,Aug 2027,2023
PRM/KA/RERA/1251/446/PR/120123/005611,Godrej Splendour Phase Ii,Godrej Properties Limited,new,13.01175,77.74591,portal_latlng,high,,Sadaramangala,560049,9,891,30135,2.499,17,Jan 2028,2023
PRM/KA/RERA/1251/308/PR/120123/005613,Cielo At Brigade Valencia,Brigade Enterprises Ltd,new,12.80486,77.699679,portal_latlng,high,,Banahalli,562106,1,662,32229,0.83,45,Dec 2027,2023
PRM/KA/RERA/1251/446/PR/120123/005614,Lvs Classic Phase 1,Lvs Builders And Developers,new,13.041914,77.712392,portal_latlng,high,,Battarahalli Og,560036,2,92,5867,1.72,8,Mar 2025,2023
PRM/KA/RERA/1251/446/PR/090123/005605,Godrej Athena,Godrej Projects Development Limited,new,12.968535,77.667369,portal_latlng,high,,Vijnana Nagar,560093,3,330,26388,45672.9,19,Jan 2028,2023
PRM/KA/RERA/1251/446/PR/050123/005601,Sobha Galera,Sobha Limited,new,13.053951,77.766039,portal_latlng,high,,Kannamangala,560049,2,40,16525,0.768,4,Dec 2026,2023
PRM/KA/RERA/1251/310/PR/221231/005585,Pmay-Hfa 500 Govindarajanagara,Karnataka Slum Development Board,new,13.074095,77.614647,locality_name,low,"Village name ""Dasarahalli"" found in address",Jakkuru,nan,,,22425,,,Jan 2024,2022
PRM/KA/RERA/1251/310/PR/311222/005573,Nandi Meraki,Nandi Housing Private Limited,new,12.857236,77.606354,portal_latlng,high,,Kalena Agrahara,560076,4,448,32374,1.97,19,Dec 2027,2022
PRM/KA/RERA/1251/309/PR/311222/005592,Sobha Dream Gardens Phase 4 - Wing 1 And 2,Sobha Limited,new,13.099042,77.641503,portal_latlng,high,,Kogilu,560056,2,364,14801,2.381,31,Dec 2028,2022
PRM/KA/RERA/1251/310/PR/311222/005590,Shivaganga Sai Raksha,Shivaganga Built Tech,new,12.882526,77.548179,portal_latlng,high,,Hemmigepura,560062,1,130,5420,15127.0,22,Mar 2026,2022
PRM/KA/RERA/1251/309/PR/311222/005593,Sobha Dream Gardens Phase 3 - Wing 3 And 4,Sobha Limited,new,13.099042,77.641503,portal_latlng,high,,Kogilu,560056,2,364,15157,2.381,31,Dec 2027,2022
PRM/KA/RERA/1251/446/PR/311222/005594,Aadya Heights,Whitewinds Constructions Private Limited,new,13.063312,77.745569,portal_latlng,high,,Bandapura,560049,1,98,6045,2.0,17,Dec 2025,2022
PRM/KA/RERA/1251/309/PR/311222/005591,Sobha Dream Gardens Phase 5 - Wing 10,Sobha Limited,new,13.099042,77.641503,portal_latlng,high,,Kogilu,560056,1,142,4823,2.381,24,Dec 2028,2022
PRM/KA/RERA/1251/308/PR/311222/005595,Pelican Square,Whitehill Heritage Homes Llp,new,12.875192,77.810543,portal_latlng,high,,Thindlu,562125,1,189,40164,0.896,32,Mar 2027,2022
PRM/KA/RERA/1250/307/PR/311222/005589,Construction Of Villa And 1Bhk Bda Hunnigere,Bangalore Development Authority,ongoing,13.0224,77.40801,portal_latlng,high,,Sondekoppa,562162,343,322,101845,2.0,2,Mar 2025,2022
PRM/KA/RERA/1251/309/PR/311222/005568,Sri Gayathri Prime,Sdr Constructions,ongoing,13.036228,77.665423,portal_latlng,high,,Kalkere,560043,1,48,3743,2.25,8,Dec 2024,2022
PRM/KA/RERA/1251/446/PR/281222/005565,Pursuit Of A Radical Rhapsody Tower 5,Total Environment Habitat Pvt. Ltd.,new,12.988918,77.72042,portal_latlng,high,,Hudi,560048,1,130,14530,2.79,22,Dec 2029,2022
PRM/KA/RERA/1251/310/PR/281222/005564,Sri Lakshmi Vallabha Kanakashree,Sri Lakshmi Vallabha Constructions,ongoing,12.854868,77.542331,portal_latlng,high,,Hemmigepura,560061,1,32,2371,1.89,6,Oct 2023,2022
PRM/KA/RERA/1251/446/PR/231222/005555,Casagrand Keatsway,Casa Grande Garden City Builders Pvt Ltd,new,13.048938,77.639858,portal_latlng,high,,Horamavu,560077,1,286,15335,2.25,45,Nov 2026,2022
PRM/KA/RERA/1251/308/PR/211222/005548,Vrr Golden Enclave Phase Ii,H N Vijayaraghava Reddy Co,ongoing,12.823555,77.65277,portal_latlng,high,,Vabasandra,560100,1,84,28327,2.5,14,Dec 2027,2022
PRM/KA/RERA/1251/310/PR/211222/005549,Windchimes,Springseas Developers,new,12.943225,77.753655,portal_latlng,high,,Varthuru,560087,1,80,3743,8423.0,14,Apr 2025,2022
PRM/KA/RERA/1251/446/PR/211222/005551,77° Life,Divyasree Infrastructure Projects Private Limited,new,12.948662,77.693252,portal_latlng,high,,Marathahalli,560037,1,133,9172,3.752,23,Dec 2025,2022
PRM/KA/RERA/1251/446/PR/201222/005546,63 Degree East - Tower E,Apg Intelli Homes Private Limited,new,12.88613,77.7038,portal_latlng,high,,Gattahalli,560035,1,399,21681,0.5165,45,Dec 2026,2022
PRM/KA/RERA/1251/446/PR/201222/005545,Assetz Bloom & Dell,Apg Premium Residential Private Limited,new,13.02522,77.74618,portal_latlng,high,,Sadaramangala,560067,2,208,18048,1.15,18,Jun 2027,2022
PRM/KA/RERA/1251/308/PR/191222/005542,Divine Meadows,Max Global Developers,new,12.867609,77.800605,portal_latlng,high,,Sarjapura,560099,1,137,64445,0.69,23,Aug 2026,2022
PRM/KA/RERA/1251/472/PR/151222/005527,Sankalp Windsor House,Sankalp Constructions Private Limited,new,13.076963,77.592487,portal_latlng,high,,Byatarayanapura,560064,1,8,894,1.63,2,Dec 2025,2022
PRM/KA/RERA/1251/309/PR/151222/005524,Slv Elanza,Slv Infratech,ongoing,13.08038,77.620808,portal_latlng,high,,Jakkuru,560064,1,68,3212,1.75,12,Dec 2025,2022
PRM/KA/RERA/1251/446/PR/151222/005522,Needs 3 Project 168,M/S. Ds And Jaks Developers,new,13.023874,77.662295,portal_latlng,high,,Kalkere,560043,1,127,7944,2.25,22,Dec 2026,2022
PRM/KA/RERA/1251/308/PR/151222/005516,Natura Daintree - Ii,Bsr Projects,ongoing,12.886198,77.776952,portal_latlng,high,,Sompura,562125,7,55,14569,1.04,2,Jan 2027,2022
PRM/KA/RERA/1251/446/PR/061222/005501,Livium,M/S Rayala Infra Projects Llp,new,12.913372,77.6691,portal_latlng,high,,Doddakanahalli,560102,1,24,1291,2.0,4,May 2025,2022
PRM/KA/RERA/1251/446/PR/061222/005506,Dsr Green Waters,Dsr Infraprojects,new,12.917855,77.716765,portal_latlng,high,,Varthuru,560085,1,126,6070,13636.0,21,Mar 2025,2022
PRM/KA/RERA/1251/446/PR/061222/005504,Nava Gokulam,Navajyothi Constructions,new,13.035968,77.648933,portal_latlng,high,,Horamavu,560043,2,180,10421,1.75,15,Dec 2025,2022
PRM/KA/RERA/1251/446/PR/061222/005508,United Projects Dreamcity,United Projects,new,13.056567,77.766367,portal_latlng,high,,Kannamangala,562129,5,394,19008,2.5,14,Dec 2028,2022
PRM/KA/RERA/1251/310/PR/021222/005496,Saibya Sundew,Saibya Homes Llp,new,12.976256,77.584007,portal_latlng,high,,Sampangiram Nagar,560076,2,72,3276,2.25,6,Feb 2025,2022
PRM/KA/RERA/1251/308/PR/221122/005493,Pride Sunrise Phase-Ii,Expert Investments,ongoing,12.785389,77.608401,portal_latlng,high,,Bukkasagara,560083,5,224,10389,1.38,8,Mar 2025,2022
PRM/KA/RERA/1251/446/PR/211122/005489,Isr Udayam,Isr Constructions Pvt Ltd,new,13.076364,77.7478,portal_latlng,high,,Cheemasandra,560087,2,158,9611,16793.0,14,Aug 2026,2022
PRM/KA/RERA/1251/308/PR/211122/005485,Global Edifice Infra Cresent,Global Edifice Infra,new,12.7702,77.7026,portal_latlng,high,,Byagadadenahalli,562106,1,64,2934,2.0,11,Aug 2025,2022
PRM/KA/RERA/1251/310/PR/211122/005486,Emmanuel Ashley Park,Emmanuel Estates,new,12.971599,77.594563,portal_latlng,high,,Shantala Nagar,560100,1,53,2470,2.25,9,Dec 2024,2022
PRM/KA/RERA/1251/308/PR/211122/005487,Mahidhara Harmony,Mahidhara Projects Private Limited,new,12.8318,77.735,portal_latlng,high,,Ali Bommasandra,560099,8,146,39608,0.73,4,Sep 2026,2022
PRM/KA/RERA/1251/310/PR/181122/005481,Raj Bay Vista,Snn Arjun Builders Llp,new,12.89824,77.611627,portal_latlng,high,,Bilekhalli,560076,3,120,6753,43366.5,7,Nov 2028,2022
PRM/KA/RERA/1251/446/PR/181122/005484,Sai Krishna Elite,Sai Krishna Developers,ongoing,12.908008,77.679274,portal_latlng,high,,Doddakanahalli,560037,1,48,2230,2.25,8,Mar 2024,2022
PRM/KA/RERA/1251/310/PR/181122/005460,Sumukha Silverstone,Sumukha Ventures,new,12.899476,77.60436,portal_latlng,high,,Bilekhalli,560076,1,69,3237,2.25,12,Mar 2026,2022
PRM/KA/RERA/1251/446/PR/181122/005482,Casagrand Meridian,Casa Grande Garden City Builders Pvt Ltd,new,13.018256,77.702169,portal_latlng,high,,K R Puram,560049,1,215,13498,2.25,36,Nov 2025,2022
PRM/KA/RERA/1251/446/PR/181122/005469,Elv High Garden,Elv Projects Private Limited,new,13.016604,77.762081,portal_latlng,high,,Kadugodi Plantation,560066,1,219,14164,31869.0,37,Oct 2027,2022
PRM/KA/RERA/1251/310/PR/161122/005457,Legend Valencia,Legend Property,new,12.871729,77.646002,portal_latlng,high,,Rupenaagrahara,560068,5,174,9724,21880.0,6,Dec 2026,2022
PRM/KA/RERA/1251/446/PR/161122/005456,Mitta Orrin,M/S Mitta Builders,new,12.799294,77.785309,portal_latlng,high,,Indlabele,562125,1,79,17875,0.7,14,Dec 2027,2022
TOR/PRM/KA/RERA/1251/309/PR/221116/000068,Shriram Solitaire,Shriprop Homes Private Limited,ongoing,13.119828,77.556738,village_centroid,medium,"Village Veerasagara (Bangalore North), match 1.00, area 1.1 sq km",Veerasagara,nan,,,12545,,,May 2026,2022
PRM/KA/RERA/1251/310/PR/141122/005453,V2 Vishanth,V2 Holdings Housing Development Private Limited,new,12.916465,77.525306,portal_latlng,high,,Rajarajeshwari Nagar,560098,1,40,2286,1.75,7,Aug 2025,2022
PRM/KA/RERA/1251/308/PR/101122/005438,Snr Safa,Snr Square Pvt Ltd,new,12.855261,77.765117,portal_latlng,high,,Hosahalli,562125,4,100,5300,1.75,5,Feb 2025,2022
PRM/KA/RERA/1251/446/PR/101122/005446,Signifa Sapphire,Signifa Builders And Developers,new,13.004488,77.750487,portal_latlng,high,,Belathur,560067,1,72,2951,1.75,12,Dec 2025,2022
PRM/KA/RERA/1250/303/PR/101122/005448,Prestige Sanctuary,Village De Nandi Pvt Ltd,new,13.313798,77.696493,portal_latlng,high,,Kodagurki,562110,1,85,92874,0.42,15,May 2026,2022
PRM/KA/RERA/1251/446/PR/101122/005450,Macasa Emerald,Mana Projects Pvt Ltd,new,12.889698,77.695559,portal_latlng,high,,Gattahalli,560035,2,202,7812,2.25,17,Dec 2026,2022
PRM/KA/RERA/1251/310/PR/091122/005419,Skav Grande,Aham Ventures Llp,new,12.972028,77.749861,portal_latlng,high,,Whitefield,560066,1,36,2953,4.02,6,Dec 2027,2022
PRM/KA/RERA/1251/446/PR/091122/005433,Assetz Marq Phase 3B,Assetz Whitefield Homes Private Limited,new,13.024835,77.762581,portal_latlng,high,,Belathur,560067,1,384,10680,2.97,45,Jul 2027,2022
PRM/KA/RERA/1251/446/PR/091122/005425,Amrutha Nandhi,Bhoo Developers,ongoing,13.033207,77.649316,portal_latlng,high,,Horamavu,560043,1,36,1839,1.0,6,Dec 2023,2022
PRM/KA/RERA/1251/310/PR/091122/005432,Sai Nandana Marvella,Sai Nandana Properties,new,12.906982,77.552059,portal_latlng,high,,Uttarahalli,560060,1,95,4501,2.25,16,Sep 2025,2022
PRM/KA/RERA/1251/446/PR/091122/005430,Radiance Gardenia,Radiance Realty Developers India Limeted,new,13.079149,77.661985,portal_latlng,high,,Kyalasanahalli,560077,6,294,47044,0.99,9,Dec 2027,2022
PRM/KA/RERA/1251/446/PR/091122/005435,Aarna Rajpath,Aarna Projects,new,12.946203,77.740145,village_centroid,low,"Village Gunjur (Bangalore South), match 1.00, area 9.5 sq km",Varthuru,560087,1,33,2064,1.0,6,Apr 2025,2022
PRM/KA/RERA/1251/308/PR/091122/005429,Alchemy Elixir,Aratt City Towers Llp,new,12.82626,77.654881,portal_latlng,high,,Hulimangala,560105,2,349,16137,2.25,30,Sep 2026,2022
PRM/KA/RERA/1251/310/PR/071122/005412,Surya Pride,Surya Builders,new,12.86512,77.615077,portal_latlng,high,,Kalena Agrahara,560068,1,72,3942,72.0,12,Nov 2024,2022
PRM/KA/RERA/1251/308/PR/071122/005416,Inspira Tropical Garden,Iinspira Tropical Garden Llp,new,12.972091,77.591845,portal_latlng,high,,Sampangiram Nagar,560100,3,181,6989,20022.5,11,Jun 2026,2022
PRM/KA/RERA/1251/310/PR/041122/005393,Vijaya Luxo,Vijaya Enterprises,new,12.9095,77.5119,portal_latlng,high,,Rajarajeshwari Nagar,560098,1,21,928,2.25,4,Apr 2024,2022
PRM/KA/RERA/1251/446/PR/041122/005391,Vyas Signature,Vyas Builders And Developers,new,12.898515,77.657097,portal_latlng,high,,Doddakanahalli,560102,1,18,965,1.74,3,Nov 2024,2022
PRM/KA/RERA/1251/308/PR/041122/005403,Sri Vidhathri Enclave,Sri Vidhathri Constructions Private Limited,ongoing,12.83271,77.64872,portal_latlng,high,,Hulimangala,560105,1,56,2512,1.749,10,Aug 2025,2022
PRM/KA/RERA/1251/446/PR/041122/005407,Sahasra Serenity,Sahasra Builders,new,13.002198,77.743003,portal_latlng,high,,Belathur,560067,1,125,6070,2.25,21,Mar 2026,2022
PRM/KA/RERA/1251/446/PR/041122/005397,Ark Oak Tree,Ark Infra Developers Private Limited,new,12.984269,77.76446,portal_latlng,high,,Kadugodi,560067,2,176,9206,2.25,15,Feb 2028,2022
PRM/KA/RERA/1251/446/PR/041122/005406,Mahaveer Camelia,Reddy Structures Private Limited,new,12.999139,77.710762,portal_latlng,high,,Hudi,560036,1,92,4408,1.73,16,Oct 2026,2022
PRM/KA/RERA/1251/446/PR/311022/005387,Krk Urban Ville,Krk Housing Private Limited,new,12.922082,77.729171,portal_latlng,high,,Varthuru,560087,67,68,13860,0.54,2,Aug 2026,2022
PRM/KA/RERA/1251/446/PR/291022/005380,Adithi Elegance,M/S Adithi Projects,new,12.931086,77.727579,portal_latlng,high,,Varthuru,524532,1,100,4552,2.24,17,Jan 2025,2022
PRM/KA/RERA/1251/472/PR/291022/005377,Dhatri Ultima,Dhatri Ventures,new,13.104886,77.565021,portal_latlng,high,,Atturu Layout,560064,1,18,758,1.75,3,Apr 2025,2022
PRM/KA/RERA/1251/310/PR/281022/005367,Ambhavilas Residency,Shree Jnanakshi Builders And Developers,ongoing,12.919412,77.508469,portal_latlng,high,,Hemmigepura,560060,1,16,750,2.24,3,Jun 2024,2022
PRM/KA/RERA/1251/310/PR/201022/005350,Greennesto Primus,M/S Greennesto Builders And Developers Llp,new,12.887873,77.695298,portal_latlng,high,,Gattahalli,560035,2,200,9611,2.25,17,Jul 2028,2022
PRM/KA/RERA/1251/446/PR/191022/005342,Mythri Signature,Mythri Builders,new,12.896035,77.690213,portal_latlng,high,,Chikkanayakanahalli,560035,1,130,8093,1.75,22,Jun 2026,2022
PRM/KA/RERA/1251/446/PR/191022/005343,Spencer Oaks,Hpr Constructions,new,12.996668,77.609801,portal_latlng,high,,Pulikeshinagar,560005,1,18,1292,2877.0,3,Aug 2028,2022
PRM/KA/RERA/1251/446/PR/191022/005340,Mathapathi Grand Field,Mathapathi Constructions Private Limited,new,12.921337,77.734005,portal_latlng,high,,Varthuru,560087,1,126,5967,2.0,21,Dec 2026,2022
PRM/KA/RERA/1251/446/PR/191022/005344,Sbr Earth & Sky,Sbr Infraspace,new,13.025621,77.762512,portal_latlng,high,,Belathur,560067,2,135,8946,3.0,12,Sep 2026,2022
PRM/KA/RERA/1251/308/PR/181022/005334,Sowparnika Olivia Nest,Sowparnika Infracon Private Limited,new,12.85633,77.801779,portal_latlng,high,,Anekal,562106,1,211,6063,2.25,36,Sep 2027,2022
PRM/KA/RERA/1251/309/PR/181022/005329,Sree Urban Pinnacle,Virtue Infrastructures,new,13.086365,77.621253,portal_latlng,high,,Jakkuru,560084,1,160,9878,1.75,27,Dec 2026,2022
PRM/KA/RERA/1251/446/PR/141022/005320,White Lotus Anora,White Lotus Urban Homes Llp,new,12.974444,77.640419,portal_latlng,high,,Jogupalya,560038,1,8,715,2.2,2,Jul 2025,2022
PRM/KA/RERA/1251/446/PR/141022/005322,Greenfinch Meadows,Greenfinch Projects Pvt Ltd,new,12.93978,77.687879,portal_latlng,high,,Bellanduru,560103,2,181,7686,2.25,16,Sep 2026,2022
PRM/KA/RERA/1251/308/PR/141022/005324,Upavan,M/S Ma Sarada Constructions,new,12.797809,77.680638,portal_latlng,high,,Hennagara,560099,1,48,3086,1.37,8,Apr 2025,2022
PRM/KA/RERA/1251/446/PR/131022/005317,Sree Urban Orchids,Sree Builders And Developers,ongoing,12.93075,77.709446,portal_latlng,high,,Munnekollala,560103,1,79,4048,2.0,14,Dec 2025,2022
PRM/KA/RERA/1251/446/PR/111022/005309,Adarsh Tropica (Phase-1),Orchids Apartments Pvt Ltd,new,12.886628,77.692789,portal_latlng,high,,Gattahalli,572214,2,309,11736,1.992,26,Apr 2027,2022
PRM/KA/RERA/1250/304/PR/071022/005305,Encore In The Shire,Sai Srinivasa Constructions,ongoing,13.00777,77.787696,portal_latlng,high,,Thimmadahalli,560067,3,35,8599,0.951,2,Dec 2025,2022
PRM/KA/RERA/1251/309/PR/071022/005303,Purva Zenium 2,Puravankara Limited,new,13.146093,77.638926,portal_latlng,high,,Sathanaoor,562157,4,436,12025,40061.0,19,Jun 2027,2022
PRM/KA/RERA/1251/309/PR/071022/005306,Highrise Fort,Highrise Developers,ongoing,13.029838,77.656111,portal_latlng,high,,Horamavu,560043,1,96,5263,2.25,16,Dec 2024,2022
PRM/KA/RERA/1251/310/PR/071022/005307,Purva Meraki,Puravankara Limited,new,12.900327,77.647095,portal_latlng,high,,Ibluru,560068,1,44,4147,9325.0,8,Oct 2027,2022
PRM/KA/RERA/1251/309/PR/031022/005291,Candade Kay Arr Signature,Kay Arr & Co,new,12.994703,77.56606,portal_latlng,high,,Gayithri Nagar,560004,1,14,912,2.25,3,Jun 2026,2022
PRM/KA/RERA/1251/308/PR/031022/005293,Colossal Rose Mallow,Colossal Developers Private Limited,new,12.793696,77.780579,portal_latlng,high,,Indlabele,562107,2,35,6702,2.2,3,Dec 2024,2022
PRM/KA/RERA/1251/446/PR/031022/005294,Nirmaanika Advaita,Daksha Home Developers,new,12.935742,77.727413,portal_latlng,high,,Varthuru,560087,1,116,5260,2.0,20,Dec 2025,2022
PRM/KA/RERA/1251/310/PR/011022/005290,Raj Viviente,Snn Abode Llp,new,12.852573,77.600789,portal_latlng,high,,Kalena Agrahara,560083,13,64,21499,1.25,2,Jul 2026,2022
PRM/KA/RERA/1251/309/PR/011022/005287,Visista By Vista Spaces | Okas,Vista Spaces Jakkur Residency Private Limited,new,13.08765,77.59085,portal_latlng,high,,Yelahanka Satellite Town,560064,4,236,17705,2.25,10,Dec 2026,2022
PRM/KA/RERA/1251/309/PR/280922/005282,Godrej Ananda Phase 2,Universal Metro Properties Llp,new,13.155284,77.852951,portal_latlng,high,,Bhemakkanahalli,562149,4,1037,16314,72325.0,44,Jun 2027,2022
PRM/KA/RERA/1251/308/PR/270922/005268,"Sobha Brooklyn Towers - Town Park Phase 3, W5",Sobha Limited,new,12.78687,77.74449,portal_latlng,high,,Itchangur,562106,1,99,7385,2.7458,17,Jun 2029,2022
PRM/KA/RERA/1251/308/PR/270922/005267,"Sobha Brooklyn Towers - Town Park Phase 1, W1",Sobha Limited,new,12.78687,77.74449,portal_latlng,high,,Itchangur,562106,1,99,7385,2.7458,17,Dec 2027,2022
PRM/KA/RERA/1251/308/PR/270922/005269,"Sobha Brooklyn Towers - Town Park Phase 4, W4",Sobha Limited,new,12.78687,77.74449,portal_latlng,high,,Itchangur,562106,1,99,7385,2.7458,17,Jun 2029,2022
PRM/KA/RERA/1251/310/PR/220922/005260,Platinum Greenfields,Sai Properties,new,12.859353,77.570822,portal_latlng,high,,Anjanapura,560083,1,148,7457,2.25,25,Jun 2025,2022
PRM/KA/RERA/1251/310/PR/220922/005266,Mahaveer Highlands,Reddy Structures Private Limited,new,12.925055,77.472493,portal_latlng,high,,Kommaghatta,560060,4,312,11027,2.75,13,Mar 2027,2022
PRM/KA/RERA/1251/472/PR/220922/005264,Trendsquares Ortus Iii,M/S Trendsquares Constructions,new,13.064273,77.605499,portal_latlng,high,,Amrutahalli,560092,3,360,17403,2.25,20,Dec 2028,2022
PRM/KA/RERA/1251/310/PR/220922/005265,Green Edge Casero,Green Edge Projects,ongoing,13.012134,77.763944,portal_latlng,high,,Bengaluru South,560067,1,117,4806,14295.5,20,Dec 2026,2022
PRM/KA/RERA/1251/446/PR/220922/005261,Pursuit Of A Radical Rhapsody- Tower 8,Total Environment Habitat Pvt. Ltd.,new,12.988775,77.723073,portal_latlng,high,,Hudi,560048,1,362,13051,2.8,45,Sep 2029,2022
PRM/KA/RERA/1251/446/PR/220922/005263,Sai Green Woods,United Infrastructures,new,13.00413,77.7429,portal_latlng,high,,Belathur,560067,2,236,13047,2.14,20,Dec 2026,2022
PRM/KA/RERA/1251/472/PR/220922/005262,Srnr Daffodil,Srnr Constructions Llp,new,13.114197,77.574168,portal_latlng,high,,Someshwara Ward,560064,1,36,1672,1.75,6,Dec 2024,2022
PRM/KA/RERA/1251/310/PR/200922/005259,Good Earth Motif,Good Earth Eco Developments Private Limited,new,12.886582,77.466418,portal_latlng,high,,Kambipura,560074,2,76,19728,0.91,7,Mar 2026,2022
PRM/KA/RERA/1251/310/PR/200922/005251,Vashishta,Ishtika Homes Pvt Ltd,new,12.855165,77.568051,portal_latlng,high,,Anjanapura,560083,1,60,2229,2.5,10,Mar 2025,2022
PRM/KA/RERA/1250/303/PR/200922/005253,Gmc Aero Square,M/S Grihamithra Constructions,ongoing,13.236987,77.684004,village_centroid,medium,"Village Chikkasanne (Devanhalli), match 1.00, area 1.9 sq km",Chikkasanne,562110,4,245,9813,2.0,11,Oct 2026,2022
PRM/KA/RERA/1250/304/PR/200922/005254,Trifecta Verde En Resplandor Row House Phase-2,Trifecta Projects Pvt Ltd,new,13.110424,77.749952,portal_latlng,high,,Kodigehalli,562129,2,52,6330,1.52,5,Jun 2024,2022
PRM/KA/RERA/1251/446/PR/200922/005247,4 Resthouse Crescent,Fortuna Urbanscape Pvt Ltd,ongoing,12.953408,77.74473,pin_centroid,low,PIN 560001 median of 5 located projects,Varthuru,560001,1,10,1065,2716.0,2,Dec 2023,2022
PRM/KA/RERA/1251/310/PR/200922/005246,Tirumalaa Square,Varsha Promoters And Developers,ongoing,12.862102,77.587797,portal_latlng,high,,Gottigere,500083,1,45,3034,6827.0,8,Sep 2023,2022
PRM/KA/RERA/1251/308/PR/150922/005242,Nvt Mystic Garden Phase 2,Nvt Quality Lifestyle Projects Pvt Ltd,new,12.7913,77.779641,portal_latlng,high,,Attibele,562107,1,10,3642,2.25,2,May 2025,2022
PRM/KA/RERA/1251/446/PR/150922/005240,Sri Balaji Green Woods,Sri Balaji Infra Builders,new,13.004149,77.721357,portal_latlng,high,,Hudi,560036,1,168,7385,16595.0,28,Mar 2025,2022
PRM/KA/RERA/1251/309/PR/150922/005245,Greenleaf Bougainvillea,Greenleaf Design Build Llp,new,13.000439,77.568382,portal_latlng,high,,Kadu Malleshwara,560003,1,15,909,2.24,3,Dec 2026,2022
PRM/KA/RERA/1251/310/PR/150922/005241,Anand Somu Aarush,Anand Group,new,12.864179,77.5672,village_centroid,medium,"Village Gollahalli (Bangalore South), match 1.00, area 3.6 sq km",Anjanapura,560108,1,58,8093,1.75,10,Aug 2027,2022
PRM/KA/RERA/1251/446/PR/120922/005238,Sbr Minara,Sbr Infra Buildtech,new,13.014164,77.76216,portal_latlng,high,,Kadugodi Plantation,560067,4,447,15174,4.624,19,Aug 2027,2022
PRM/KA/RERA/1251/446/PR/120922/005233,Jeevans Octave,Jeevan Developers,new,13.007277,77.761499,portal_latlng,high,,Bengaluru East,560067,1,274,12509,2.76,45,Jun 2026,2022
PRM/KA/RERA/1251/446/PR/120922/005235,Pavani Mirabilia Phase I,Sai Sravanthi Infra Projects Pvt Ltd,new,13.017146,77.762329,portal_latlng,high,,Kadugodi Plantation,560049,6,1006,54278,4.0,28,May 2028,2022
PRM/KA/RERA/1251/310/PR/080922/005224,Gravity Aranya,Gravity Estates,new,12.893999,77.488174,portal_latlng,high,,Hemmigepura,560060,1,36,4330,0.38,6,Nov 2025,2022
PRM/KA/RERA/1251/308/PR/080922/005223,Srinis Urbane,Srinivasa Constructions,new,12.89236,77.76889,portal_latlng,high,,Chambenahalli,562125,2,112,5588,1.99,10,Dec 2025,2022
PRM/KA/RERA/1251/308/PR/080922/005225,Shree Nandana Elite,Shree Nandana Builders,new,12.83171,77.6487,portal_latlng,high,,Hulimangala,560105,1,68,2395,1.74,12,Jun 2026,2022
PRM/KA/RERA/1251/446/PR/030922/005213,Mukunda Nandanam,Mukunda Infra,new,13.009121,77.729481,portal_latlng,high,,Hudi,560067,4,152,7533,2.25,7,Dec 2025,2022
PRM/KA/RERA/1251/446/PR/030922/005212,Sobha Insignia,Sobha Limited,new,12.927592,77.695172,portal_latlng,high,,Munnekollala,560037,1,33,3946,1.73,6,Mar 2026,2022
PRM/KA/RERA/1251/446/PR/030922/005214,Chourasia Revanta,Prominent Infra,new,13.011443,77.738627,portal_latlng,high,,Bengaluru East,560049,1,50,2276,2.5,9,Dec 2025,2022
PRM/KA/RERA/1251/308/PR/020922/005199,Grc Shreekrish,Grc Infra,new,12.884996,77.680157,portal_latlng,high,,Rayasandra,560099,2,244,14467,1.75,21,Dec 2026,2022
PRM/KA/RERA/1251/446/PR/020922/005202,Anuraag Amogh,Anuraag Constructions,new,12.942582,77.740999,portal_latlng,high,,Varthuru,560087,1,92,6878,1.35,16,Dec 2024,2022
PRM/KA/RERA/1251/472/PR/020922/005205,Nestcon'S Iris,Nestcon Shelters Private Limited,new,13.132361,77.572891,portal_latlng,high,,Chowdeswari Ward,560064,1,36,2125,4780.31,6,Dec 2024,2022
PRM/KA/RERA/1251/309/PR/290822/005198,New Haven Bengaluru Phase V,Smart Value Homes (Peenya Project) Private Limited,ongoing,13.101934,77.443287,portal_latlng,high,,Nagarur,562123,4,188,6252,1.89,8,Sep 2023,2022
PRM/KA/RERA/1251/310/PR/250822/005192,Vg Boat Club,Vinayakaiah Builders And Developers Pvt Ltd,new,12.865367,77.597542,portal_latlng,high,,Kalena Agrahara,560083,2,90,4058,2.24,8,Dec 2025,2022
PRM/KA/RERA/1251/446/PR/240822/005177,Pavani Heights,Anjani Constructions,new,13.024531,77.661939,portal_latlng,high,,Kalkere,560043,1,111,6171,2.25,19,Jun 2026,2022
PRM/KA/RERA/1251/446/PR/240822/005187,United Projects Greencity,United Projects Greencity,new,13.024174,77.748511,portal_latlng,high,,Sadaramangala,560049,2,160,10319,18039.0,14,Dec 2025,2022
PRM/KA/RERA/1251/446/PR/240822/005183,United Sun City,United Projects Suncity,new,13.001784,77.737097,portal_latlng,high,,Hudi,560067,2,404,19447,44157.0,34,Dec 2025,2022
PRM/KA/RERA/1251/309/PR/190822/005168,Oakstone Lakeview,Oakstone Ventures,new,12.94223,77.74154,portal_latlng,high,,Varthuru,560086,1,84,4046,7081.0,14,Oct 2024,2022
PRM/KA/RERA/1251/310/PR/190822/005169,Ssvd Divine,Ssvd Nisarga,new,12.92828,77.48449,portal_latlng,high,,Kommaghatta,560061,1,60,2601,5849.47,10,Aug 2024,2022
PRM/KA/RERA/1251/308/PR/220818/005162,Lasavi Arcade,Ashok A Reddy,new,12.901251,77.657676,village_centroid,medium,"Village Kudlu (Anekal), match 1.00, area 3.5 sq km",Doddakanahalli,nan,,,1196,,,Dec 2022,2022
PRM/KA/RERA/1251/309/PR/180822/005163,Affinity Brundaavana,Affinity Projects,new,13.079906,77.619861,portal_latlng,high,,Jakkuru,560064,2,190,9409,2.25,16,Apr 2027,2022
PRM/KA/RERA/1251/310/PR/220817/005160,Mahaveer Rarus,Reddy Structures Private Limited,new,13.204798,77.418954,locality_name,low,"Village name ""Puttenahalli"" found in address",Puttenahalli,nan,,,2529,,,Sep 2025,2022
PRM/KA/RERA/1251/308/PR/120822/005154,42 Mark Three,Living Structures,new,12.836498,77.726609,portal_latlng,high,,Heelalige,560099,1,16,2023,1.5,3,Dec 2024,2022
PRM/KA/RERA/1251/446/PR/110822/005153,Wood Side,M/S. Sai Supriya Ventures,new,12.905833,77.665139,portal_latlng,high,,Doddakanahalli,560103,2,16,2528,1.75,2,Dec 2024,2022
PRM/KA/RERA/1251/308/PR/110822/005151,Meridian Park Phase Iii @ The Prestige City,Prestige Projects Private Limited,new,12.877538,77.76536,portal_latlng,high,,Yamare,562125,5,898,22455,2.749,30,Aug 2026,2022
PRM/KA/RERA/1251/310/PR/100822/005150,Construction Of 1293 Dus At Kenchanapura Sy.No.63,Rajiv Gandhi Housing Corporation Limited,ongoing,12.95472,77.44021,portal_latlng,high,,Maragondanahalli,560060,4,1293,41683,1.96,45,Feb 2025,2022
PRM/KA/RERA/1251/310/PR/080822/005144,Blisston,Gurusamy Selvakumar,new,13.000131,77.56767,portal_latlng,high,,Kadu Malleshwara,560003,1,16,685,2.25,3,Sep 2026,2022
PRM/KA/RERA/1251/446/PR/080822/005145,Royal View,Green Edge Developers,new,13.029598,77.76416,portal_latlng,high,,Belathur,560067,,237,12140,,,Dec 2026,2022
PRM/KA/RERA/1251/310/PR/060822/005141,Mahindra Eden Phase-2,Mahindra Lifespace Developers Limited,new,12.869,77.5431,portal_latlng,high,,Hemmigepura,560062,2,250,28942,2.24,21,Jul 2027,2022
PRM/KA/RERA/1251/446/PR/060822/005137,Adithya Rica,Adithya Constructions,new,12.951657,77.758405,portal_latlng,high,,Varthuru,560087,2,116,7026,12577.0,10,Dec 2025,2022
PRM/KA/RERA/1251/308/PR/060822/005142,Signature Meadows,Signature Dwellings Private Limited,new,12.911152,77.782397,portal_latlng,high,,Neriga,562125,1,180,7082,2.0,30,Dec 2024,2022
PRM/KA/RERA/1251/310/PR/050822/005132,Cm 1 Lakh Multi Storey Bengaluru Housing Programme Devegere Sy No 67,Rajiv Gandhi Housing Corporation Limited,ongoing,12.863751,77.432098,portal_latlng,high,,Kaniminike,560074,1,140,5787,0.81,24,Mar 2023,2022
PRM/KA/RERA/1251/310/PR/030822/005129,Jrc Wild Woods,Jrc Projects,ongoing,12.87913,77.69048,portal_latlng,high,,Chikkanagamangala,560061,1,120,11419,2.0,20,Mar 2026,2022
PRM/KA/RERA/1251/310/PR/020822/005116,Chaitrashree Lifestyle,Chaitrashree Developers,new,12.907247,77.512458,portal_latlng,high,,Badamanavarthekaval,560098,1,96,3833,3.0,16,Mar 2024,2022
TOR/PRM/KA/RERA/1251/309/PR/220802/000219,Assetz 22 & Crest,Bhairav Holdings Inc,ongoing,13.017055,77.550242,portal_boundary,high,,Marappana Palya,nan,,,7275,,,Mar 2023,2022
PRM/KA/RERA/1251/308/PR/020822/005115,Aln Arambh,Aln Buildtech,new,12.860036,77.693553,portal_latlng,high,,Gulimangala,560099,1,24,892,1.75,4,Mar 2025,2022
PRM/KA/RERA/1251/446/PR/020822/005117,Garuda Creek View,Garudachala Estates Pvt. Ltd.,new,13.028796,77.723819,portal_latlng,high,,Medahalli,560049,2,258,8332,27035.9,22,Dec 2025,2022
PRM/KA/RERA/1251/446/PR/020822/005125,Around The Life,Keya Homes Pvt Ltd,new,13.006111,77.763825,portal_latlng,high,,Bengaluru East,560067,3,312,18918,67941.0,18,Jun 2025,2022
PRM/KA/RERA/1251/446/PR/290722/005113,Sm Art,S & M Developers,new,12.936414,77.724353,portal_latlng,high,,Varthuru,560087,2,294,13309,2.25,25,Dec 2026,2022
PRM/KA/RERA/1251/310/PR/280722/005109,Slice Of Heaven,M/S Premier Properties,new,12.909646,77.51172,portal_latlng,high,,Hemmigepura,560098,1,16,1010,1.77,3,Apr 2024,2022
PRM/KA/RERA/1251/308/PR/280722/005108,Ars Singature Homes,Ars Infraa,new,12.865653,77.77433,portal_latlng,high,,Chikkadunnasandra,562125,1,110,6070,0.0,19,Oct 2023,2022
PRM/KA/RERA/1251/310/PR/220722/005096,Mars The Planet,M/S Mars Builders,ongoing,12.922113,77.537515,portal_latlng,high,,Rajarajeshwari Nagar,560085,1,176,9233,2.25,30,Mar 2029,2022
PRM/KA/RERA/1251/308/PR/220722/005097,Modern Spaces Felicity Engrace 2,Modern Spaces,new,12.863205,77.760161,portal_latlng,high,,Hosahalli,562125,5,340,23066,2.21,12,Jun 2026,2022
PRM/KA/RERA/1251/310/PR/220722/005099,Casagrand Hazen,Casa Grande Garden City Builders Pvt Ltd,new,12.86269,77.59495,portal_latlng,high,,Gottigere,560083,3,622,36016,2.0,35,Jul 2027,2022
PRM/KA/RERA/1251/446/PR/190722/005081,Abhi Star Light,Abhi Infra,ongoing,12.921337,77.734005,portal_latlng,high,,Varthuru,560087,1,34,1531,2.25,6,Feb 2025,2022
PRM/KA/RERA/1251/310/PR/190722/005086,Brigade Horizon,Brigade Enterprises Limited,new,12.885911,77.453904,portal_latlng,high,,Kumbalagodu,560060,18,372,20234,1.859,4,Dec 2026,2022
PRM/KA/RERA/1251/308/PR/190722/005087,Modern Spaces Felicity Engrace 1,Modern Spaces,new,12.863209,77.756011,portal_latlng,high,,Hosahalli,562125,1,68,5159,1.99,12,Jun 2025,2022
PRM/KA/RERA/1251/446/PR/190722/005082,Vikyath Elegant,Vikyath Properties Pvt Ltd,new,12.996412,77.722345,portal_latlng,high,,Hudi,560105,1,80,3408,2.5,14,Dec 2025,2022
PRM/KA/RERA/1251/309/PR/190722/005089,Emerald & Luminaire Block At Brigade El Dorado,Brigade Tetrarch Private Limited,new,13.144332,77.684509,portal_latlng,high,,Bagalur,562149,2,1236,38196,0.503,45,Dec 2026,2022
PRM/KA/RERA/1251/309/PR/190722/005088,Shashank Akshadha,Shashank Infra Projects,ongoing,13.090894,77.616073,portal_latlng,high,,Kogilu,560064,1,120,4238,2.25,20,Dec 2024,2022
PRM/KA/RERA/1250/304/PR/190722/005080,Jupiter Homes,Vijainder Reddy Bollepalli,ongoing,12.987592,77.794923,portal_latlng,high,,Naganayakanakote,560067,1,180,7286,2.0,30,May 2024,2022
PRM/KA/RERA/1251/472/PR/180722/005079,Ds Max Stavam Nest,Ds Max Properties Private Limited,new,13.132049,77.583428,portal_latlng,high,,Chowdeswari Ward,560064,1,80,3091,1.75,14,Jun 2026,2022
PRM/KA/RERA/1251/310/PR/180722/005078,Blossom,Bruhaspati Builders Llp,new,12.865571,77.42001,portal_latlng,high,,Hejjala,562109,1,44,1196,1.74,8,Nov 2024,2022
PRM/KA/RERA/1251/310/PR/130722/005068,Vista Svara,Vista Spaces Sun (Lalbagh) Private Limited,new,12.95878,77.58661,portal_latlng,high,,Sudham Nagara,560027,1,36,1930,2.5,6,Oct 2026,2022
PRM/KA/RERA/1251/310/PR/130722/005069,Vkr Paradise,Vkr Infra,new,12.897553,77.52594,portal_latlng,high,,Subramanyapura,560061,1,20,886,2.25,4,Mar 2025,2022
PRM/KA/RERA/1251/446/PR/130722/005066,Y @ Whitefield,Gen Y Social Communities At Whitefield Llp,new,12.9851,77.7075,portal_latlng,high,,Dodda Nekkundi,560048,2,265,11700,19594.0,23,Mar 2026,2022
PRM/KA/RERA/1251/309/PR/120722/005065,K Squre Regium,Ksqure Properties Private Limited,new,13.035306,77.59525,portal_latlng,high,,Hebbala,560024,1,36,1229,2.0,6,Aug 2023,2022
PRM/KA/RERA/1251/308/PR/110722/005063,J Bhingipura Rghcl,Rajiv Gandhi Housing Corporation Limited,ongoing,12.760474,77.624581,portal_latlng,high,,J Bingipura,560150,6,96,4148,0.94,3,Dec 2023,2022
PRM/KA/RERA/1251/446/PR/110722/005059,Ds Max Senate,Ds Max Properties Private Limited,new,12.868758,77.63453,portal_latlng,high,,Begur,560114,1,224,9611,1.45,38,Jun 2026,2022
PRM/KA/RERA/1251/308/PR/110722/005060,Aban Desire,Aban Developers Private Limited,new,12.82836,77.77663,portal_latlng,high,,Handenahalli,562125,1,140,8093,1.93,24,Dec 2028,2022
PRM/KA/RERA/1251/446/PR/110722/005061,Aikya Orchid,Aikya Promoters And Constructions,new,12.941356,77.753166,portal_latlng,high,,Varthuru,560087,1,52,2630,1.75,9,Feb 2025,2022
PRM/KA/RERA/1251/308/PR/110722/005054,Rrl Nature Woods,Rrl Builders And Developers Private Limited,new,12.709058,77.699226,portal_latlng,high,,Anekal Rural,562106,1,140,6171,2.24,24,Dec 2024,2022
PRM/KA/RERA/1251/446/PR/110722/005057,Jai Royal Park,Jai Infrastructures,new,13.001075,77.719779,portal_latlng,high,,Hudi,560048,1,285,13354,1.75,45,Apr 2024,2022
PRM/KA/RERA/1251/309/PR/110722/005050,Ncc Urban Park View,Ncc Urban Infrastructure Limited,new,13.097781,77.570781,portal_latlng,high,,Someshwara Ward,560064,1,77,4552,3.0,13,Dec 2024,2022
PRM/KA/RERA/1251/310/PR/220711/005047,Construction Of 516(Gf) Individual Units,Karnataka Slum Development Board,new,12.981667,77.540022,ward_centroid,low,BBMP ward 147 Agrahara Dasarahalli,Agrahara Dasarahalli,nan,,,23143,,,Jul 2026,2022
TOR/PRM/KA/RERA/1250/304/PR/220711/003504,Jp Tulips,J P Housing Corporation,ongoing,13.459417,77.464035,village_centroid,medium,"Village Hosakote (Dod Ballapur), match 1.00, area 3.4 sq km",Hosakote,nan,,,7183,,,Dec 2023,2022
PRM/KA/RERA/1251/309/PR/110722/005053,Classique Windchimes,Allegro Mahabaleshwara Ventures Llp,new,13.117414,77.573472,portal_latlng,high,,Chowdeswari Ward,560064,1,34,1737,3907.0,6,Jul 2026,2022
TOR/PRM/KA/RERA/1251/309/PR/220706/000637,Signature,Mr. Syed Aslam Basha & Mrs. Nazeema Aslam,done,13.036034,77.606304,ward_centroid,low,BBMP ward 68 Vishwanath Nagenahalli,Vishwanath Nagenahalli,nan,,,3946,,,Mar 2018,2022
PRM/KA/RERA/1251/446/PR/060722/005044,In That Quiet Earth Phase 2B,Total Environment Constructions Private Limited,new,13.053853,77.676974,portal_latlng,high,,Kalkere,560077,3,324,14527,2.25,18,May 2028,2022
PRM/KA/RERA/1251/309/PR/220706/005043,Fortuna Tejus,Fortuna Living Spaces India Private Limited,ongoing,13.030263,77.563824,portal_boundary,high,,Aramane Nagara,nan,,,2690,,,Dec 2025,2022
PRM/KA/RERA/1251/308/PR/010722/005033,Bhavisha Bentley Goldberg Phase-1,M/S. Bhavisha Properties,new,12.868008,77.775254,pin_centroid,low,PIN 562125 median of 106 located projects,Chikkadunnasandra,562125,2,308,12567,1.5,26,Dec 2023,2022
PRM/KA/RERA/1251/446/PR/010722/005029,Maitree Sprint,Maitree Developers,new,12.93316,77.727339,portal_latlng,high,,Varthuru,560087,1,40,1922,3904.0,7,Feb 2024,2022
PRM/KA/RERA/1251/310/PR/300622/005028,Bren Aspera,Bren Corporation Private Limited,new,13.03941,77.7435,portal_latlng,high,,Kurudusonnenahalli,560049,2,394,17729,3.2,33,Nov 2026,2022
PRM/KA/RERA/1251/308/PR/300622/005027,Bhavisha Meadows,Bhavisha Properties,ongoing,12.811442,77.714221,village_centroid,medium,"Village Chandapura (Anekal), match 0.90, area 2.5 sq km",Chandapura,560099,1,84,4677,1.75,14,Mar 2023,2022
PRM/KA/RERA/1251/309/PR/200622/005015,V-Regaliaa,Adarsh Infra,new,13.0259,77.6625,portal_latlng,high,,Kalkere,560043,1,83,4983,1.75,14,Sep 2024,2022
PRM/KA/RERA/1251/310/PR/200622/005011,Soho By Bren,Bren Corporation Private Limited,new,12.86424,77.53107,portal_latlng,high,,Hemmigepura,560109,1,175,11556,2.72,30,Nov 2026,2022
PRM/KA/RERA/1251/309/PR/200622/005009,Sky Height Shanthiniketan,Sky Height Developers,new,13.028036,77.620551,portal_latlng,high,,Nagavara,560045,1,81,2871,2.5,14,Dec 2024,2022
PRM/KA/RERA/1251/446/PR/200622/005013,Dreamville Home,Promax Properties,ongoing,13.05822,77.64655,portal_latlng,high,,Horamavu,560077,1,24,1314,1.74,4,Dec 2026,2022
PRM/KA/RERA/1251/308/PR/200622/005017,Signature Splendor,Signature Dwellings Private Limited,new,12.911111,77.625286,portal_latlng,high,,Rupenaagrahara,560099,1,464,19414,2.0,45,Dec 2025,2022
PRM/KA/RERA/1251/446/PR/160622/005000,Godrej Splendour,Godrej Properties Limited,new,13.011154,77.746257,portal_latlng,high,,Sadaramangala,560049,9,1161,30898,90514.1,22,Mar 2027,2022
PRM/KA/RERA/1251/310/PR/150622/004987,Snn Raj Serenity,Snn Builders Private Limited,new,12.857381,77.61446,portal_latlng,high,,Mylasandra,560068,9,594,28145,2.5,11,Oct 2027,2022
PRM/KA/RERA/1251/310/PR/150622/004988,Cm1 Lakh Multi Storey Bengaluru Housing Programme,Rajiv Gandhi Housing Corporation Limited,ongoing,12.876819,77.426608,portal_latlng,high,,Kumbalagudu State Forest,560074,1,516,8094,3.25,45,Feb 2025,2022
PRM/KA/RERA/1251/308/PR/140622/004981,Jhanavi Noreste,Jhanavi Heights Private Limited,new,12.887949,77.768322,portal_latlng,high,,Yamare,562125,1,112,5969,2.0,19,Mar 2025,2022
PRM/KA/RERA/1251/310/PR/140622/004982,Brigade Nanda Heights,Brigade Enterprises Ltd,new,12.912128,77.552117,portal_latlng,high,,Uttarahalli,560061,1,107,6677,2.249,18,Dec 2026,2022
PRM/KA/RERA/1251/310/PR/140622/004977,Anitha Regency,Shakthi Infrastructure,ongoing,12.896773,77.532821,portal_latlng,high,,Subramanyapura,560061,1,50,2186,2.5,9,Mar 2024,2022
PRM/KA/RERA/1251/308/PR/140622/004983,Raj High Gardens,Snn Properties Llp,new,12.790637,77.734046,portal_latlng,high,,Madivala,562107,3,1050,36049,2.75,45,Apr 2028,2022
PRM/KA/RERA/1251/308/PR/130622/004973,Aradhra,Adish Properties,new,12.750725,77.732056,portal_latlng,high,,Thattanahalli,562107,3,56,4046,1.74,4,Jan 2026,2022
PRM/KA/RERA/1250/304/PR/070622/004962,10X E,Maz Rd Builders And Developers Private Limited,new,13.058758,77.788897,pin_centroid,low,PIN 562114 median of 41 located projects,Doddagattiganabbe,562114,1,32,1770,0.0,6,Dec 2024,2022
PRM/KA/RERA/1251/309/PR/070622/004965,Sound Of Water Phase 3,Puravankara Limited,new,12.851225,77.604534,portal_latlng,high,,Kalena Agrahara,560076,1,60,20454,11415.0,10,Jun 2027,2022
PRM/KA/RERA/1251/446/PR/070622/004966,Olde Town By Lw,Vdb Infra And Realty Pvt Ltd,new,13.002872,77.597883,portal_latlng,high,,Jayamahal,560046,1,14,1312,1.81,3,Mar 2026,2022
PRM/KA/RERA/1251/309/PR/020622/004955,Bee Home Aries,Clock Cruise International Pvt Ltd,ongoing,13.065199,77.504066,portal_latlng,high,,Shettihalli,560022,1,44,1544,3860.0,8,Dec 2024,2022
PRM/KA/RERA/1251/310/PR/220601/004946,Purva Park Hill (Wing A),Puravankara Limited,new,12.854409,77.542732,portal_boundary,high,,Badamanavarthekaval,nan,,,2802,,,Dec 2027,2022
PRM/KA/RERA/1251/310/PR/220601/004949,Purva Park Hill (Wing D),Puravankara Limited,new,12.854409,77.542482,portal_boundary,high,,Hemmigepura,nan,,,1321,,,Dec 2027,2022
PRM/KA/RERA/1251/310/PR/220601/004948,Purva Park Hill (Wing C),Puravankara Limited,new,12.854409,77.542727,portal_boundary,high,,Badamanavarthekaval,nan,,,1378,,,Dec 2027,2022
PRM/KA/RERA/1251/310/PR/220601/004947,Purva Park Hill (Wing B),Puravankara Limited,new,12.854409,77.542732,portal_boundary,high,,Badamanavarthekaval,nan,,,1762,,,Dec 2027,2022
PRM/KA/RERA/1251/446/PR/310522/004944,Abhee Nandana Block-C,Abhee Ventures Private Limited,ongoing,12.901954,77.662458,portal_latlng,high,,Doddakanahalli,560068,1,16,708,1.75,3,Dec 2023,2022
PRM/KA/RERA/1251/310/PR/220531/004941,Saptagiri Nivas,Saptagiri Developers & Co,ongoing,12.991066,77.415329,village_centroid,medium,"Village Varthur (Bangalore South), match 1.00, area 1.2 sq km",Varthur,nan,,,3136,,,Dec 2023,2022
PRM/KA/RERA/1251/309/PR/220531/004942,Swaraj Residency,Spacios Builders Llp,ongoing,13.02387,77.669319,portal_boundary,high,,Kalkere,nan,,,1117,,,Dec 2023,2022
PRM/KA/RERA/1251/309/PR/300522/004936,Sobha Royal Crest,Sobha Limited,new,12.922938,77.531757,portal_latlng,high,,Rajarajeshwari Nagar,560085,3,329,25619,2.18,19,Dec 2028,2022
PRM/KA/RERA/1251/446/PR/260522/004922,Sri Balaji Signature,Sri Balaji Structures,new,13.052348,77.636854,portal_latlng,high,,Thanisandra,560077,1,160,7132,2.25,27,Jun 2024,2022
PRM/KA/RERA/1251/308/PR/230522/004902,Confident Mayfair,Dj Projects Private Limited,new,12.873814,77.763264,portal_latlng,high,,Kadagrahara,562125,1,103,8776,1.43,18,Feb 2027,2022
PRM/KA/RERA/1251/446/PR/230522/004896,S.V.Prime,S V Infra Holdings Limited,new,12.982499,77.756431,portal_latlng,high,,Hagadur,560066,3,256,9599,28797.0,15,Nov 2025,2022
PRM/KA/RERA/1251/308/PR/230522/004901,Meridian Park Phase Ii @ The Prestige City,Prestige Projects Private Limited,new,12.877538,77.76536,portal_latlng,high,,Yamare,562125,6,1104,329281,2.749,31,Jul 2026,2022
PRM/KA/RERA/1250/304/PR/230522/004913,Sowparnika Indradhanush Phase I,Sowparnika Homes Private Limited,new,13.100443,77.811415,portal_latlng,high,,Dandupalya,562114,1,570,21625,3.0,45,May 2027,2022
PRM/KA/RERA/1251/310/PR/210522/004887,Mythri Square,Mythri Builders,new,12.97233,77.773285,portal_latlng,high,,Hagadur,560067,1,132,7429,1.75,22,Jul 2025,2022
PRM/KA/RERA/1251/310/PR/160522/004884,Tvs Emerald Jardin,Emerald Haven Development Limited,new,12.871281,77.643297,portal_latlng,high,,Begur,560068,4,581,23066,2.24,25,Jul 2027,2022
PRM/KA/RERA/1251/308/PR/160522/004882,Bhavya Dazzle,Bhavya Builders,new,12.860956,77.775261,portal_latlng,high,,Chikkadunnasandra,562125,1,168,7646,2.25,28,Sep 2026,2022
PRM/KA/RERA/1250/304/PR/160522/004883,Radiance Blossom Phase- Ii,Radiance Realty Developers India Limited,new,13.047765,77.742343,pin_centroid,low,PIN 560049 median of 64 located projects,Veerenahalli,560049,1,44,12646,1.5,8,Dec 2024,2022
PRM/KA/RERA/1251/310/PR/120522/004879,Aqua Vista,Poppy Realtors Private Limited,ongoing,12.864444,77.590811,portal_latlng,high,,Gottigere,560076,3,181,11707,3.21,11,Dec 2024,2022
PRM/KA/RERA/1250/303/PR/110522/004869,"Aeropolis, A Project Of Sattva Group",Trinayani Realtor Private Limited,new,13.210587,77.672873,portal_latlng,high,,Yerthagenahalli,562157,9,1001,41783,2.361,19,Jul 2026,2022
PRM/KA/RERA/1251/446/PR/110522/004876,Dsr Highland Greenz,Dsr Infra Projects,new,12.895929,77.696386,portal_latlng,high,,Chikkanayakanahalli,560035,4,900,40873,84984.0,38,Mar 2026,2022
PRM/KA/RERA/1251/308/PR/100522/004863,The Nashville,M/S. East North Vvs Realty,ongoing,12.778963,77.770203,portal_latlng,high,,Attibele,560099,2,88,5427,1.75,8,Mar 2024,2022
PRM/KA/RERA/1251/446/PR/070522/004859,Soul & Soil - Phase 2B,Assetz Value Homes North Private Limited,new,13.078,77.6599,portal_latlng,high,,Byrathi,560049,1,18,2037,0.152,3,Jul 2024,2022
PRM/KA/RERA/1251/309/PR/070522/004860,Earth & Essence - Phase 1B,Assetz Premium Holdings Private Limited,new,13.15027,77.642231,portal_latlng,high,,Sathanaoor,562157,3,22,11538,0.75,2,Dec 2024,2022
PRM/KA/RERA/1251/308/PR/050522/004857,Wonderwall Phase Iii,Bricks And Milestones Projects Llp,new,12.864872,77.776219,portal_latlng,high,,Chikkadunnasandra,562125,5,432,22055,1.99,15,Mar 2027,2022
PRM/KA/RERA/1251/310/PR/050522/004858,Jito Ranka Nagar,Essence Realty Llp,new,12.879123,77.47489,portal_latlng,high,,Kambipura,560060,11,880,24584,2.25,14,Apr 2027,2022
PRM/KA/RERA/1251/446/PR/050522/004856,Ashish Mnrst Apartment,Aashish Developer And Builders,new,12.94597,77.72105,portal_latlng,high,,Munnekollala,560066,1,84,4451,1.66,14,Dec 2024,2022
PRM/KA/RERA/1251/308/PR/290422/004855,Raj Etternia E Block (Building 4),Snn Properties Llp,new,12.890403,77.666529,portal_latlng,high,,Kudlu,560068,1,150,7439,2.25,25,Apr 2026,2022
PRM/KA/RERA/1251/446/PR/210422/004844,Vaishnavi At-One Premiere,Vaishnavi At-One Infrastructure Llp,new,12.984779,77.614995,portal_latlng,high,,Ulsoor,560042,1,35,2748,2.75,6,Sep 2025,2022
PRM/KA/RERA/1251/310/PR/210422/004845,Casagrand Aquene,Casa Grande Garden City Builders Pvt Ltd,new,12.907489,77.485494,portal_latlng,high,,Hemmigepura,560060,2,333,15276,2.25,28,Jun 2025,2022
PRM/KA/RERA/1251/446/PR/130422/004835,Ashish Narayana Row House,Aashish Developer And Builders,new,12.947245,77.719512,portal_latlng,high,,Munnekollala,560066,1,10,1480,2.25,2,Dec 2025,2022
PRM/KA/RERA/1251/310/PR/130422/004834,Cornerstone Akhinta Residences,Akhinta Enterprises Private Limited,new,12.917903,77.61256,portal_latlng,high,,BTM Layout,560068,3,104,8175,2.25,6,Dec 2026,2022
PRM/KA/RERA/1251/310/PR/120422/004833,Bochs Akshaya,Axis Concept Construction Private Limited,new,12.878767,77.637668,portal_latlng,high,,Begur,560068,1,64,4010,2.25,11,Nov 2024,2022
PRM/KA/RERA/1251/310/PR/110422/004823,Icon Micasa,Icon Infra Shelters India Private Limited,new,12.790191,77.651619,portal_latlng,high,,Jigani,560105,1,170,7588,1.74,29,Dec 2025,2022
PRM/KA/RERA/1251/308/PR/110422/004824,Gr Sitara,Gr Constructions,new,12.880866,77.676067,portal_latlng,high,,Doddanagamangala,560099,11,250,12241,2.24,4,Dec 2026,2022
PRM/KA/RERA/1251/446/PR/220401/004806,Desire Tree,Prithvi Developers,new,12.991066,77.415329,village_centroid,medium,"Village Varthur (Bangalore South), match 1.00, area 1.2 sq km",Varthur,nan,,,11027,,,Jan 2027,2022
PRM/KA/RERA/1251/446/PR/310322/004796,Sobha Sentosa Phase 1 Wing 7,Sobha Limited,new,12.934751,77.72459,portal_latlng,high,,Varthuru,560087,1,71,4995,2.24,12,Jun 2026,2022
PRM/KA/RERA/1251/446/PR/310322/004803,Sunrise,Corporate Leisure And Property Developments Private Limited,ongoing,12.917238,77.724677,portal_latlng,high,,Varthuru,560035,10,520,24483,2.2,9,Dec 2026,2022
PRM/KA/RERA/1251/446/PR/310322/004799,Sobha Sentosa Phase 4 Wing 1 And 2,Sobha Limited,new,12.934751,77.72459,portal_latlng,high,,Varthuru,560087,2,142,8762,2.24,12,Dec 2027,2022
PRM/KA/RERA/1251/309/PR/310322/004800,Sobha Victoria Park Phase 1,Sobha Limited,new,13.05601,77.66019,portal_latlng,high,,Horamavu,560077,5,300,24406,2.01,10,Dec 2027,2022
PRM/KA/RERA/1251/309/PR/310322/004801,Sobha Victoria Park Phase 2,Sobha Limited,new,13.05601,77.66019,portal_latlng,high,,Horamavu,560077,2,19,2287,2.01,2,Dec 2027,2022
PRM/KA/RERA/1251/446/PR/310322/004797,Sobha Sentosa Phase 2 Wing 5 And 6,Sobha Limited,new,12.934751,77.72459,portal_latlng,high,,Varthuru,560087,2,142,9179,2.24,12,Dec 2026,2022
PRM/KA/RERA/1251/446/PR/310322/004798,Sobha Sentosa Phase 3 Wing 3 And 4,Sobha Limited,new,12.934751,77.72459,portal_latlng,high,,Varthuru,560087,2,178,7434,2.24,15,Jun 2027,2022
PRM/KA/RERA/1251/308/PR/310322/004804,Green Boulevard,Twenty First Castle Developers Llp,new,12.836223,77.776458,portal_latlng,high,,Handenahalli,562125,1,336,12545,2.24,45,Mar 2027,2022
PRM/KA/RERA/1251/309/PR/300322/004795,After The Rain-Phase Iic,Total Environment Building Systems Private Limited,new,13.159022,77.602396,portal_latlng,high,,Suggatta Og,562157,6,26,17700,0.522,2,Apr 2028,2022
PRM/KA/RERA/1251/310/PR/300322/004794,Mahindra Eden Phase-1,Mahindra Lifespace Developers Limited,new,12.868878,77.543117,portal_latlng,high,,Hemmigepura,560062,2,277,12621,2.24,24,Mar 2027,2022
PRM/KA/RERA/1251/472/PR/250322/004787,1 Lakh Multi - Storey Bengaluru Housing Programme,Rajiv Gandhi Housing Corporation Limited,ongoing,13.185149,77.570283,portal_latlng,high,,Adiganahalli,562110,2,125,6980,0.73,11,Apr 2023,2022
PRM/KA/RERA/1251/309/PR/250322/004786,Cm 1 Lakh Multistorey Bengaluru Housing Programme,Rajiv Gandhi Housing Corporation Limited,ongoing,13.125076,77.459145,portal_latlng,high,,Mathahalli,562123,5,701,20234,1.76,24,Mar 2024,2022
PRM/KA/RERA/1250/304/PR/250322/004782,Lake Waters,Markon Homes Pvt Ltd,new,12.939311,77.780577,portal_latlng,high,,Muthasandra,560087,2,32,7953,0.92,3,Mar 2025,2022
PRM/KA/RERA/1251/472/PR/250322/004785,Assetz Soho & Sky,Apg Imperial Homes Private Limited,new,13.07032,77.6141,portal_latlng,high,,Jakkuru,560064,5,114,18266,1.23,4,Sep 2026,2022
PRM/KA/RERA/1251/309/PR/250322/004788,1 Lakh Multi Storied Bengaluru Housing Programme,Rajiv Gandhi Housing Corporation,ongoing,13.151171,77.455137,portal_latlng,high,,Thodigere,560089,8,512,26304,0.2,11,Jul 2023,2022
PRM/KA/RERA/1251/309/PR/170322/004775,Brigade Laguna,Brigade Enterprises Ltd,new,13.065034,77.609426,portal_latlng,high,,Jakkuru,560050,4,212,11229,2.49,9,Dec 2025,2022
PRM/KA/RERA/1251/310/PR/170322/004767,Splendid Lake Breez,Splendid Properties,new,12.87032,77.627135,portal_latlng,high,,Mylasandra,560068,2,128,5767,2.08,11,Apr 2026,2022
PRM/KA/RERA/1250/304/PR/170322/004768,Mims Northdale,Mims Builders Pv Ltd,new,13.071073,77.656769,portal_latlng,high,,Horamavu,560077,2,28,6049,5460.0,3,Oct 2024,2022
PRM/KA/RERA/1251/310/PR/170322/004769,Bhoomika Elites,B M R Builders And Developers,ongoing,12.8634,77.561543,portal_latlng,high,,Anjanapura,560062,1,84,5623,2.25,14,Sep 2023,2022
PRM/KA/RERA/1251/310/PR/170322/004770,Sgs Divine Aspire,Devi Properties,new,12.930424,77.527645,portal_latlng,high,,Jnana Bharathi,560085,2,100,4338,2.25,9,Apr 2024,2022
PRM/KA/RERA/1251/310/PR/220315/004761,Srivari Gracious,Srivari Properties,ongoing,12.902,77.54432,portal_boundary,high,,Vasanthpura,nan,,,4654,,,Aug 2024,2022
PRM/KA/RERA/1251/310/PR/140322/004754,Brigade Komarla Heights,Brigade Enterprises Ltd,new,12.913247,77.552777,portal_latlng,high,,Uttarahalli,560061,2,318,16389,2.25,27,Dec 2026,2022
PRM/KA/RERA/1251/308/PR/140322/004752,Greenfinch Habitat,Greenfinch Projects Private Limited,new,12.778832,77.7845,portal_latlng,high,,Anekal,562107,3,298,10340,22080.0,17,Sep 2026,2022
PRM/KA/RERA/1251/446/PR/090322/004744,Galaxy One Phase-2,Galaxy Developers,new,13.01982,77.719376,portal_latlng,high,,Basavanapura,560066,1,,6241,1.75,5,Dec 2025,2022
PRM/KA/RERA/1251/472/PR/020322/004740,Kempanahalli And Singanayakanahalli,Karnataka State Habitat Centre,ongoing,13.09945,77.605784,pin_centroid,low,PIN 560064 median of 92 located projects,Kempegowda Ward,560064,1,330,41804,9742.0,45,Jan 2023,2022
PRM/KA/RERA/1251/446/PR/280222/004738,Folium By Sumadhura Phase-I,Sumadhura Infracon Private Limited,new,12.96565,77.74338,portal_latlng,high,,Whitefield,560066,2,480,19862,95869.0,40,Jun 2025,2022
PRM/KA/RERA/1251/446/PR/280222/004736,Godrej Park Retreat,Godrej Properties Limited,new,12.892461,77.705608,portal_latlng,high,,Bengaluru East,560087,8,976,29424,75805.9,21,Feb 2027,2022
PRM/KA/RERA/1251/308/PR/280222/004739,Ds Max Sukruth,Ds Max Realty Private Ltd,new,12.77841,77.713656,portal_latlng,high,,Marasur,560099,1,304,10319,1.74,45,Feb 2026,2022
PRM/KA/RERA/1251/446/PR/250222/004731,Aspire Amber,Sumadhura Homes Llp,new,13.029747,77.75216,portal_latlng,high,,Kumbena Agrahara,560067,3,216,8195,18100.0,12,Dec 2024,2022
PRM/KA/RERA/1251/446/PR/250222/004732,Neeladri Sarovaram,Neeladri Properties,new,12.939824,77.739487,portal_latlng,high,,Varthuru,560087,2,321,12953,28696.7,27,Oct 2026,2022
PRM/KA/RERA/1251/308/PR/250222/004735,Dhiraan Urban Forest,Dhiraan Infrastructure Pvt Ltd,ongoing,12.803933,77.711476,portal_latlng,high,,Iggalur,560099,1,95,4250,1.74,16,Feb 2025,2022
PRM/KA/RERA/1251/446/PR/210222/004725,Heavie Eden,Sentient Developers Private Limited,new,12.910254,77.680967,portal_latlng,high,,Doddakanahalli,560035,1,28,1097,2729.99,5,Dec 2025,2022
PRM/KA/RERA/1251/446/PR/210222/004720,Klassik Landmark Apartments - Phase Iii,Klassik Enterprises Private Limited,ongoing,12.896991,77.679004,portal_latlng,high,,Doddakanahalli,560035,2,236,9472,24243.0,20,Dec 2023,2022
PRM/KA/RERA/1251/446/PR/210222/004722,Model Harmony,Model Venturess,ongoing,13.060073,77.658008,portal_latlng,high,,Horamavu,560077,1,36,1922,0.8,6,Dec 2024,2022
PRM/KA/RERA/1250/304/PR/150222/004712,Sanjeevini Srushti,Sanjeevini Srushti Infra,new,12.986709,77.814442,portal_latlng,high,,Muthkur,560067,3,337,12145,2.5,19,Jul 2025,2022
PRM/KA/RERA/1251/446/PR/220214/004701,Saranya Sannidhi,Saranya Properties Pvt Ltd,new,12.989141,77.768033,village_centroid,medium,"Village Hagadur (Bangalore South), match 0.93, area 3.0 sq km",Kadugodi,nan,,,8104,,,Jul 2025,2022
PRM/KA/RERA/1251/472/PR/220214/004695,Land Capital Calista,Land Capital Projects,new,13.117885,77.85395,village_centroid,medium,"Village Attur (Hoskote), match 1.00, area 1.6 sq km",Attur,nan,,,3552,,,Dec 2025,2022
PRM/KA/RERA/1251/446/PR/140222/004706,Prestige Green Gables,Prestige Estates Projects Ltd,new,12.940122,77.698809,portal_latlng,high,,Marathahalli,560087,4,406,22334,2.246,17,Dec 2025,2022
PRM/KA/RERA/1251/308/PR/220214/004703,Fourwalls Avenue,Fourwalls Avenue,new,12.85652,77.803616,portal_boundary,high,,Anekal,nan,,,3823,,,Dec 2026,2022
PRM/KA/RERA/1251/308/PR/140222/004708,Shriram 107Southeast - Phase 3,Shriprop Living Space Private Limited,new,12.771255,77.754938,portal_latlng,high,,Mayasandra,562107,9,1055,23181,74574.0,20,Jan 2027,2022
PRM/KA/RERA/1251/446/PR/220210/004691,Mohan Altura,Mohan Builders,new,12.946203,77.740145,village_centroid,low,"Village Gunjur (Bangalore South), match 1.00, area 9.5 sq km",Varthuru,nan,,,8650,,,Dec 2024,2022
PRM/KA/RERA/1251/308/PR/220210/004690,Evershine Northeast Apartments,Evershine Dwellings Pvt Ltd,new,12.884358,77.698324,village_centroid,medium,"Village Gattahalli (Anekal), match 1.00, area 3.2 sq km",Gattahalli,nan,,,6930,,,Sep 2026,2022
PRM/KA/RERA/1251/446/PR/220210/004687,Desai Green Gardens,Desai Developers,new,13.060601,77.605099,portal_boundary,high,,Amrutahalli,nan,,,3980,,,Dec 2023,2022
PRM/KA/RERA/1251/308/PR/090222/004684,Meridian Park Phase I @ The Prestige City,Prestige Projects Private Limited,new,12.876915,77.765179,portal_latlng,high,,Yamare,562125,5,898,329281,2.749,30,Jan 2026,2022
PRM/KA/RERA/1251/309/PR/070222/004675,Casagrand Galileo,Casa Grande Garden City Builders Pvt Ltd,new,13.007045,77.692838,portal_latlng,high,,Devasandra,560036,1,104,6496,2.25,18,Feb 2025,2022
PRM/KA/RERA/1250/303/PR/220207/004671,Pearl At Brigade Atmosphere,Brigade Enterprises Ltd,new,13.279791,77.731429,village_centroid,medium,"Village Kurubarakunte (Devanhalli), match 0.93, area 2.8 sq km",Kurubarakunte,nan,,,38152,,,Dec 2025,2022
PRM/KA/RERA/1251/309/PR/040222/004669,Brr Classic Phase I,Brr Hallmark Developers Llp,ongoing,13.007857,77.532527,ward_centroid,low,BBMP ward 54 Jai Maruthinagara,Jai Maruthinagara,560048,1,110,3700,1.75,19,Dec 2024,2022
PRM/KA/RERA/1251/446/PR/220202/004664,Dsr Brown Creeper,Svr Builders And Devolopers,new,12.946203,77.740145,village_centroid,low,"Village Gunjur (Bangalore South), match 1.00, area 9.5 sq km",Varthuru,nan,,,5261,,,Dec 2023,2022
PRM/KA/RERA/1251/308/PR/220202/004665,Millenia Muthanallur,Nambiar Enterprises Llp,new,12.84627,77.737141,village_centroid,medium,"Village Muthanallur (Anekal), match 1.00, area 3.1 sq km",Muthanallur,nan,,,15530,,,Nov 2026,2022
PRM/KA/RERA/1251/446/PR/220129/004658,Tru Windchimes,Tru Windchimes Private Limited,new,12.92901,77.699256,village_centroid,medium,"Village Doddakannalli (Bangalore South), match 0.87, area 4.1 sq km",Munnekollala,nan,,,13839,,,Jun 2025,2022
PRM/KA/RERA/1251/446/PR/220129/004657,Hamilton,Nest Plus Properties Llp,new,12.983929,77.749142,village_centroid,medium,"Village R Narayanapura (Bangalore South), match 1.00, area 0.4 sq km",Belathur,nan,,,1096,,,Sep 2023,2022
PRM/KA/RERA/1251/308/PR/290122/004660,Ds Max Spoorthi,Ds Max Properties Private Limited,new,12.816877,77.775681,portal_latlng,high,,Arenur,562125,1,436,14467,25249.0,45,Dec 2026,2022
PRM/KA/RERA/1251/446/PR/240122/004655,63 Degree East - Tower F,Apg Intelli Homes Private Limited,new,12.8862,77.7038,portal_latlng,high,,Gattahalli,560035,1,88,10198,0.13182,15,Jul 2025,2022
PRM/KA/RERA/1251/446/PR/240122/004654,Assetz Marq Phase 3A,Assetz Whitefield Homes Private Limited,new,13.024835,77.762581,portal_latlng,high,,Belathur,560067,1,384,10263,2.39,45,Feb 2026,2022
PRM/KA/RERA/1251/446/PR/240122/004656,63 Degree East - Tower A,Apg Intelli Homes Private Limited,new,12.88613,77.7038,portal_latlng,high,,Gattahalli,560035,1,312,11046,0.35854,45,Jul 2025,2022
PRM/KA/RERA/1251/308/PR/210122/004648,"Sobha Brooklyn Towers - Town Park Phase 2, W2",Sobha Limited,new,12.78687,77.74449,portal_latlng,high,,Itchangur,562107,1,261,5977,2.7458,44,Dec 2027,2022
PRM/KA/RERA/1251/308/PR/210122/004649,"Sobha Brooklyn Towers - Town Park Phase 5, W3",Sobha Limited,new,12.78689,77.74449,portal_latlng,high,,Itchangur,562107,1,261,6762,2.7458,44,Jun 2028,2022
PRM/KA/RERA/1251/309/PR/220118/004647,Dnr Highline,Dnr Corporation Private Limited,new,13.02492,77.619405,ward_centroid,low,BBMP ward 96 Kadugondanahalli,Kadugondanahalli,nan,,,12262,,,Oct 2026,2022
PRM/KA/RERA/1251/310/PR/180122/004645,Parkwest - Cedar - Tower 8,Relationship Properties Private Limited,new,12.96619,77.56044,portal_latlng,high,,Binnipete,560023,1,225,10312,0.1814,38,Dec 2026,2022
PRM/KA/RERA/1251/446/PR/130122/004638,Alchemy One,Aratt Trident Projects Llp,new,13.044246,77.746037,portal_latlng,high,,Doddabanahalli,560049,1,162,5564,3.25,27,Jun 2026,2022
PRM/KA/RERA/1251/310/PR/220104/004624,Shreshta Southern Star,Shreshta Bulders,new,12.869222,77.610122,portal_boundary,high,,Hulimavu,nan,,,3992,,,Dec 2024,2022
PRM/KA/RERA/1250/303/PR/220104/004626,Ivory Phase 1 At Brigade Orchards,Bcv Developers Pvt Ltd,new,13.290712,77.697317,village_centroid,medium,"Village Devanahalli (Devanhalli), match 1.00, area 0.5 sq km",Devanahalli,nan,,,13088,,,Dec 2026,2022
PRM/KA/RERA/1251/309/PR/220104/004620,Newyork By Manjeera,Manjeera Construction Ltd,new,13.370664,77.496628,village_centroid,medium,"Village Allalasandra (Dod Ballapur), match 1.00, area 1.8 sq km",Allalasandra,nan,,,14872,,,Jul 2025,2022
PRM/KA/RERA/1251/309/PR/220104/004621,Kbr Navarathna Residency,Kbr Homes India Private Limited,ongoing,13.078221,77.5734,ward_centroid,low,BBMP ward 11 Byatarayanapura,Byatarayanapura,nan,,,2558,,,Dec 2023,2022
PRM/KA/RERA/1251/308/PR/220104/004625,Bavisha Greystone,Bhavisha Properties,new,12.861566,77.777157,village_centroid,medium,"Village Chikkadunnasandra (Anekal), match 1.00, area 1.8 sq km",Chikkadunnasandra,nan,,,4451,,,Aug 2022,2022
PRM/KA/RERA/1251/446/PR/211230/004615,Vyshnavi Brundavanam,Sri Vyshnavi Infra,new,12.97202,77.533057,ward_centroid,low,BBMP ward 150 Marenahalli,Marenahalli,nan,,,963,,,Dec 2024,2021
PRM/KA/RERA/1251/308/PR/211229/004605,Royal Tulip,Whitehill Properties Llp,new,12.875685,77.820129,village_centroid,medium,"Village Gudighattanahalli (Anekal), match 1.00, area 2.8 sq km",Gudighattanahalli,562125,,,58678,,,Aug 2025,2021
PRM/KA/RERA/1251/446/PR/211229/004603,Candeur Sunshine,Candeur Constructions,new,13.006048,77.73172,portal_boundary,high,,Hudi,nan,,,15284,,,Dec 2024,2021
PRM/KA/RERA/1251/472/PR/221221/004599,Ds Max Sasmara,Ds Max Properties Private Limited,new,13.059272,77.573978,portal_latlng,high,,Kodigehalli,560092,1,88,3399,6552.36,15,Dec 2024,2021
PRM/KA/RERA/1251/309/PR/211220/004595,Construction Of 793 Du'S,Karnataka Slum Development Board,ongoing,13.112795,77.429514,locality_name,low,"Village name ""Pillahalli"" found in address",Pillahalli,nan,,,35566,,,Nov 2028,2021
PRM/KA/RERA/1251/446/PR/211215/004587,Abhee Siliconshine,Abhee Developers,new,12.902356,77.718801,portal_boundary,high,,Bengaluru East,nan,,,16295,,,Aug 2025,2021
PRM/KA/RERA/1251/309/PR/211209/004576,Ds Max Stavam,Ds Max Properties Private Limited,new,13.143181,77.580244,village_centroid,medium,"Village Harohalli (Bangalore North), match 1.00, area 3.0 sq km",Harohalli,560064,,,6065,,,Mar 2025,2021
PRM/KA/RERA/1251/308/PR/211209/004580,S R Sky Blue,S R Developers,ongoing,12.861593,77.737435,village_centroid,medium,"Village Gopasandra (Anekal), match 0.91, area 1.8 sq km",Gopasandra,nan,,,5361,,,Mar 2024,2021
PRM/KA/RERA/1251/309/PR/211209/004579,Sundew Zrika,Sundew Homes,ongoing,12.72394,77.577572,village_centroid,low,"Village Shivanahalli (Anekal), match 1.00, area 10.5 sq km",Shivanahalli,nan,,,2589,,,Sep 2023,2021
PRM/KA/RERA/1251/446/PR/211206/004573,Shriram Wyt Field -2,Spl Towers Private Limited,new,13.094216,77.750463,village_centroid,medium,"Village Bommenahalli (Bangalore South), match 1.00, area 2.6 sq km",Bommenahalli,nan,,,46538,,,Aug 2026,2021
PRM/KA/RERA/1251/310/PR/211202/004570,Vasudha Parkone,Vasudha Projects,new,12.89722,77.53703,portal_boundary,high,,Subramanyapura,nan,,,4681,,,Sep 2024,2021
PRM/KA/RERA/1251/446/PR/211130/004565,Jai Gardenia,Jai Constructions,ongoing,13.106284,77.751331,village_centroid,medium,"Village Kodigehalli (Bangalore South), match 1.00, area 0.8 sq km",Kodigehalli,nan,,,6175,,,Jun 2023,2021
PRM/KA/RERA/1251/308/PR/211130/004557,Bavisha Greenwoods,Bhavisha Properties,new,12.878494,77.774567,village_centroid,medium,"Village Sompura (Anekal), match 1.00, area 2.3 sq km",Sompura,nan,,,3996,,,Mar 2022,2021
PRM/KA/RERA/1251/446/PR/211123/004536,Pariwar Wise Palmsprings,Pariwar Wise Venture,new,12.91433,77.666587,village_centroid,medium,"Village Haralur (Bangalore South), match 1.00, area 3.3 sq km",Doddakanahalli,nan,,,16866,,,Dec 2024,2021
PRM/KA/RERA/1251/308/PR/211117/004499,Pushpam Park Street,Pushpam Realty,new,12.816125,77.779938,portal_boundary,high,,Bidaraguppe,nan,,,2125,,,Mar 2023,2021
PRM/KA/RERA/1251/446/PR/211117/004510,Svs Mythri Sunshine,Svs Constructions,new,13.080959,77.696507,village_centroid,medium,"Village Rampura (Bangalore South), match 1.00, area 2.9 sq km",Rampura,nan,,,3390,,,Dec 2024,2021
PRM/KA/RERA/1251/309/PR/211117/004503,Jankal Orchids,Jankal Infinity Projects Private Limited,new,13.006196,77.525272,ward_centroid,low,BBMP ward 43 Ranadheera Kanteerava,Ranadheera Kanteerava,nan,,,1034,,,Jun 2023,2021
PRM/KA/RERA/1251/310/PR/211117/004505,The Aurum,V Ventures,ongoing,12.893971,77.556932,portal_boundary,high,,Vasanthpura,nan,,,1943,,,May 2024,2021
PRM/KA/RERA/1251/310/PR/211117/004512,Sumeru Gokulam,Sumeru Developers,new,12.928626,77.585033,ward_centroid,low,BBMP ward 196 Byrasandra,Byrasandra,nan,,,978,,,Jun 2023,2021
PRM/KA/RERA/1251/310/PR/211117/004507,Hasmitha Nandana,Golden Key Builders And Developers,ongoing,12.863854,77.623021,portal_boundary,high,,Mylasandra,560068,,,7623,,,Aug 2024,2021
PRM/KA/RERA/1251/310/PR/211117/004500,Nagarbhavi Marvel,Sri Rajshekar,new,13.330656,77.538585,locality_name,low,"Village name ""Mallathahalli"" found in address",Mallathahalli,nan,,,1331,,,Jan 2024,2021
PRM/KA/RERA/1251/309/PR/211110/004493,Blue Berry Homes,Gokul Indwin Developers,new,13.045018,77.635698,portal_boundary,high,,Thanisandra,nan,,,7933,,,Jan 2025,2021
PRM/KA/RERA/1251/310/PR/211110/004494,Garudadri Gardenia,Sri Garudadri Constructions,new,12.957535,77.48938,portal_boundary,high,,Nalvadi Krishnaraja Wadior Park,nan,,,1315,,,Dec 2023,2021
PRM/KA/RERA/1251/310/PR/211108/004475,Construction Of 1000 Dus In Rajarajeshwarinagar,Karnataka Slum Development Board,new,12.911126,77.52146,locality_name,low,"Ward name ""Rajarajeshwari Nagar"" found in address",Rajarajeshwari Nagar,nan,,,44850,,,Oct 2026,2021
PRM/KA/RERA/1251/309/PR/211108/004483,Construction Of 1000 Houses In T Dasarahalli,Karnataka Slum Development Board,new,13.074095,77.614647,locality_name,low,"Village name ""Dasarahalli"" found in address",Jakkuru,nan,,,44850,,,Oct 2026,2021
PRM/KA/RERA/1251/309/PR/211028/004443,Construction Of 412 Housese In Hebbala,Karnataka Slum Development Board,new,13.033369,77.593776,locality_name,low,"Ward name ""Hebbala"" found in address",Hebbala,nan,,,18478,,,Oct 2026,2021
PRM/KA/RERA/1251/310/PR/211028/004409,Construction Of 484 Ground Floor Units In Variou,Ksdb,new,12.919912,77.59634,portal_boundary,high,,J P Nagar,nan,,,21708,,,Oct 2026,2021
PRM/KA/RERA/1251/310/PR/211028/004405,Construction 500 Houses In Padmanabanara,Karnatak A Slum Development Board,new,12.9305,77.573928,pin_centroid,low,PIN 560070 median of 1 located projects,Umamaheshwara Ward,560070,,,22425,,,Oct 2026,2021
TOR/PRM/KA/RERA/1251/309/PR/211028/002104,Nitesh Napa Valley,True-Blue Realty Private Limited,ongoing,13.113955,77.600872,locality_name,low,"Village name ""Yelahanka"" found in address",Kempegowda Ward,nan,,,81442,,,Dec 2022,2021
PRM/KA/RERA/1251/446/PR/211028/004401,Construction Of 1000 Houses At Mahadevapura,Ksdb,new,12.945278,77.692858,locality_name,low,"Village name ""Devarabeesanahalli"" found in address",Bellanduru,nan,,,44850,,,Oct 2026,2021
PRM/KA/RERA/1251/446/PR/211028/004402,Construction Of 500 Houses,Ksdb,new,13.010853,77.513,ward_centroid,low,BBMP ward 25 Rajeshwari Nagar,Rajeshwari Nagar,nan,,,22425,,,Oct 2026,2021
PRM/KA/RERA/1251/310/PR/211027/004381,Construction Of 1000 Ground Floor Units In Vario,Ksdb,new,12.962998,77.567356,portal_boundary,high,,Chalavadipalya,nan,,,44850,,,Oct 2026,2021
PRM/KA/RERA/1250/304/PR/211027/004387,Construction Of 494 Houses,Ksdb,new,13.459417,77.464035,locality_name,low,"Village name ""Hosakote"" found in address",Hosakote,nan,,,22156,,,Oct 2026,2021
PRM/KA/RERA/1251/310/PR/211027/004389,Construction Of 1200 (Gf) Houses At Bommanahalli,Karnataka Slum Development Board,new,12.875844,77.601622,locality_name,low,"Ward name ""Hulimavu"" found in address",Hulimavu,nan,,,53820,,,Oct 2026,2021
PRM/KA/RERA/1250/303/PR/211027/004386,Construction Of 423 Houses In Vijayappura & Devan,Karnataka Slum Development Board,new,13.050763,77.878023,locality_name,low,"Village name ""Vijayapura"" found in address",Vijayapura,nan,,,18972,,,Oct 2026,2021
PRM/KA/RERA/1251/446/PR/211022/004369,Adarsh Crest Phase 1,Adarsh Developers,new,13.11276,77.503171,village_centroid,medium,"Village Kempapura (Bangalore North), match 0.89, area 1.2 sq km",Kempapura,nan,,,14786,,,Dec 2025,2021
PRM/KA/RERA/1251/309/PR/211022/004371,Birla Tisya,Birla Tisya Llp,new,13.074095,77.614647,locality_name,low,"Village name ""Dasarahalli"" found in address",Jakkuru,nan,,,19121,,,Dec 2026,2021
PRM/KA/RERA/1251/310/PR/211022/004370,Siddartha Solitaire Phase 2,Siddartha Builders,new,12.866286,77.6637,portal_boundary,high,,Konappana Agrahara,nan,,,6830,,,Dec 2026,2021
PRM/KA/RERA/1251/446/PR/211013/004365,Sapthagiri Gokulam,Sapthagiri Shelters,ongoing,12.904077,77.702914,portal_boundary,high,,Doddakanahalli,nan,,,4282,,,Jan 2023,2021
PRM/KA/RERA/1251/309/PR/211011/004361,Olivia At Raintree Boulevard Cluster 7,L And T Realty Developers Limited,new,13.113955,77.600872,locality_name,low,"Village name ""Yelahanka"" found in address",Kempegowda Ward,nan,,,13822,,,Mar 2026,2021
PRM/KA/RERA/1251/309/PR/211011/004360,Olivia At Raintree Boulevard - Cluster 6,L And T Realty Developers Limited,new,13.064273,77.590494,pin_centroid,low,PIN 560092 median of 5 located projects,Byatarayanapura,560092,,,16081,,,Mar 2026,2021
PRM/KA/RERA/1251/309/PR/211008/004350,Northwinds-2,Gaurav & Patel Developers,ongoing,13.084961,77.605356,portal_boundary,high,,Jakkuru,nan,,,1337,,,Jun 2022,2021
PRM/KA/RERA/1251/308/PR/211008/004353,Eden Park @ The Prestige City,Prestige Projects Private Limited,new,12.898302,77.778836,village_centroid,medium,"Village Volagerekallahalli (Anekal), match 0.89, area 3.0 sq km",Volagerekallahalli,nan,,,39239,,,Nov 2025,2021
PRM/KA/RERA/1251/308/PR/211007/004346,Aspen Greens @ The Prestige City,Prestige Projects Private Limited,new,12.871261,77.787979,locality_name,low,"Village name ""Sarjapura"" found in address",Sarjapura,nan,,,82148,,,Apr 2025,2021
PRM/KA/RERA/1251/472/PR/211007/004339,Meenaakshi Gardenia,Meenaakshi Builders,ongoing,13.094831,77.542826,village_centroid,medium,"Village Singapura Og (Bangalore North), match 0.89, area 3.2 sq km",Atturu Layout,nan,,,4033,,,Dec 2023,2021
PRM/KA/RERA/1250/303/PR/211007/004344,Goldspire At Brigade Orchards,Bcv Developers Pvt Ltd,new,13.290712,77.697317,village_centroid,medium,"Village Devanahalli (Devanhalli), match 1.00, area 0.5 sq km",Devanahalli,nan,,,8094,,,Jun 2025,2021
PRM/KA/RERA/1251/446/PR/211005/004337,Sterling Villa Grande Phase Ii,Sterling Urban Developments Private Limited,ongoing,13.038376,77.77353,village_centroid,medium,"Village Seegehalli (Bangalore South), match 0.89, area 3.3 sq km",Seegehalli,560067,,,60624,,,Mar 2024,2021
PRM/KA/RERA/1251/446/PR/211005/004334,Greennesto-O2,Greennesto Builders And Developers,new,12.904327,77.663153,portal_boundary,high,,Doddakanahalli,nan,,,4046,,,Dec 2025,2021
PRM/KA/RERA/1251/446/PR/211005/004336,Asn Gardenia,Asn Developers,new,13.028765,77.65797,portal_boundary,high,,Horamavu,nan,,,14872,,,Sep 2024,2021
PRM/KA/RERA/1251/308/PR/210928/004316,The Prestige City - Avalon Park,Prestige Projects Private Limited,new,12.898302,77.778836,village_centroid,medium,"Village Volagerekallahalli (Anekal), match 0.89, area 3.0 sq km",Volagerekallahalli,nan,,,27518,,,Feb 2025,2021
PRM/KA/RERA/1251/308/PR/210928/004318,Natura Vanaa,Natura Vanaa Projects,new,12.901968,77.767962,village_centroid,medium,"Village Chambenahalli (Anekal), match 0.90, area 2.4 sq km",Chambenahalli,nan,,,8499,,,Dec 2024,2021
PRM/KA/RERA/1251/446/PR/210928/004305,Surya Humming Bird,Surya Projects,new,12.982982,77.773747,portal_boundary,high,,Hagadur,nan,,,11429,,,Dec 2025,2021
PRM/KA/RERA/1251/308/PR/210928/004315,Bhavisha Bentley Greens Phase 2,Bhavisha Properties,new,13.101691,77.699772,locality_name,low,"Village name ""Kada Agrahara"" found in address",Kada Agrahara,nan,,,3743,,,Jul 2022,2021
PRM/KA/RERA/1251/310/PR/210928/004306,Sreevari Ganga Homes,Sai Sumukha Supraja Infra,ongoing,12.90084,77.574669,portal_boundary,high,,Jaraganahalli,nan,,,2688,,,Jan 2023,2021
PRM/KA/RERA/1251/446/PR/210928/004328,Leaves & Lives Phase 2,Apg Intelli Homes Private Limited,new,12.908393,77.715879,village_centroid,medium,"Village Kodathi (Bangalore South), match 1.00, area 7.2 sq km",Varthuru,nan,,,7689,,,Sep 2024,2021
PRM/KA/RERA/1251/446/PR/210928/004324,Casagrand Orlena,Casa Grande Garden City Builders Pvt Ltd,new,13.077436,77.64008,village_centroid,medium,"Village Thanisandra (Bangalore South), match 0.91, area 3.7 sq km",Thanisandra,nan,,,16161,,,Aug 2025,2021
PRM/KA/RERA/1251/309/PR/210913/004302,Salarpuria-Sattva Anugraha,Sattva Developers Private Limited,new,13.024179,77.538273,ward_centroid,low,BBMP ward 36 Chatrapati Shivaji,Chatrapati Shivaji,nan,,,18209,,,Dec 2024,2021
PRM/KA/RERA/1251/310/PR/210913/004303,Mrg Bliss,Mr Group,new,12.694034,77.706065,village_centroid,medium,"Village Singasandra (Anekal), match 1.00, area 2.5 sq km",Singasandra,nan,,,9428,,,Nov 2024,2021
TOR/PRM/KA/RERA/1251/310/PR/210907/001675,Nitesh Caesars Palace Phase 2,Brs Associates,ongoing,13.107481,77.757653,locality_name,low,"Village name ""Raghuvanahalli"" found in address",Raghuvanahalli,nan,,,19930,,,Mar 2018,2021
PRM/KA/RERA/1251/308/PR/210907/004297,Nvt Symphony Of Orchards,Nvt Quality Lifestyle Estate Llp,new,12.884552,77.770187,portal_boundary,high,,Sompura,nan,,,75296,,,Feb 2026,2021
PRM/KA/RERA/1251/310/PR/210907/004299,Purva Orient Grand,Puravankara Limited,new,13.000247,77.650135,ward_centroid,low,BBMP ward 118 Lal Bahadur Nagar,Lal Bahadur Nagar,560027,,,4677,,,Jun 2027,2021
PRM/KA/RERA/1251/310/PR/210907/004300,Sound Of Water Phase 2,Puravankara Limited,new,12.870422,77.606089,village_centroid,medium,"Village Kammanahalli (Bangalore South), match 1.00, area 2.6 sq km",Hulimavu,nan,,,9279,,,Jun 2026,2021
PRM/KA/RERA/1251/308/PR/210902/004291,Shriram Chirping Grove - 2,Tanmathra Aquarelle Developers Private Limited,new,12.867888,77.809499,village_centroid,medium,"Village Thindlu (Anekal), match 1.00, area 3.1 sq km",Thindlu,nan,,,53216,,,Jul 2026,2021
PRM/KA/RERA/1251/309/PR/210824/004288,Brigade Northridge Neo,Brigade Enterprises Ltd,done,13.119102,77.618066,village_centroid,medium,"Village Kogilu (Bangalore North), match 1.00, area 3.6 sq km",Kogilu,nan,,,6940,,,Sep 2022,2021
PRM/KA/RERA/1251/308/PR/210819/004281,Casagrand Florella Phase 2,Casa Grande Garden City Builders Pvt Ltd,new,13.024075,77.703813,locality_name,low,"Ward name ""Medahalli"" found in address",Medahalli,nan,,,6677,,,Aug 2023,2021
PRM/KA/RERA/1251/446/PR/210813/004265,Pristine Grove,Pristine Homes,new,13.063655,77.640039,portal_boundary,high,,Horamavu,nan,,,3345,,,Dec 2025,2021
PRM/KA/RERA/1251/308/PR/210813/004263,77 East Phase 2 By Modern Spaaces Ventures,Modern Spaaces,new,12.856758,77.769513,portal_boundary,high,,Hosahalli,nan,,,3618,,,Dec 2022,2021
PRM/KA/RERA/1251/310/PR/210813/004269,Srivara Vistara,Srivara Constructions,new,12.915906,77.549117,village_centroid,medium,"Village Uttarahalli (Bangalore South), match 1.00, area 2.8 sq km",Uttarahalli,nan,,,3905,,,Dec 2023,2021
PRM/KA/RERA/1251/472/PR/210813/004267,Slv Icon,Slv Developers Pvt Ltd,ongoing,13.104088,77.598228,portal_boundary,high,,Kempegowda Ward,560064,,,6167,,,Jan 2025,2021
PRM/KA/RERA/1251/446/PR/210813/004266,Db Lakven Gardenia,Db Infra Developers,ongoing,13.106284,77.751331,village_centroid,medium,"Village Kodigehalli (Bangalore South), match 1.00, area 0.8 sq km",Kodigehalli,nan,,,4047,,,Dec 2023,2021
PRM/KA/RERA/1251/446/PR/210813/004270,Vaishno Spark,Vaishno Builders,new,13.038376,77.77353,village_centroid,medium,"Village Seegehalli (Bangalore South), match 1.00, area 3.3 sq km",Seegehalli,nan,,,9318,,,Dec 2024,2021
PRM/KA/RERA/1251/310/PR/210813/004259,Suraksha Heritage Park,Sai Suraksha Properties,new,13.191598,77.681597,village_centroid,medium,"Village Begur (Bangalore North), match 1.00, area 1.4 sq km",Begur,nan,,,9217,,,Jan 2027,2021
PRM/KA/RERA/1251/446/PR/210810/004251,Samhita Serene Mtb - Phase I,Samhita Estates Llp,new,13.039725,77.697208,portal_boundary,high,,I T I Notified Area,nan,,,10088,,,Dec 2024,2021
PRM/KA/RERA/1251/472/PR/210804/004219,1 Lakh Multi Storey Bengaluru Housing Programme,Rajiv Gandhi Housing Corporation Limited,ongoing,13.205988,77.632773,village_centroid,medium,"Village Navarathna Agrahara (Bangalore North), match 1.00, area 3.2 sq km",Navarathna Agrahara,nan,,,3988,,,Mar 2024,2021
PRM/KA/RERA/1251/309/PR/210804/004221,Urban Touch,Sri Mahalakshmi Constructions,new,13.106284,77.751331,village_centroid,medium,"Village Kodigehalli (Bangalore South), match 1.00, area 0.8 sq km",Kodigehalli,nan,,,2918,,,Dec 2023,2021
PRM/KA/RERA/1251/308/PR/210804/004223,302 West,Modern Spaaces Ventures,new,12.858458,77.769591,portal_boundary,high,,Hosahalli,nan,,,8119,,,Jul 2023,2021
PRM/KA/RERA/1251/308/PR/210804/004226,"Wonderwall -Phase Ii, Block-1",Bricks And Milestones Projects Llp,new,12.865962,77.774609,portal_boundary,high,,Chikkadunnasandra,nan,,,4754,,,Mar 2025,2021
PRM/KA/RERA/1251/309/PR/210804/004238,Subram Jade Gardens,Subram Builders,new,13.040431,77.493547,portal_boundary,high,,Dodda Bidarakallu,560094,,,12241,,,Aug 2025,2021
PRM/KA/RERA/1251/308/PR/210804/004243,1 Lakhmulti Storey Housing Goolimangala,Rajiv Gandhi Housing Corporation Pvt Ltd,ongoing,12.850354,77.692985,portal_boundary,high,,Kammasandra,nan,,,15580,,,Mar 2024,2021
PRM/KA/RERA/1251/472/PR/210731/004208,Nikoo Homes Iv,Bhartiya Urban Private Limited,new,13.190963,77.539979,village_centroid,medium,"Village Chokkanahalli (Bangalore North), match 1.00, area 1.8 sq km",Chokkanahalli,nan,,,16488,,,Jan 2026,2021
PRM/KA/RERA/1251/310/PR/210731/004206,Rajeshwari Sarvatraa,Mehta Engineers And Developers,new,12.917422,77.513058,pin_centroid,low,PIN 560098 median of 22 located projects,Rajarajeshwari Nagar,560098,,,1764,,,Sep 2023,2021
PRM/KA/RERA/1251/310/PR/210730/004201,1 Lakh Multi Storey Bengaluru Housing Programme,Rajiv Gandhi Housing Corporation Limited,ongoing,12.923394,77.485696,locality_name,low,"Ward name ""Kengeri"" found in address",Kengeri,nan,,,20234,,,Feb 2025,2021
PRM/KA/RERA/1251/309/PR/210730/004191,Construction Of 588 Multi Storied G+3 Units,Karnataka Slum Development Board,ongoing,12.911126,77.52146,locality_name,low,"Ward name ""Rajarajeshwari Nagar"" found in address",Rajarajeshwari Nagar,nan,,,26372,,,Nov 2023,2021
PRM/KA/RERA/1251/310/PR/210730/004199,1 Lakh Multi Storey Bengaluru Housing Nelaguli-2,Rajiv Gandhi Housing Corporation Limited,ongoing,12.774809,77.488639,locality_name,low,"Village name ""Nelaguli"" found in address",Nelaguli,nan,,,25810,,,Mar 2024,2021
PRM/KA/RERA/1251/310/PR/210705/004177,Pratham,Rajarajeshware Builddcon Pvt Ltd,new,12.928155,77.571328,portal_boundary,high,,Umamaheshwara Ward,nan,,,812,,,Aug 2023,2021
PRM/KA/RERA/1251/446/PR/210705/004180,Atz Areva,Atz Properties,new,12.939284,77.725478,portal_boundary,high,,Varthuru,nan,,,4755,,,Dec 2024,2021
PRM/KA/RERA/1251/308/PR/210702/004175,1 Lakhmulti Storey Housing Chikanahalli Kamnahali,Rajiv Gandhi Housing Corporation Limited,ongoing,12.908761,77.796024,portal_boundary,high,,Kuthaganahalli,nan,,,12140,,,Mar 2024,2021
PRM/KA/RERA/1251/310/PR/210702/004174,1 Lakh Multi Storey Bengaluru Housing Programme,Rajiv Gandhi Housing Corporation Limited,ongoing,12.774809,77.488639,locality_name,low,"Village name ""Nelaguli"" found in address",Nelaguli,nan,,,18133,,,Mar 2024,2021
PRM/KA/RERA/1251/446/PR/210702/004168,Magnolia Phase-2,N D Ventures,new,12.999716,77.773302,village_centroid,medium,"Village Nagondahalli (Bangalore South), match 0.92, area 0.9 sq km",Kadugodi,nan,,,8396,,,Dec 2025,2021
PRM/KA/RERA/1251/310/PR/210702/004176,1 Lakhmulti Storey Housing Doddanagamangala,Rajiv Gandhi Housing Corporation,ongoing,12.852948,77.68241,portal_boundary,high,,Veerasandra,nan,,,26405,,,Mar 2024,2021
PRM/KA/RERA/1251/446/PR/210702/004170,1 Lakh Multi Storey Bengaluru Housing Bidarahalli,Rajiv Gandhi Housing Corporation Limited,ongoing,13.082447,77.72356,village_centroid,medium,"Village Bidarahalli (Bangalore South), match 1.00, area 3.7 sq km",Bidarahalli,nan,,,78104,,,Mar 2024,2021
PRM/KA/RERA/1251/309/PR/210702/004172,1Lakh Multistorey Bengaluru Housing Pillahalli,Rajiv Gandhi Housing Corporation Limited,ongoing,13.112795,77.429514,village_centroid,medium,"Village Pillahalli (Bangalore North), match 1.00, area 3.3 sq km",Pillahalli,nan,,,21954,,,Mar 2024,2021
PRM/KA/RERA/1251/309/PR/210702/004173,1 Lakh Multi Storey Bengaluru Housing Programme,Rajiv Gandhi Housing Corporation Limited,ongoing,13.136419,77.452196,village_centroid,medium,"Village Agrahara Palya (Bangalore North), match 1.00, area 0.9 sq km",Agrahara Palya,nan,,,20234,,,Mar 2024,2021
PRM/KA/RERA/1251/308/PR/210702/004171,1 Lakh Multi Storey Bengaluru Housing Programme,Rajiv Gandhi Housing Corporation Limlted,ongoing,12.773702,77.679374,village_centroid,medium,"Village Lingapura (Anekal), match 1.00, area 2.9 sq km",Lingapura,nan,,,19020,,,Mar 2024,2021
TOR/PRM/KA/RERA/1251/309/PR/210528/001913,Iconica Nitesh Park Avenue,Gardencity Realty Private Limited,ongoing,12.994355,77.58116,pin_centroid,low,PIN 560020 median of 2 located projects,Vasanth Nagar,560020,,,2508,,,Dec 2022,2021
PRM/KA/RERA/1251/446/PR/210525/004163,Adarsh Park Heights Phase 1,Akarsha Realty Private Limited,new,12.946203,77.740145,village_centroid,low,"Village Gunjur (Bangalore South), match 1.00, area 9.5 sq km",Varthuru,nan,,,49458,,,May 2026,2021
PRM/KA/RERA/1251/309/PR/210525/004164,Sahasra Mount Oak,Sahasra Builders And Developers,new,13.033256,77.63924,portal_boundary,high,,Hennur,nan,,,2809,,,Mar 2023,2021
PRM/KA/RERA/1251/308/PR/210518/004151,Sobha Manhattan Towers-Town Park Phase 2 W 1 & 2,Sobha Limited,new,12.802688,77.750071,village_centroid,medium,"Village Yadavanahalli (Anekal), match 1.00, area 3.2 sq km",Yadavanahalli,nan,,,15416,,,Sep 2028,2021
PRM/KA/RERA/1251/308/PR/210518/004157,Confident Meadows,D J Projects Private Limited,new,12.884774,77.762687,village_centroid,medium,"Village Yamare (Anekal), match 1.00, area 3.0 sq km",Yamare,nan,,,7790,,,Apr 2025,2021
PRM/KA/RERA/1251/308/PR/210518/004150,Sobha Manhattan Towers-Town Park Phase 1 W 4 & 5,Sobha Limited,new,12.802688,77.750071,village_centroid,medium,"Village Yadavanahalli (Anekal), match 1.00, area 3.2 sq km",Yadavanahalli,nan,,,15416,,,Dec 2026,2021
PRM/KA/RERA/1251/446/PR/210518/004154,The Haven,Sri Parvata Builders Private Limited,new,13.029052,77.763148,village_centroid,medium,"Village Belathur (Bangalore South), match 1.00, area 1.3 sq km",Belathur,nan,,,2631,,,Jun 2025,2021
PRM/KA/RERA/1251/309/PR/210518/004158,Krypton At Brigade Eldorado,Brigade Tetrarch Private Limited,new,13.163794,77.693317,village_centroid,medium,"Village Huvinayakanahalli (Bangalore North), match 0.94, area 2.5 sq km",Huvinayakanahalli,nan,,,20275,,,Dec 2024,2021
PRM/KA/RERA/1251/308/PR/210422/004144,Bavisha Gardeniaa Phase 3,Bhavisha Properties,done,12.871261,77.787979,locality_name,low,"Village name ""Sarjapura"" found in address",Sarjapura,nan,,,4426,,,Feb 2022,2021
PRM/KA/RERA/1251/446/PR/210422/004143,United Blossom,United Projects,new,13.026527,77.746713,portal_boundary,high,,Sadaramangala,nan,,,6677,,,Oct 2023,2021
PRM/KA/RERA/1251/446/PR/210416/004124,Grandus Quiet Woods,Grandus Infra Projects Pvt Ltd,new,12.949048,77.617449,portal_boundary,high,,Agaram,560073,,,501,,,Oct 2023,2021
PRM/KA/RERA/1251/308/PR/210416/004130,Radiant Kaira,Radiant Kaira,new,12.751072,77.70413,village_centroid,medium,"Village Kammasandra Agrahara (Anekal), match 0.94, area 1.9 sq km",Kammasandra Agrahara,nan,,,9004,,,Dec 2025,2021
PRM/KA/RERA/1251/446/PR/210416/004135,White Woods,Sri Balaji Builders,new,13.106284,77.751331,village_centroid,medium,"Village Kodigehalli (Bangalore South), match 1.00, area 0.8 sq km",Kodigehalli,nan,,,10501,,,Dec 2024,2021
PRM/KA/RERA/1251/309/PR/210409/004115,Jai Bharathi Signature,Jai Bharathi Construction,new,13.029161,77.662932,portal_boundary,high,,Horamavu,nan,,,2327,,,Jun 2022,2021
PRM/KA/RERA/1251/310/PR/210409/004118,Sri Murari Grand,Sri Murari Builders,new,12.866756,77.649339,portal_boundary,high,,Begur,560068,,,915,,,Aug 2023,2021
PRM/KA/RERA/1251/308/PR/210409/004122,Signature Classic - 2,Signature Dwellings Private Limited,done,12.878494,77.774567,village_centroid,medium,"Village Sompura (Anekal), match 1.00, area 2.3 sq km",Sompura,nan,,,4654,,,Dec 2023,2021
PRM/KA/RERA/1251/308/PR/210409/004120,Celesta,Global Edifice Builders,new,12.796358,77.706115,village_centroid,medium,"Village Iggalur (Anekal), match 1.00, area 4.1 sq km",Iggalur,560099,,,14366,,,Dec 2025,2021
PRM/KA/RERA/1251/472/PR/210409/004117,Adarsh Greens Phase 2,Adarsh Haven Private Limited,new,13.105802,77.616441,village_centroid,medium,"Village Gastikempanahalli (Bangalore North), match 1.00, area 0.5 sq km",Kogilu,nan,,,33077,,,May 2026,2021
PRM/KA/RERA/1251/446/PR/210409/004119,M S Immanuel Residencies,M S Developers And Constructions,new,13.056355,77.659691,village_centroid,medium,"Village Horamavu Agara (Bangalore South), match 1.00, area 3.6 sq km",Horamavu,nan,,,465,,,Dec 2022,2021
PRM/KA/RERA/1251/308/PR/210408/004106,Mahendra Aarya,Mahendra Homes Pvt Ltd,new,12.826268,77.704984,portal_boundary,high,,Heelalige,nan,,,38141,,,Dec 2025,2021
PRM/KA/RERA/1251/310/PR/210405/004102,Durga Devi Enclave,Durga Devi Shelters,new,12.915906,77.549117,locality_name,low,"Village name ""Uttarahalli"" found in address",Uttarahalli,nan,,,2604,,,Dec 2021,2021
PRM/KA/RERA/1251/308/PR/210401/004091,Bavisha Gardeniaa Phase 2,Bhavisha Properties,done,12.871261,77.787979,locality_name,low,"Village name ""Sarjapura"" found in address",Sarjapura,nan,,,4046,,,Jan 2022,2021
PRM/KA/RERA/1251/309/PR/210331/004084,Godrej Ananda,Universal Metro Properties Llp,new,13.155494,77.675964,village_centroid,low,"Village Bagalur (Bangalore North), match 0.88, area 8.7 sq km",Bagalur,nan,,,82265,,,Jan 2027,2021
PRM/KA/RERA/1251/309/PR/210331/004070,Construction Of 893 Gf Du'S In Bangalore City,Karnataka Slum Development Board,ongoing,13.100297,77.533979,locality_name,low,"Village name ""Lakshmipura"" found in address",Lakshmipura,nan,,,40988,,,Dec 2022,2021
PRM/KA/RERA/1251/308/PR/210331/004075,Srikara Urban Park,Srikara Structures,new,12.82387,77.654134,portal_boundary,high,,Vabasandra,nan,,,5589,,,Mar 2027,2021
PRM/KA/RERA/1251/310/PR/210331/004077,Suraksha Tranquil Gardens,Rk Suraksha Properties,new,12.886643,77.606622,village_centroid,medium,"Village Hulimavu Og (Bangalore South), match 0.89, area 2.5 sq km",Arakere,nan,,,6271,,,Dec 2024,2021
PRM/KA/RERA/1251/446/PR/210331/004080,Glendale,Newdimensions Developers Private Limited,new,12.989051,77.659973,portal_boundary,high,,C V Raman Nagar,nan,,,797,,,Dec 2022,2021
PRM/KA/RERA/1251/308/PR/210323/004056,Natura Anya,Aalaya Homes,new,12.711,77.69,portal_boundary,high,,Anekal Rural,nan,,,10118,,,May 2023,2021
PRM/KA/RERA/1251/446/PR/210323/004065,Mythri Sapphire,Mythri Builders,new,12.908393,77.715879,village_centroid,medium,"Village Kodathi (Bangalore South), match 1.00, area 7.2 sq km",Varthuru,nan,,,15883,,,Dec 2024,2021
PRM/KA/RERA/1250/304/PR/210323/004045,Emmay Environs Pride,Emmay Environs,ongoing,13.006568,77.799811,village_centroid,medium,"Village Samethanahalli (Hoskote), match 1.00, area 2.2 sq km",Samethanahalli,nan,,,2023,,,Mar 2020,2021
PRM/KA/RERA/1251/308/PR/210323/004058,Cm 1 Lakh Multi Storey Bengaluru Housing Prg,Rajiv Gandhi Housing Corporation Limited,ongoing,12.919316,77.811341,village_centroid,medium,"Village Kugur (Anekal), match 0.91, area 2.8 sq km",Kugur,nan,,,8291,,,Mar 2024,2021
PRM/KA/RERA/1251/446/PR/210323/004054,Cm 1 Lakh Multi Storey Bengaluru Housing Prg,Rajiv Gandhi Housing Corporation Limited,ongoing,13.056355,77.659691,village_centroid,medium,"Village Horamavu Agara (Bangalore South), match 0.96, area 3.6 sq km",Horamavu,nan,,,7619,,,Mar 2024,2021
PRM/KA/RERA/1251/446/PR/210319/004035,Adithya Green Gardens,Adithya Developers,new,13.000425,77.725402,portal_boundary,high,,Hudi,nan,,,4047,,,Feb 2023,2021
PRM/KA/RERA/1251/310/PR/210319/004024,Abhee Sunrise,Abhee Developers,new,12.888145,77.662124,portal_boundary,high,,Kudlu,nan,,,1036,,,Mar 2023,2021
PRM/KA/RERA/1251/308/PR/210319/004018,Right Grishma,Right Properties Inc,new,13.163871,77.585665,village_centroid,medium,"Village Lakshmisagara (Bangalore North), match 0.96, area 0.8 sq km",Lakshmisagara,nan,,,1526,,,Aug 2023,2021
PRM/KA/RERA/1251/308/PR/210319/004044,Casagrand Florella,Casa Grande Garden City Builders Private Limited,new,12.832821,77.786782,village_centroid,medium,"Village S Medihalli (Anekal), match 0.90, area 4.8 sq km",S Medihalli,nan,,,6980,,,Mar 2023,2021
PRM/KA/RERA/1251/310/PR/210319/004023,Govindarajanagara 1845 Houses,Karnataka Slum Development Board,ongoing,12.977492,77.531697,locality_name,low,"Ward name ""Govindaraja Nagar"" found in address",Govindaraja Nagar,nan,,,82748,,,Oct 2024,2021
PRM/KA/RERA/1251/446/PR/210319/004042,Brigade Gem,Brigade Enterprises Ltd,new,12.902678,77.69576,village_centroid,medium,"Village Chikkanayakanahalli (Bangalore South), match 1.00, area 2.1 sq km",Chikkanayakanahalli,nan,,,9308,,,Aug 2024,2021
PRM/KA/RERA/1251/308/PR/210319/004019,Ajmera Nucleus Phase 2 (Residential -C Wing),Ajmera Housing Corporation Bangalore,new,12.850488,77.67992,portal_boundary,high,,Veerasandra,nan,,,5609,,,Mar 2024,2021
PRM/KA/RERA/1251/309/PR/210319/004033,The Poem By Shriram Properties,Spl Palms Developers Private Limited,new,13.056186,77.57522,ward_centroid,low,BBMP ward 12 Kodigehalli,Kodigehalli,560090,,,25456,,,Mar 2027,2021
PRM/KA/RERA/1251/472/PR/210319/004040,Classique Woodsville,Allegro Mahabaleshwara Ventures Llp,new,13.113448,77.575147,portal_boundary,high,,Someshwara Ward,nan,,,835,,,Jan 2024,2021
PRM/KA/RERA/1250/304/PR/210312/004001,Triaxis Splendour +,M S Triaxis Infra Projects,new,13.091198,77.81182,village_centroid,medium,"Village Dandupalya (Hoskote), match 1.00, area 2.7 sq km",Dandupalya,nan,,,2933,,,Dec 2024,2021
PRM/KA/RERA/1251/446/PR/210312/004010,Vaishno Excellency,Vaishno Ventures,new,12.921572,77.717494,village_centroid,medium,"Village Mulluru (Bangalore South), match 0.92, area 2.5 sq km",Varthuru,nan,,,6065,,,Dec 2023,2021
PRM/KA/RERA/1250/303/PR/210312/004003,Psr Nandanam,Psr Builders And Developers,new,13.230851,77.699998,portal_boundary,high,,Anneswara,562110,,,5868,,,Dec 2024,2021
PRM/KA/RERA/1251/446/PR/210312/004002,Ds Max Sky Shubham,Ds Max Properties Private Limited,new,13.058692,77.718531,village_centroid,medium,"Village Kithiganur (Bangalore South), match 0.89, area 3.6 sq km",Kithiganur,nan,,,15877,,,Mar 2027,2021
PRM/KA/RERA/1251/308/PR/210312/003996,Soul Tree - Bliss,Modern Spaaces Ventures,new,12.860964,77.766649,portal_boundary,high,,Hosahalli,nan,,,5159,,,Feb 2024,2021
PRM/KA/RERA/1251/446/PR/210302/003981,Cm 1 Lakh Multi Storey Bengaluru Housing,Rajiv Gandhi Housing Corporation Limited,ongoing,13.080922,77.66557,village_centroid,medium,"Village Kyalasanahalli (Bangalore South), match 1.00, area 2.9 sq km",Kyalasanahalli,nan,,,12140,,,Mar 2024,2021
PRM/KA/RERA/1251/446/PR/210302/003989,Sbr Keerthiprime,Sbr Habiitat Llp,new,13.133732,77.433602,village_centroid,medium,"Village Huskur (Bangalore North), match 1.00, area 4.3 sq km",Huskur,nan,,,8094,,,Dec 2024,2021
PRM/KA/RERA/1251/446/PR/210302/003982,Nvt Stopping By The Woods,Nvt Quality Lifestyle Projects Private Limited,new,13.064135,77.752211,portal_boundary,high,,Bandapura,nan,,,54227,,,Dec 2025,2021
PRM/KA/RERA/1251/446/PR/210302/003980,Kumar Prospera,Kumar Properties Pvt Ltd,new,13.065912,77.647171,village_centroid,medium,"Village Geddalahalli (Bangalore South), match 1.00, area 1.1 sq km",Horamavu,nan,,,8661,,,Jun 2026,2021
PRM/KA/RERA/1251/472/PR/210302/003968,Construction Of 759 Du'S In Bangalore City,Karnataka Slum Development Board,ongoing,13.002433,77.566197,locality_name,low,"Ward name ""Kadu Malleshwara"" found in address",Kadu Malleshwara,nan,,,34838,,,May 2025,2021
PRM/KA/RERA/1251/446/PR/210302/003975,Green Home Anees Enclave,Green Home Ventures,new,12.918997,77.677399,village_centroid,medium,"Village Kasavanahalli (Bangalore South), match 1.00, area 2.7 sq km",Doddakanahalli,nan,,,2566,,,Jun 2023,2021
PRM/KA/RERA/1251/472/PR/210219/003919,Construction Of 592 Du'S,Karnataka Slum Development Work,ongoing,13.104005,77.552932,locality_name,low,"Village name ""Chikkabettahalli"" found in address",Chikkabettahalli,nan,,,26551,,,Jan 2026,2021
PRM/KA/RERA/1251/309/PR/210219/003918,Construction Of 346 Du'S Byatrayanpura,Karnataka Slum Development Board,ongoing,13.038249,77.881801,locality_name,low,"Village name ""Kattigenahalli"" found in address",Kattigenahalli,nan,,,15518,,,Mar 2026,2021
PRM/KA/RERA/1251/446/PR/210219/003926,Paradise At Brigade Cornerstone Utopia,Mysore Projects Private Limited,new,12.991066,77.415329,village_centroid,medium,"Village Varthur (Bangalore South), match 1.00, area 1.2 sq km",Varthur,nan,,,35968,,,Jan 2026,2021
PRM/KA/RERA/1251/446/PR/210219/003938,"Sobha Windsor Phase 4 Wing 9, 10 And 11",Sobha Limited,new,12.994949,77.30443,village_centroid,medium,"Village Motagondanahalli (Magadi), match 0.88, area 5.1 sq km",Motagondanahalli,nan,,,16661,,,Mar 2028,2021
PRM/KA/RERA/1251/308/PR/210219/003913,Ahad Serenity,Ahad Builders Private Limited,new,12.882409,77.678672,portal_boundary,high,,Doddanagamangala,nan,,,32071,,,Dec 2024,2021
PRM/KA/RERA/1251/310/PR/210219/003925,R A Sukriti,R A Developers And Promoters,new,12.915906,77.549117,locality_name,low,"Village name ""Uttarahalli"" found in address",Uttarahalli,nan,,,1745,,,Dec 2022,2021
PRM/KA/RERA/1251/446/PR/210219/003921,Nava Vaibhava ‘B’ And ‘C’ Block,Navajyothi Constructions,ongoing,13.044189,77.666132,village_centroid,medium,"Village Horamavu (Bangalore South), match 1.00, area 3.4 sq km",Kalkere,nan,,,5210,,,Dec 2022,2021
PRM/KA/RERA/1251/446/PR/210219/003937,"Sobha Windsor Phase 3 Wing 6, 7 And 8",Sobha Limited,new,12.994949,77.30443,village_centroid,medium,"Village Motagondanahalli (Magadi), match 0.88, area 5.1 sq km",Motagondanahalli,nan,,,13807,,,Sep 2027,2021
PRM/KA/RERA/1251/446/PR/210219/003941,2G Tula,Togetherments Infra Pvt Ltd,new,13.002245,77.718927,portal_boundary,high,,Hudi,560048,,,18514,,,Dec 2025,2021
PRM/KA/RERA/1251/310/PR/210219/003915,Sunrise Serenity,Sunrise Developers,done,12.857085,77.618803,village_centroid,medium,"Village Mylasandra (Bangalore South), match 0.95, area 3.7 sq km",Mylasandra,nan,,,2934,,,Dec 2023,2021
PRM/KA/RERA/1251/472/PR/210219/003922,Neighbourhood Elite,Neighbourhood Properties,new,13.091381,77.625084,village_centroid,medium,"Village Venkateshapura (Bangalore North), match 1.00, area 0.4 sq km",Kogilu,nan,,,1801,,,Dec 2022,2021
PRM/KA/RERA/1251/446/PR/210219/003942,"Sobha Windsor Phase 2 Wing 3, 4 And 5",Sobha Limited,new,12.994949,77.30443,village_centroid,medium,"Village Motagondanahalli (Magadi), match 0.88, area 5.1 sq km",Motagondanahalli,nan,,,14172,,,Apr 2026,2021
PRM/KA/RERA/1251/309/PR/210219/003917,Gandhinagar933,Karnataka Slum Development Board,ongoing,13.014829,77.613646,locality_name,low,"Ward name ""Muneshwara Nagar"" found in address",Muneshwara Nagar,nan,,,42825,,,Nov 2025,2021
PRM/KA/RERA/1251/446/PR/210219/003939,Sobha Windsor Phase 1 Wing 1 And 2,Sobha Limited,new,12.994949,77.30443,village_centroid,medium,"Village Motagondanahalli (Magadi), match 0.88, area 5.1 sq km",Motagondanahalli,nan,,,11916,,,Nov 2025,2021
PRM/KA/RERA/1251/446/PR/210216/003910,Glorious A2,Lewis Infrastructure And Projects,new,13.080922,77.66557,village_centroid,medium,"Village Kyalasanahalli (Bangalore South), match 1.00, area 2.9 sq km",Kyalasanahalli,nan,,,8097,,,Dec 2023,2021
PRM/KA/RERA/1251/309/PR/210216/003901,Construction Of 457 Houses At T Dasarahalli,Karnataka Slum Development Board,ongoing,13.073963,77.524878,locality_name,low,"Ward name ""Kammagondanahalli"" found in address",Kammagondanahalli,nan,,,20976,,,Dec 2022,2021
PRM/KA/RERA/1251/309/PR/210216/003909,Feldspar At Brigade El Dorado,Brigade Tetrarch Private Limited,new,13.163794,77.693317,village_centroid,medium,"Village Huvinayakanahalli (Bangalore North), match 0.94, area 2.5 sq km",Huvinayakanahalli,nan,,,17946,,,Dec 2024,2021
PRM/KA/RERA/1251/309/PR/210216/003904,Construction Of 860 Ground Floor Dwelling Units,Karnataka Slum Development Board,ongoing,13.02603,77.54774,portal_boundary,high,,Chatrapati Shivaji,nan,,,39474,,,Aug 2024,2021
PRM/KA/RERA/1251/472/PR/210212/003894,Slv Fedora,Slv Estates,new,13.134294,77.569966,portal_boundary,high,,Anathapura,nan,,,2909,,,Apr 2023,2021
PRM/KA/RERA/1251/309/PR/210208/003835,Chikkapete500,Karnataka Slum Development Board,ongoing,13.101536,77.577279,locality_name,low,"Ward name ""Someshwara Ward"" found in address",Someshwara Ward,nan,,,22425,,,Apr 2024,2021
PRM/KA/RERA/1251/308/PR/210208/003868,Siri Green Woods,Siri Group,new,13.058658,77.696222,village_centroid,medium,"Village Maragondanahalli (Bangalore South), match 0.94, area 2.0 sq km",Maragondanahalli,nan,,,2124,,,Oct 2023,2021
PRM/KA/RERA/1251/310/PR/210208/003887,Bangalore South And Basavanagudi 1699,Karnataka Slum Development Board,ongoing,12.936828,77.569018,locality_name,low,"Ward name ""Basavanagudi"" found in address",Basavanagudi,nan,,,77984,,,Feb 2024,2021
PRM/KA/RERA/1251/309/PR/210208/003829,Govianu Jodidhar Atlantis,Mahesh,ongoing,13.081329,77.596296,village_centroid,medium,"Village Byatarayanapura Og (Bangalore North), match 0.93, area 1.6 sq km",Byatarayanapura,nan,,,4096,,,Mar 2024,2021
PRM/KA/RERA/1251/446/PR/210208/003869,Speckles Patio,Speckles Developers Private Limited,new,13.085714,77.658199,village_centroid,medium,"Village Byrathi (Bangalore South), match 1.00, area 2.4 sq km",Byrathi,nan,,,4451,,,Mar 2026,2021
PRM/KA/RERA/1251/310/PR/210208/003886,Vijayanagara 1378 Houses,Karnataka Slum Development Board,ongoing,12.98415,77.515039,locality_name,low,"Ward name ""Vijayanagara Krishnadevaraya"" found in address",Vijayanagara Krishnadevaraya,nan,,,61803,,,Jun 2024,2021
PRM/KA/RERA/1251/310/PR/210208/003883,Construction Of 895 Padmanabhanagara,Assistant Executive Engineer,ongoing,12.915452,77.556637,locality_name,low,"Ward name ""Padmanabha Nagar"" found in address",Padmanabha Nagar,nan,,,41080,,,May 2024,2021
PRM/KA/RERA/1251/309/PR/210208/003839,Chikkapetechamrajpete1155,Karnataka Slum Development Board,ongoing,12.991107,77.564508,locality_name,low,"Ward name ""Dayananda Nagar"" found in address",Dayananda Nagar,nan,,,51801,,,Apr 2026,2021
PRM/KA/RERA/1251/310/PR/210208/003880,Govindarajanagara And Vijayanagara 1607 Houses,Karnataka Slum Development Board,ongoing,12.98415,77.515039,locality_name,low,"Ward name ""Vijayanagara Krishnadevaraya"" found in address",Vijayanagara Krishnadevaraya,nan,,,72074,,,Dec 2024,2021
PRM/KA/RERA/1251/446/PR/210130/003807,Sree Adithya Lotus,Sree Adithya Developers,new,13.038376,77.77353,village_centroid,medium,"Village Seegehalli (Bangalore South), match 0.90, area 3.3 sq km",Seegehalli,nan,,,8081,,,Jun 2023,2021
PRM/KA/RERA/1251/446/PR/210130/003809,Pride Pegasus,Pride And Expert Properties Private Limited,new,13.085714,77.658199,village_centroid,medium,"Village Byrathi (Bangalore South), match 0.92, area 2.4 sq km",Byrathi,nan,,,7183,,,Jun 2023,2021
PRM/KA/RERA/1251/446/PR/210129/003798,Trifecta Bueno,Ecstasy Projects Pvt Ltd,new,12.908393,77.715879,village_centroid,medium,"Village Kodathi (Bangalore South), match 0.91, area 7.2 sq km",Varthuru,560087,,,6767,,,Dec 2023,2021
PRM/KA/RERA/1251/310/PR/210129/003799,G R Floret,Sgr Buildtech Llp,new,12.876371,77.621056,village_centroid,medium,"Village Yelenahalli (Bangalore South), match 1.00, area 1.8 sq km",Kalena Agrahara,nan,,,8396,,,Dec 2026,2021
PRM/KA/RERA/1251/310/PR/210129/003801,Panchsheel Enclave,Rajarajeshware Builddcon Pvt Ltd,new,12.94251,77.576872,portal_boundary,high,,Ashoka Pillar,nan,,,559,,,Feb 2023,2021
PRM/KA/RERA/1251/308/PR/210119/003788,Subha Elan,Subha Elan,new,12.811442,77.714221,locality_name,low,"Village name ""Chandapura"" found in address",Chandapura,nan,,,5060,,,Mar 2023,2021
PRM/KA/RERA/1251/446/PR/210119/003795,Nava Pushkara,Nava Jyothi Shelters Pvt Ltd,new,13.056222,77.677626,village_centroid,medium,"Village Kalkere (Bangalore South), match 1.00, area 5.4 sq km",Kalkere,nan,,,6648,,,Dec 2023,2021
PRM/KA/RERA/1251/446/PR/210119/003791,Amazing Grace,M S Developers And Constructions,new,13.089742,77.654458,village_centroid,medium,"Village Kothanur (Bangalore South), match 1.00, area 1.1 sq km",Kothanur,nan,,,371,,,Dec 2021,2021
PRM/KA/RERA/1251/309/PR/210119/003787,Life By The Lake,Keya Homes Pvt Ltd,ongoing,13.113955,77.600872,locality_name,low,"Village name ""Yelahanka"" found in address",Kempegowda Ward,nan,,,10522,,,Jun 2022,2021
PRM/KA/RERA/1251/446/PR/210111/003772,Salarpuria-Sattva Signet,Salarpuria Real Estates Private Limited,new,12.918997,77.677399,village_centroid,medium,"Village Kasavanahalli (Bangalore South), match 1.00, area 2.7 sq km",Doddakanahalli,nan,,,10062,,,Aug 2024,2021
PRM/KA/RERA/1251/308/PR/210111/003777,Soul Tree - Nirvana,Modern Spaaces Ventures,new,12.861466,77.765796,portal_boundary,high,,Hosahalli,nan,,,7587,,,Dec 2023,2021
PRM/KA/RERA/1251/446/PR/210111/003774,Sri Balaji Sapphire,Sri Balaji Group,new,13.106284,77.751331,village_centroid,medium,"Village Kodigehalli (Bangalore South), match 1.00, area 0.8 sq km",Kodigehalli,nan,,,4047,,,Mar 2023,2021
PRM/KA/RERA/1250/303/PR/201222/003761,Mvn Aero One Phase 1,Mf Farmlands Private Limited,new,13.222818,77.719636,portal_boundary,high,,Bettakote Amanikere,nan,,,8197,,,Jul 2025,2020
PRM/KA/RERA/1251/308/PR/201215/003745,G.R. Samskruthi,G R Constructions,new,12.793854,77.777754,portal_boundary,high,,Indlabele,nan,,,16489,,,Nov 2026,2020
PRM/KA/RERA/1250/304/PR/201215/003748,Sowparnika Ashiyana Phase Ii,Sowparnika Projects And Infrastructure Private Limited,new,12.984456,77.795226,portal_boundary,high,,Naganayakanakote,nan,,,17705,,,Dec 2025,2020
PRM/KA/RERA/1251/308/PR/201215/003742,Ars Green Villae Raspberry,Ars Properties,new,12.878494,77.774567,village_centroid,medium,"Village Sompura (Anekal), match 1.00, area 2.3 sq km",Sompura,nan,,,6233,,,Jul 2021,2020
PRM/KA/RERA/1251/446/PR/201215/003752,Vikyath White Meadows,Vikyath Infra,done,13.019502,77.715621,portal_boundary,high,,Basavanapura,nan,,,2718,,,Nov 2021,2020
PRM/KA/RERA/1250/304/PR/201201/003726,Sowparnika Ashiyana Phase I,Sowparnika Projects And Infrastructure Private Limited,new,12.984456,77.795226,portal_boundary,high,,Naganayakanakote,nan,,,17705,,,Jun 2025,2020
PRM/KA/RERA/1251/310/PR/201201/003737,Suguna Pristine Square,Suguna Builders And Developers,new,12.932604,77.531754,village_centroid,medium,"Village Halagevaderahalli Og (Bangalore South), match 0.89, area 4.8 sq km",Jnana Bharathi,nan,,,8093,,,Dec 2026,2020
PRM/KA/RERA/1251/308/PR/201201/003728,Ss Paradise,Ss Builders,new,12.878494,77.774567,village_centroid,medium,"Village Sompura (Anekal), match 1.00, area 2.3 sq km",Sompura,nan,,,4251,,,Dec 2024,2020
PRM/KA/RERA/1251/446/PR/201201/003735,Rajinigandha Apartment,Kata Venkata Reddy And Kata Padmavathi,new,13.056222,77.677626,locality_name,low,"Village name ""Kalkere"" found in address",Kalkere,nan,,,1072,,,Dec 2022,2020
PRM/KA/RERA/1251/308/PR/201201/003733,Ds Max Sahara,Ds Max Properties Private Limited,new,12.867654,77.692087,village_centroid,medium,"Village Chikkanagamangala (Anekal), match 0.94, area 3.7 sq km",Chikkanagamangala,nan,,,16490,,,Dec 2024,2020
PRM/KA/RERA/1251/310/PR/201125/003724,27 Summit,Nestled Haven Developers Llp,new,12.960766,77.591669,pin_centroid,low,PIN 560027 median of 3 located projects,Sudham Nagara,560027,,,9076,,,Nov 2025,2020
PRM/KA/RERA/1251/309/PR/201125/003719,S.V. Brezza,Sv Developers,new,12.91113,77.577892,portal_boundary,high,,Shakambari Nagar,nan,,,1301,,,Oct 2023,2020
PRM/KA/RERA/1251/446/PR/201125/003708,Sai Sunshine,Sree Sai Builders And Developers,new,12.999716,77.773302,village_centroid,medium,"Village Nagondahalli (Bangalore South), match 0.92, area 0.9 sq km",Kadugodi,nan,,,5263,,,Sep 2025,2020
PRM/KA/RERA/1251/446/PR/201125/003715,Vaishno Projects,Vaishno Projects,new,12.94,77.74,portal_boundary,high,,Varthuru,nan,,,1821,,,Apr 2022,2020
PRM/KA/RERA/1251/308/PR/201125/003717,Snr Magnolia Park,Snr Square Pvt Ltd,new,12.865797,77.768005,portal_boundary,high,,Hosahalli,nan,,,2327,,,Jul 2022,2020
PRM/KA/RERA/1251/309/PR/201125/003705,Suvrith Sadan,Suvrith Structures,new,12.905395,77.475861,portal_boundary,high,,Hemmigepura,nan,,,3136,,,Sep 2023,2020
PRM/KA/RERA/1251/310/PR/201125/003699,Millennium,Vaishnodevi Lush Greens Pvt Ltd,new,12.984947,77.498125,village_centroid,medium,"Village Gidadakonenahalli (Bangalore North), match 0.94, area 1.6 sq km",Sir M. Vishweshwaraiah,nan,,,815,,,Apr 2022,2020
PRM/KA/RERA/1251/308/PR/201106/003692,Wonderwall,Bricks And Milestones Projects Llp,new,12.865978,77.775588,portal_boundary,high,,Chikkadunnasandra,nan,,,7284,,,Oct 2024,2020
PRM/KA/RERA/1251/310/PR/201106/003685,Arihant Vilaya,Arihant Foundations And Housing Limited,new,12.930606,77.634995,portal_boundary,high,,Koramangala,560047,,,899,,,Dec 2023,2020
PRM/KA/RERA/1251/308/PR/201106/003694,Soul Tree - Serinity,Modern Spaaces Ventures,new,12.860013,77.766216,portal_boundary,high,,Hosahalli,nan,,,8802,,,Mar 2023,2020
PRM/KA/RERA/1251/309/PR/201106/003686,Ds Max Sonata Nest,Ds Max Properties Private Limited,new,13.11541,77.709986,village_centroid,medium,"Village Chikkasandra (Bangalore South), match 1.00, area 1.3 sq km",Chikkasandra,nan,,,5280,,,Jun 2024,2020
PRM/KA/RERA/1251/310/PR/201106/003683,Skyline Retreat,Skyline Constructions & Housing Pvt Ltd,ongoing,13.085714,77.658199,locality_name,low,"Village name ""Byrathi"" found in address",Byrathi,nan,,,3615,,,Mar 2022,2020
PRM/KA/RERA/1251/446/PR/201106/003684,Bren Zahara,Bren Corporation Private Limited,new,12.91433,77.666587,village_centroid,medium,"Village Haralur (Bangalore South), match 1.00, area 3.3 sq km",Doddakanahalli,nan,,,20133,,,Mar 2024,2020
PRM/KA/RERA/1251/309/PR/201029/003672,Arena,Marudhar Infra,new,13.114402,77.573582,portal_boundary,high,,Someshwara Ward,nan,,,1536,,,Sep 2023,2020
PRM/KA/RERA/1251/472/PR/201029/003677,Fusion 4 Pearl,Rama Reddy H,new,13.10676,77.5707,portal_boundary,high,,Someshwara Ward,nan,,,2024,,,Apr 2023,2020
PRM/KA/RERA/1251/446/PR/201029/003670,Keystone Dsr Star Light,Keystone Projects,new,12.92969,77.728613,portal_boundary,high,,Varthuru,nan,,,1919,,,Sep 2023,2020
PRM/KA/RERA/1251/446/PR/201029/003668,Sk Cosmos,Sk Dwellings Llp,new,13.037676,77.675738,portal_boundary,high,,Kalkere,nan,,,6573,,,Jul 2025,2020
PRM/KA/RERA/1251/309/PR/201029/003664,Dhruva Coral,Dhruva Developers And Promoters,new,13.008106,77.381838,locality_name,low,"Village name ""Nagasandra"" found in address",Nagasandra,nan,,,4162,,,Dec 2023,2020
PRM/KA/RERA/1251/446/PR/201021/003661,Saptagiri Maharshi Gokulam,Saptagiri Maharshi Builders,new,13.056811,77.751635,village_centroid,medium,"Village Bidarena Agrahara (Bangalore South), match 0.96, area 1.1 sq km",Bidarena Agrahara,nan,,,2955,,,Dec 2022,2020
PRM/KA/RERA/1250/304/PR/201021/003655,Crafted Living,Spt Residential,new,13.03436,77.788959,portal_boundary,high,,Mallasandra,nan,,,3288,,,Sep 2023,2020
PRM/KA/RERA/1251/308/PR/201021/003660,Confident Snow Flake,Confident Projects India Private Limited,done,12.884774,77.762687,village_centroid,medium,"Village Yamare (Anekal), match 1.00, area 3.0 sq km",Yamare,nan,,,1922,,,Oct 2023,2020
PRM/KA/RERA/1251/309/PR/201013/003640,Slns Hermos,Diwakar Subash Raju,new,13.004647,77.569385,portal_boundary,high,,Kadu Malleshwara,nan,,,566,,,Dec 2021,2020
PRM/KA/RERA/1251/310/PR/201013/003639,Wind Song Phase 1 Stage 1,Ardente Townships Private Limited,new,12.941217,77.542613,village_centroid,medium,"Village Hoskerehalli Og (Bangalore South), match 0.89, area 3.3 sq km",Girinagar,nan,,,31263,,,Jan 2024,2020
PRM/KA/RERA/1251/310/PR/201013/003641,Sml Iris,Mastan Sharief,done,12.910816,77.588973,ward_centroid,low,BBMP ward 198 J P Nagar,J P Nagar,nan,,,1075,,,Oct 2022,2020
PRM/KA/RERA/1251/446/PR/201013/003651,Saritha Splendor Lsr,Saritha Developers,done,12.984378,77.717698,portal_boundary,high,,Hudi,nan,,,6544,,,Jun 2023,2020
PRM/KA/RERA/1251/446/PR/201013/003635,Sr Residency,Jmd Developers,new,12.999767,77.690752,locality_name,low,"Ward name ""Devasandra"" found in address",Devasandra,nan,,,1843,,,Nov 2022,2020
PRM/KA/RERA/1251/446/PR/201001/003626,Assetz Marq Building 3 - Tower 6,Assetz Whitefield Homes Private Limited,new,13.048654,77.771644,village_centroid,medium,"Village Kannamangala (Bangalore South), match 1.00, area 2.7 sq km",Kannamangala,nan,,,11575,,,Sep 2024,2020
PRM/KA/RERA/1251/446/PR/201001/003625,Kingston Grandeur,Kingston Ventures India Private Limited,new,13.007582,77.539152,ward_centroid,low,BBMP ward 52 Mahalakshimpuram,Mahalakshimpuram,nan,,,6775,,,Jul 2023,2020
PRM/KA/RERA/1251/446/PR/201001/003623,Adharsh Crystal,Adharsh Projects,done,13.058658,77.696222,locality_name,low,"Village name ""Maragondanahalli"" found in address",Maragondanahalli,nan,,,335,,,Aug 2021,2020
PRM/KA/RERA/1251/309/PR/201001/003607,Adarsh Greens Phase 1,Adarsh Haven Private Limited,new,13.105802,77.616441,village_centroid,medium,"Village Gastikempanahalli (Bangalore North), match 0.94, area 0.5 sq km",Kogilu,nan,,,26676,,,Oct 2025,2020
PRM/KA/RERA/1251/446/PR/201001/003624,Sai Silicon City,United Developers,new,12.972902,77.767197,portal_boundary,high,,Hagadur,nan,,,11736,,,Aug 2023,2020
PRM/KA/RERA/1251/446/PR/201001/003605,The Ocean Spray,M/S Vaibhav Developers,new,13.056222,77.677626,locality_name,low,"Village name ""Kalkere"" found in address",Kalkere,nan,,,832,,,Aug 2022,2020
PRM/KA/RERA/1251/446/PR/201001/003629,Casagrand Boulevard,Gazy Mag Pvt Ltd,new,13.101494,77.665328,village_centroid,medium,"Village Chikkagubbi (Bangalore South), match 0.92, area 1.7 sq km",Chikkagubbi,560077,,,31059,,,Dec 2024,2020
PRM/KA/RERA/1251/446/PR/201001/003630,In That Quiet Earth Phase-2A,Total Environment Constructions Private Limited,new,13.079941,77.677895,village_centroid,medium,"Village Bilishivale (Bangalore South), match 0.91, area 2.4 sq km",Bilishivale,nan,,,19490,,,Dec 2026,2020
PRM/KA/RERA/1251/446/PR/201001/003606,Paradise Palms,M/S Navajyothi Properties,new,13.056222,77.677626,village_centroid,medium,"Village Kalkere (Bangalore South), match 1.00, area 5.4 sq km",Kalkere,nan,,,914,,,Aug 2022,2020
PRM/KA/RERA/1251/309/PR/201001/003621,Tranquil,Marudhar Infra,new,13.111388,77.572572,portal_boundary,high,,Someshwara Ward,nan,,,1692,,,Jun 2023,2020
PRM/KA/RERA/1251/310/PR/201001/003619,Breathing Wall,Youniverse Realty,done,12.90706,77.49916,portal_boundary,high,,Hemmigepura,nan,,,1245,,,Jun 2022,2020
PRM/KA/RERA/1251/446/PR/201001/003628,Soul & Soil - Phase 2A,Assetz Value Homes North Private Limited,new,13.101494,77.665328,village_centroid,medium,"Village Chikkagubbi (Bangalore South), match 1.00, area 1.7 sq km",Chikkagubbi,nan,,,9083,,,Oct 2023,2020
PRM/KA/RERA/1251/309/PR/201001/003610,Affinity Fidelity,Sudhakara Reddy Annem,new,13.1141,77.5751,portal_boundary,high,,Someshwara Ward,nan,,,837,,,Jul 2022,2020
PRM/KA/RERA/1251/309/PR/201001/003627,Century Ethos (Sheltors Share),Century Sheltors Developers Private Limited,new,13.060692,77.603468,locality_name,low,"Ward name ""Amrutahalli"" found in address",Amrutahalli,nan,,,29575,,,Jun 2022,2020
PRM/KA/RERA/1251/308/PR/200908/003584,Iconest 5,Icon Infra Shelters India Pvt Ltd,new,12.8605,77.528,portal_boundary,high,,Badamanavarthekaval,nan,,,3280,,,Mar 2023,2020
PRM/KA/RERA/1251/446/PR/200908/003599,Radiance Blossom,Radiance Realty Developers India Limited,new,13.076127,77.735687,portal_boundary,high,,Hirandahalli,nan,,,19930,,,Mar 2024,2020
PRM/KA/RERA/1251/446/PR/200908/003581,Sonestaa Melody,M/S. Bss Builders And Promoters,new,12.933734,77.72679,portal_boundary,high,,Varthuru,nan,,,6678,,,Dec 2025,2020
PRM/KA/RERA/1251/310/PR/200908/003590,Hima Sai Heights,Himagiri Builders And Developers Private Limited,new,12.897256,77.571618,portal_boundary,high,,Jaraganahalli,nan,,,2467,,,Aug 2024,2020
PRM/KA/RERA/1251/472/PR/200827/003558,G R Opal,G R Promoters,new,13.113955,77.600872,locality_name,low,"Village name ""Yelahanka"" found in address",Kempegowda Ward,nan,,,2091,,,Dec 2021,2020
PRM/KA/RERA/1251/308/PR/200827/003572,Bhavisha Bentley Greens,Bhavisha Properties,done,13.101691,77.699772,locality_name,low,"Village name ""Kada Agrahara"" found in address",Kada Agrahara,nan,,,9813,,,Mar 2021,2020
PRM/KA/RERA/1251/308/PR/200827/003556,S V Nest,S V Builders And Developers,new,12.878494,77.774567,village_centroid,medium,"Village Sompura (Anekal), match 1.00, area 2.3 sq km",Sompura,nan,,,1082,,,Dec 2021,2020
PRM/KA/RERA/1251/446/PR/200827/003561,Mangala Ellite,M/S.Mangala Developers,new,13.056355,77.659691,village_centroid,medium,"Village Horamavu Agara (Bangalore South), match 0.96, area 3.6 sq km",Horamavu,nan,,,1416,,,Dec 2022,2020
PRM/KA/RERA/1251/446/PR/200827/003554,Rubix,Landmark Nest Private Limited,new,13.09219,77.672986,village_centroid,medium,"Village Doddagubbi (Bangalore South), match 1.00, area 2.8 sq km",Doddagubbi,nan,,,2175,,,Dec 2023,2020
PRM/KA/RERA/1251/446/PR/200827/003553,Pvr Lake View,Bhagya Lakshmi Builders And Developers,new,13.061312,77.314001,village_centroid,medium,"Village Mahadevapura (Nelamagala), match 1.00, area 2.4 sq km",Mahadevapura,nan,,,5615,,,Apr 2024,2020
PRM/KA/RERA/1251/472/PR/200827/003557,G R Onyx,G R Promoters,new,13.113955,77.600872,locality_name,low,"Village name ""Yelahanka"" found in address",Kempegowda Ward,nan,,,2112,,,Dec 2021,2020
PRM/KA/RERA/1251/309/PR/200827/003574,Abhigna'S Misty Woods,Abhigna Constructions,new,12.904432,77.579448,portal_boundary,high,,Jaraganahalli,nan,,,9089,,,Aug 2023,2020
PRM/KA/RERA/1251/310/PR/200827/003555,Raja Four Squares,Raja Housing Ltd,new,12.943477,77.610663,portal_boundary,high,,Adugodi,560030,,,1978,,,Jan 2024,2020
PRM/KA/RERA/1251/308/PR/200817/003549,Bavisha Gardeniaa,Bhavisha Properties,done,12.871261,77.787979,locality_name,low,"Village name ""Sarjapura"" found in address",Sarjapura,nan,,,3642,,,May 2021,2020
PRM/KA/RERA/1251/310/PR/200817/003547,Elegant Exquisite,Elegant Builders And Developers,new,12.91533,77.505048,portal_boundary,high,,Hemmigepura,nan,,,7134,,,Dec 2023,2020
PRM/KA/RERA/1251/446/PR/200817/003550,Visalakshi Prakruthi,Visalakshi Housing Projects,new,13.06283,77.653874,pin_centroid,low,PIN 560077 median of 39 located projects,Amani Byrathikhane,560077,,,5969,,,Jul 2025,2020
PRM/KA/RERA/1251/446/PR/200817/003548,Desai Golden Springs,M S Desai Developers,new,13.038376,77.77353,village_centroid,medium,"Village Seegehalli (Bangalore South), match 1.00, area 3.3 sq km",Seegehalli,nan,,,12342,,,Mar 2023,2020
PRM/KA/RERA/1251/446/PR/200811/003534,Nvr Sunpearl Block B,Nvr Developers,new,13.002837,77.743921,portal_boundary,high,,Belathur,nan,,,11150,,,Jan 2024,2020
PRM/KA/RERA/1250/303/PR/200811/003513,Jcn Raj Serenity,Cannas Lily Infrastructure Private Limited,ongoing,13.2373,77.700414,locality_name,low,"Village name ""Prasannahalli"" found in address",Prasannahalli,nan,,,669,,,Nov 2022,2020
PRM/KA/RERA/1251/446/PR/200811/003520,Royal Rich,Rrr Constructions,new,13.039109,77.68325,portal_boundary,high,,Kalkere,nan,,,1440,,,Sep 2022,2020
PRM/KA/RERA/1251/309/PR/200811/003525,Remington,Gurusamy Selva Kumar,done,13.002433,77.566197,locality_name,low,"Ward name ""Kadu Malleshwara"" found in address",Kadu Malleshwara,nan,,,1074,,,Dec 2021,2020
PRM/KA/RERA/1251/446/PR/200811/003528,Prestige Waterford,Prestige Estates Projects Limited,new,13.109408,77.626051,locality_name,low,"Village name ""Agrahara"" found in address",Agrahara,nan,,,66823,,,Sep 2024,2020
PRM/KA/RERA/1251/308/PR/200811/003522,Sgm Petals,S G M Developers,new,12.871261,77.787979,locality_name,low,"Village name ""Sarjapura"" found in address",Sarjapura,nan,,,1229,,,Dec 2023,2020
PRM/KA/RERA/1251/310/PR/200811/003530,Slv Royal Tranquil,A D Manjhunath,new,12.88024,77.7622,portal_boundary,high,,Yamare,nan,,,751,,,Sep 2023,2020
PRM/KA/RERA/1251/310/PR/200811/003519,Isr Indraprastha,Isr Constructions Private Limited,new,13.191598,77.681597,village_centroid,medium,"Village Begur (Bangalore North), match 1.00, area 1.4 sq km",Begur,nan,,,19627,,,Aug 2025,2020
PRM/KA/RERA/1251/446/PR/200811/003527,Bhavya Lake Vista,Bhavya Constructions,new,12.918997,77.677399,village_centroid,medium,"Village Kasavanahalli (Bangalore South), match 1.00, area 2.7 sq km",Doddakanahalli,nan,,,7165,,,Dec 2024,2020
PRM/KA/RERA/1251/310/PR/200811/003515,Vasundra Cyber Nest,C Subramani,done,12.918083,77.497428,portal_boundary,high,,Bande Mutt,nan,,,6852,,,Sep 2022,2020
PRM/KA/RERA/1251/446/PR/200811/003526,V Classic,Ajeeth,new,13.011665,77.67631,locality_name,low,"Ward name ""Ramamurthy Nagara"" found in address",Ramamurthy Nagara,nan,,,9720,,,Dec 2023,2020
PRM/KA/RERA/1251/310/PR/200722/003495,Bhoomika Sunrise,Bmr Builders And Developers,new,12.854384,77.592956,pin_centroid,low,PIN 560083 median of 22 located projects,Gottigere,560083,,,2733,,,Jun 2022,2020
PRM/KA/RERA/1251/310/PR/200722/003489,Sv Maple,Sri Vinayaka Infra,new,12.885864,77.551406,locality_name,low,"Village name ""Vajarahalli"" found in address",Vasanthpura,nan,,,3743,,,Sep 2023,2020
PRM/KA/RERA/1250/304/PR/200722/003504,Jp Tulips,V R Ventures,new,13.459417,77.464035,village_centroid,medium,"Village Hosakote (Dod Ballapur), match 1.00, area 3.4 sq km",Hosakote,nan,,,7183,,,Dec 2023,2020
PRM/KA/RERA/1251/309/PR/200722/003490,Govianu Margosa,Mahesh G,new,13.002433,77.566197,locality_name,low,"Ward name ""Kadu Malleshwara"" found in address",Kadu Malleshwara,nan,,,507,,,Mar 2022,2020
PRM/KA/RERA/1251/446/PR/200722/003500,Vaishnavi Vrishab,Vaishnavi Constructions,new,13.027965,77.682284,portal_boundary,high,,Kalkere,nan,,,1579,,,Mar 2022,2020
PRM/KA/RERA/1251/310/PR/200702/003480,Canvas And Cove Phase 1 Wing C And D,Apg Habitat Private Limited,new,13.191598,77.681597,village_centroid,medium,"Village Begur (Bangalore North), match 1.00, area 1.4 sq km",Begur,nan,,,29592,,,Mar 2025,2020
PRM/KA/RERA/1251/472/PR/200624/003462,Durga Nandana,Sree Durga Builders And Developers,new,13.102379,77.547276,portal_boundary,high,,Chikkabettahalli,nan,,,3693,,,Sep 2023,2020
PRM/KA/RERA/1251/446/PR/200624/003465,Shirin,Salvina Infracon,new,13.038376,77.77353,village_centroid,medium,"Village Seegehalli (Bangalore South), match 1.00, area 3.3 sq km",Seegehalli,nan,,,1871,,,Mar 2024,2020
PRM/KA/RERA/1251/472/PR/200624/003471,Aditrri Lotus,Aditrri Builders And Developers,new,13.113955,77.600872,village_centroid,medium,"Village Yelahanka (Bangalore North), match 1.00, area 2.2 sq km",Kempegowda Ward,nan,,,2023,,,Jun 2023,2020
PRM/KA/RERA/1251/310/PR/200618/003453,Prestige Primrose Hills-Ph-I,Prestige Estates Projects Limited,new,12.910816,77.588973,ward_centroid,low,BBMP ward 198 J P Nagar,J P Nagar,nan,,,39382,,,Feb 2025,2020
PRM/KA/RERA/1251/310/PR/200618/003455,Prestige Primrose Hills Ph-2,Prestige Estates Projects Limited,new,12.910816,77.588973,ward_centroid,low,BBMP ward 198 J P Nagar,J P Nagar,nan,,,21980,,,Jun 2025,2020
PRM/KA/RERA/1251/310/PR/200618/003456,Devagiri Emeralds,Devagiri Promoters,new,12.915906,77.549117,village_centroid,medium,"Village Uttarahalli (Bangalore South), match 1.00, area 2.8 sq km",Uttarahalli,nan,,,6285,,,Oct 2023,2020
PRM/KA/RERA/1250/303/PR/200618/003458,Jasper And Iridium At Brigade El Dorado,Brigade Tetrarch Private Limited,new,13.163794,77.693317,village_centroid,medium,"Village Huvinayakanahalli (Bangalore North), match 0.94, area 2.5 sq km",Huvinayakanahalli,nan,,,29147,,,Sep 2025,2020
PRM/KA/RERA/1251/308/PR/200604/003449,Signature Crest,Signature Dwellings Private Limited,done,12.921434,77.789338,village_centroid,medium,"Village Ganighattapura (Anekal), match 0.92, area 2.6 sq km",Ganighattapura,nan,,,5008,,,May 2023,2020
PRM/KA/RERA/1251/309/PR/200604/003439,Lk Gloria,Rgm Constructions,new,13.067097,77.605422,portal_boundary,high,,Jakkuru,nan,,,3743,,,Nov 2023,2020
PRM/KA/RERA/1251/309/PR/200604/003434,Dhiraan Northbrook,Dhiraan Infrastructure Pvt.Ltd,new,13.178725,77.63756,village_centroid,medium,"Village Chikkajala (Bangalore North), match 0.87, area 2.4 sq km",Chikkajala,nan,,,3945,,,Dec 2024,2020
PRM/KA/RERA/1251/309/PR/200604/003446,Aishwarya Bangalore Homes,Bangalore Homes Developers,done,12.901555,77.6785,portal_boundary,high,,Doddakanahalli,560035,,,1783,,,Jan 2022,2020
PRM/KA/RERA/1251/308/PR/200526/003412,Urban Serenity -I,P K Chandrashekar,ongoing,12.867888,77.809499,village_centroid,medium,"Village Thindlu (Anekal), match 1.00, area 3.1 sq km",Thindlu,562125,,,9712,,,Sep 2026,2020
PRM/KA/RERA/1251/446/PR/200526/003427,Ng'S Coco Villa,M/S. N G Developers,new,13.056222,77.677626,village_centroid,medium,"Village Kalkere (Bangalore South), match 1.00, area 5.4 sq km",Kalkere,nan,,,15074,,,Dec 2022,2020
PRM/KA/RERA/1251/446/PR/200526/003419,Dsr Vertex And Apex,Dsr Infra Projects,new,12.97255,77.726651,village_centroid,medium,"Village Thubarahalli (Bangalore South), match 1.00, area 1.3 sq km",Whitefield,nan,,,5363,,,Dec 2023,2020
PRM/KA/RERA/1251/309/PR/200526/003430,Sobha City Athena,Sobha Limited,new,13.190963,77.539979,village_centroid,medium,"Village Chokkanahalli (Bangalore North), match 1.00, area 1.8 sq km",Chokkanahalli,nan,,,5564,,,Sep 2027,2020
PRM/KA/RERA/1251/472/PR/200526/003431,The Tennis Village Greens,Rakesh Chawat,new,13.067013,77.569427,portal_boundary,high,,Dodda Bommasandra,nan,,,1008,,,Mar 2023,2020
PRM/KA/RERA/1251/309/PR/200526/003417,V And K Northside,Vishal And Kushal Developers,new,13.080959,77.696507,locality_name,low,"Village name ""Rampura"" found in address",Rampura,nan,,,948,,,Dec 2023,2020
PRM/KA/RERA/1251/308/PR/200526/003414,Sierra Greens,Sierra Constructions,new,12.84,77.77,portal_boundary,high,,Kotiganahalli,nan,,,8751,,,Sep 2024,2020
PRM/KA/RERA/1251/308/PR/200526/003415,Vakil Rose,Vakil Housing Developement Corporation Pvt. Ltd.,new,12.775393,77.722744,village_centroid,low,"Village Madivala (Anekal), match 1.00, area 8.0 sq km",Madivala,nan,,,724,,,Sep 2022,2020
PRM/KA/RERA/1251/446/PR/200526/003429,Maitree Marvel,Maitree Developers,done,13.038376,77.77353,village_centroid,medium,"Village Seegehalli (Bangalore South), match 1.00, area 3.3 sq km",Seegehalli,nan,,,935,,,Dec 2022,2020
PRM/KA/RERA/1251/446/PR/200515/003401,Sbr Gokulam,Sbr Infrastructure,new,13.02263,77.76274,portal_boundary,high,,Kadgodi Nmct,nan,,,5817,,,Apr 2024,2020
PRM/KA/RERA/1251/446/PR/200515/003403,Meda Heights,Meda Constructions,new,12.92901,77.699256,locality_name,low,"Village name ""Doddakannalli"" found in address",Munnekollala,nan,,,23774,,,Sep 2024,2020
PRM/KA/RERA/1251/310/PR/200515/003390,Elegant Terraces,Elegant Builders And Developers,new,12.930099,77.526406,portal_boundary,high,,Jnana Bharathi,nan,,,7070,,,Sep 2024,2020
PRM/KA/RERA/1250/303/PR/200515/003411,Godrej Royale Woods,Godrej Projects North Star Llp,new,13.236987,77.684004,village_centroid,medium,"Village Chikkasanne (Devanhalli), match 0.92, area 1.9 sq km",Chikkasanne,nan,,,52620,,,Jan 2026,2020
PRM/KA/RERA/1251/310/PR/200515/003410,Saiven Sunset Boulevard,Prerna Constructions,new,12.991066,77.415329,locality_name,low,"Village name ""Varthur"" found in address",Varthur,nan,,,771,,,Aug 2022,2020
PRM/KA/RERA/1251/472/PR/200515/003406,Arvind Bel Air,Arvind Hebbal Homes Private Limited,new,13.113955,77.600872,locality_name,low,"Village name ""Yelahanka"" found in address",Kempegowda Ward,nan,,,12150,,,Jun 2026,2020
PRM/KA/RERA/1251/310/PR/200515/003397,Jj Enclave,Rt Builders & Developers,done,12.854384,77.592956,pin_centroid,low,PIN 560083 median of 22 located projects,Gottigere,560083,,,2895,,,Mar 2023,2020
PRM/KA/RERA/1250/304/PR/200323/003374,Trifecta Verde En Resplendor,Ecstasy Projects Pvt Ltd,new,13.1,77.75,portal_boundary,high,,Bommenahalli,nan,,,8797,,,Nov 2024,2020
PRM/KA/RERA/1251/308/PR/200323/003386,Sriven Daksha Elite,M/S. Sriven Properties,ongoing,12.7,77.69,portal_boundary,high,,Thelagarahalli,nan,,,6475,,,Aug 2026,2020
PRM/KA/RERA/1250/303/PR/200323/003389,Sai Orchid,Chandrashekar A,new,13.290712,77.697317,locality_name,low,"Village name ""Devanahalli"" found in address",Devanahalli,nan,,,5615,,,Dec 2023,2020
PRM/KA/RERA/1251/310/PR/200323/003361,Raj Forest View,Raj Builders And Developers,new,12.87451,77.52857,portal_boundary,high,,Badamanavarthekaval,nan,,,1573,,,Sep 2023,2020
PRM/KA/RERA/1251/472/PR/200323/003375,Ajmera Florenza,Ajmear Housing Corporation,new,13.124209,77.559878,village_centroid,medium,"Village Kempanahalli (Bangalore North), match 0.96, area 0.5 sq km",Kempanahalli,nan,,,12773,,,Sep 2025,2020
PRM/KA/RERA/1251/308/PR/200323/003378,Tulip,Bright Wave Projects Private Limited,new,12.801327,77.74842,portal_boundary,high,,Yadavanahalli,nan,,,7081,,,Feb 2024,2020
PRM/KA/RERA/1251/446/PR/200323/003377,Allure -1,Allure Ventures Llp,new,13.048683,77.348628,locality_name,low,"Village name ""Bhattarahalli"" found in address",Bhattarahalli,nan,,,20639,,,Aug 2022,2020
PRM/KA/RERA/1251/310/PR/200323/003380,Green Hights,Rk Builders,new,12.887024,77.540284,portal_boundary,high,,Subramanyapura,nan,,,1742,,,Jul 2022,2020
PRM/KA/RERA/1251/446/PR/200323/003382,Adarsh Lakefront Residential Phase 2,M/S Alekhya Property Developments Pvt Ltd,new,12.932221,77.678884,village_centroid,medium,"Village Kaikondahalli (Bangalore South), match 0.90, area 1.1 sq km",Bellanduru,nan,,,30493,,,Sep 2025,2020
PRM/KA/RERA/1251/446/PR/200323/003385,United Dreams,United Projects,new,13.019603,77.760951,portal_boundary,high,,Kadugodi Plantation,nan,,,3799,,,Nov 2023,2020
PRM/KA/RERA/1251/446/PR/200323/003368,Shriram Wyt Field,Spl Towers Private Limited,new,13.094216,77.750463,village_centroid,medium,"Village Bommenahalli (Bangalore South), match 0.92, area 2.6 sq km",Bommenahalli,nan,,,46538,,,Nov 2025,2020
PRM/KA/RERA/1251/310/PR/200323/003372,Sapthagiri Nilayamu,Tejashree Constructions,new,12.94734,77.673143,portal_boundary,high,,Bellanduru,nan,,,750,,,Dec 2021,2020
PRM/KA/RERA/1251/308/PR/200323/003355,Saiven Silver Oaks,Saiven Developers And Constructions Pvt Ltd,new,12.891483,77.769229,portal_boundary,high,,Chambenahalli,nan,,,2938,,,Apr 2022,2020
PRM/KA/RERA/1251/446/PR/200323/003370,V.S.R Tranquil,V.S.R Ventures,new,13.044189,77.666132,village_centroid,medium,"Village Horamavu (Bangalore South), match 1.00, area 3.4 sq km",Kalkere,nan,,,7255,,,Sep 2025,2020
PRM/KA/RERA/1251/446/PR/200323/003373,Dwarakamai Apex-3,Dwarakamai Builders And Developers Pvt.Ltd,new,13.029374,77.768587,portal_boundary,high,,Kadgodi Nmct,nan,,,1518,,,Dec 2022,2020
PRM/KA/RERA/1251/310/PR/200310/003331,Shriram Southern Crest - Phase -2,Shriprop Projects Private Limited,new,12.905536,77.572021,portal_boundary,high,,Yelachenahalli,nan,,,15074,,,Oct 2026,2020
PRM/KA/RERA/1251/446/PR/200310/003335,Franklin Orchid,Franklin Homes,done,13.056355,77.659691,village_centroid,medium,"Village Horamavu Agara (Bangalore South), match 1.00, area 3.6 sq km",Horamavu,nan,,,1471,,,May 2023,2020
PRM/KA/RERA/1251/446/PR/200305/003329,Royal Elite,Royale Infraa,new,12.905083,77.4657,village_centroid,medium,"Village Chalaghatta (Bangalore South), match 0.95, area 2.4 sq km",Bande Mutt,nan,,,6069,,,Sep 2025,2020
PRM/KA/RERA/1251/310/PR/200305/003328,Adarsh Stratuss Phase 1,M/S Adarsh Developers,new,12.902555,77.58572,portal_boundary,high,,Puttenahalli - Sarakki Lake,560078,,,6876,,,Nov 2025,2020
PRM/KA/RERA/1251/308/PR/200304/003316,Sovereign Srinilaya,Sovereign Builders,new,12.866817,77.766617,portal_boundary,high,,Hosahalli,nan,,,1973,,,Apr 2022,2020
PRM/KA/RERA/1251/308/PR/200304/003323,312 West,Modern Spaaces Constructions,ongoing,12.857902,77.768958,portal_boundary,high,,Hosahalli,nan,,,4724,,,Apr 2022,2020
PRM/KA/RERA/1251/309/PR/200304/003327,Renaissance Bellevue,Renaissance Holdings & Developers Private Limited,new,12.98415,77.515039,ward_centroid,low,BBMP ward 45 Vijayanagara Krishnadevaraya,Vijayanagara Krishnadevaraya,nan,,,1530,,,Jan 2025,2020
PRM/KA/RERA/1251/446/PR/200226/003311,United Highlands,M/S. United Infrastructures,new,12.946537,77.721924,portal_boundary,high,,Munnekollala,nan,,,11859,,,Jun 2025,2020
PRM/KA/RERA/1251/308/PR/200226/003306,Ramky One Karnival,Ramky Estates And Farms Limited,new,13.058658,77.696222,village_centroid,medium,"Village Maragondanahalli (Bangalore South), match 1.00, area 2.0 sq km",Maragondanahalli,nan,,,29036,,,Dec 2026,2020
PRM/KA/RERA/1251/308/PR/200226/003310,Shriram Chirping Grove,Tanmathra Aquarelle Developers Private Limited,new,12.867888,77.809499,village_centroid,medium,"Village Thindlu (Anekal), match 1.00, area 3.1 sq km",Thindlu,nan,,,50170,,,Oct 2025,2020
PRM/KA/RERA/1251/310/PR/200226/003305,Provident Park Square 5,Puravankara Limited,new,12.862085,77.541567,portal_boundary,high,,Hemmigepura,nan,,,30526,,,Jun 2026,2020
PRM/KA/RERA/1251/446/PR/200219/003282,Sjr Primecorporation Pvt Ltd Palazza Ph2,Sjr Primecorporation Pvt Ltd,ongoing,12.991066,77.415329,locality_name,low,"Village name ""Varthur"" found in address",Varthur,nan,,,42705,,,Sep 2019,2020
PRM/KA/RERA/1251/308/PR/200219/003295,Grc Subhiksha Phase 2,Grc Infra Pvt Ltd,done,12.884084,77.681948,portal_boundary,high,,Sriramapura,nan,,,1720,,,Aug 2023,2020
PRM/KA/RERA/1251/446/PR/200219/003300,Sree Adithya Elegant,M/S. Sree Adithya Developers,done,13.038376,77.77353,village_centroid,medium,"Village Seegehalli (Bangalore South), match 1.00, area 3.3 sq km",Seegehalli,nan,,,4148,,,Oct 2022,2020
PRM/KA/RERA/1251/308/PR/200219/003288,Sv Shelters,Mdvr Projects Pvt Ltd,new,12.828912,77.71076,village_centroid,medium,"Village Heelalige (Anekal), match 1.00, area 3.7 sq km",Heelalige,nan,,,6019,,,Jul 2023,2020
TOR/PRM/KA/RERA/1251/310/PR/200219/002124,Maangalya Park Avenue,Maangalya Ventures Private Limited,new,12.876086,77.552146,portal_boundary,high,,Vasanthpura,nan,,,8105,,,Sep 2024,2020
PRM/KA/RERA/1251/472/PR/200219/003301,Sashank Aadya,Sashank Constructions,done,13.118317,77.546855,locality_name,low,"Village name ""Shamarajapura"" found in address",Shamarajapura,nan,,,5530,,,Oct 2023,2020
PRM/KA/RERA/1251/309/PR/200219/003286,Construction Of 3Bhk Housing Project In Sy No 103 Of Nagarbhavi Yeshwanthapura Hobli Bangalore,Bangalore Development Authority,ongoing,12.952534,77.521056,portal_boundary,high,,Chandra Layout,nan,,,6047,,,Sep 2022,2020
PRM/KA/RERA/1251/446/PR/200219/003290,The Courtyard,Essem18 Constuctions,new,12.907627,77.682671,portal_boundary,high,,Doddakanahalli,nan,,,4754,,,Sep 2023,2020
PRM/KA/RERA/1251/446/PR/200211/003259,Tejith Elegant,Jaishitha Sri Builders And Developers,new,13.038376,77.77353,locality_name,low,"Village name ""Seegehalli"" found in address",Seegehalli,nan,,,961,,,Jun 2021,2020
PRM/KA/RERA/1251/308/PR/200211/003281,Jrc Palladio,Jrc Projects,new,12.7,77.6,portal_boundary,high,,Thattekere,nan,,,68442,,,Mar 2026,2020
PRM/KA/RERA/1251/309/PR/200211/003280,Atmos And Aura Phase - 1,Apg Lifestyle Homes Private Limited,new,13.190207,77.655842,village_centroid,medium,"Village Doddajala (Bangalore North), match 0.90, area 1.9 sq km",Doddajala,nan,,,37218,,,Mar 2025,2020
PRM/KA/RERA/1251/472/PR/200211/003267,Purple Habiqo,Abhay Kumar,new,13.060692,77.603468,ward_centroid,low,BBMP ward 9 Amrutahalli,Amrutahalli,nan,,,3278,,,Oct 2024,2020
PRM/KA/RERA/1251/446/PR/200211/003279,Sun And Sanctum Phase 1,Apg Abode Homes Pvt Ltd,new,13.048683,77.348628,village_centroid,medium,"Village Bhattarahalli (Nelamagala), match 1.00, area 1.1 sq km",Bhattarahalli,nan,,,16820,,,Jan 2026,2020
PRM/KA/RERA/1251/310/PR/200211/003271,Mahaveer Grandis,Reddy Housing Private Limited,new,13.089742,77.654458,village_centroid,medium,"Village Kothanur (Bangalore South), match 0.93, area 1.1 sq km",Kothanur,nan,,,5316,,,Nov 2024,2020
PRM/KA/RERA/1251/309/PR/200211/003273,Prestige Fairfield,Prestige Aaa Investments,new,13.027446,77.206089,village_centroid,medium,"Village Nagasettihalli (Magadi), match 0.90, area 3.2 sq km",Nagasettihalli,nan,,,11321,,,May 2024,2020
PRM/KA/RERA/1251/446/PR/200205/003236,Vanamali,Eswar Constructions,new,13.080922,77.66557,village_centroid,medium,"Village Kyalasanahalli (Bangalore South), match 0.96, area 2.9 sq km",Kyalasanahalli,nan,,,7894,,,Dec 2024,2020
PRM/KA/RERA/1251/446/PR/200205/003243,Purva Promenade,Puravankara Limited,new,13.062225,77.663009,portal_boundary,high,,Horamavu,nan,,,13988,,,Sep 2024,2020
PRM/KA/RERA/1251/309/PR/200205/003239,Bliss,Fineline Infra Private Limited,new,13.063372,77.627289,portal_boundary,high,,Jakkuru,nan,,,4044,,,May 2023,2020
PRM/KA/RERA/1251/309/PR/200205/003253,Sumadhura Sushantham Phase Ii,Sumadhura Infracon Private Limited,new,12.867888,77.809499,village_centroid,medium,"Village Thindlu (Anekal), match 1.00, area 3.1 sq km",Thindlu,nan,,,8053,,,Dec 2024,2020
PRM/KA/RERA/1251/446/PR/200205/003248,Abhee Nakshatra,Abhee Developers,done,12.991066,77.415329,locality_name,low,"Village name ""Varthur"" found in address",Varthur,nan,,,3946,,,Feb 2023,2020
PRM/KA/RERA/1251/446/PR/200123/003229,Aspire Aurum A Sumadhura Venture,Sumadhura Homes Llp,new,13.051712,77.753475,village_centroid,medium,"Village Doddabanahalli (Bangalore South), match 1.00, area 1.8 sq km",Doddabanahalli,nan,,,10724,,,Sep 2023,2020
PRM/KA/RERA/1251/446/PR/200123/003223,Baldota Signature,Baldota Builders And Developers,ongoing,13.06342,77.622492,portal_boundary,high,,Jakkuru,nan,,,6445,,,Jan 2024,2020
PRM/KA/RERA/1251/446/PR/200123/003231,Tranquil At Brigade Cornerstone Utopia,Mysore Projects Private Limited,new,12.991066,77.415329,locality_name,low,"Village name ""Varthur"" found in address",Varthur,nan,,,40308,,,Sep 2025,2020
PRM/KA/RERA/1251/310/PR/200121/003210,Vgr Greens,Vgr Builders & Developers,new,12.901251,77.657676,village_centroid,medium,"Village Kudlu (Anekal), match 1.00, area 3.5 sq km",Doddakanahalli,nan,,,1786,,,Dec 2022,2020
PRM/KA/RERA/1251/446/PR/200121/003206,Sjr Primecorpoation Pvt Ltd Blue Water Ph2,Sjr Primecorporation Pvt Ltd,ongoing,12.891713,77.661023,village_centroid,medium,"Village Parappana Agrahara (Bangalore South), match 0.90, area 1.9 sq km",Kudlu,nan,,,65659,,,Sep 2019,2020
PRM/KA/RERA/1250/304/PR/200121/003212,Riqueza Barbie,Riqueza Estates Pvt Ltd,done,13.063153,77.802646,portal_boundary,high,,Chikkagattiganabbe,nan,,,643,,,Nov 2023,2020
PRM/KA/RERA/1251/309/PR/200121/003215,Sai Sapthagiri Promoters,Ramana J V,done,12.968046,77.490501,portal_boundary,high,,Doddagollarahatti,nan,,,2217,,,Jul 2022,2020
PRM/KA/RERA/1251/446/PR/200121/003220,Mukunda Brundhavan,M/S Mukunda Developers,new,13.106284,77.751331,village_centroid,medium,"Village Kodigehalli (Bangalore South), match 1.00, area 0.8 sq km",Kodigehalli,nan,,,10066,,,Sep 2025,2020
PRM/KA/RERA/1251/310/PR/200121/003207,Narya Breath Fresh,Narya Constructions Pvt Ltd,new,12.858798,77.576413,village_centroid,medium,"Village Kembathahalli (Bangalore South), match 0.96, area 2.6 sq km",Anjanapura,nan,,,2428,,,Sep 2025,2020
PRM/KA/RERA/1251/310/PR/200121/003211,Ncorp Skywalk Llp,Ncorp Skywalk Llp,new,12.92104,77.537515,pin_centroid,low,PIN 560085 median of 7 located projects,Rajarajeshwari Nagar,560085,,,3199,,,Mar 2023,2020
PRM/KA/RERA/1251/446/PR/200121/003218,"Sobha Dream Acres - Oasis Phase 27 Wing 55, 56, 57 And 58",Sobha Limited,new,12.991066,77.415329,locality_name,low,"Village name ""Varthur"" found in address",Varthur,nan,,,22121,,,Sep 2026,2020
PRM/KA/RERA/1251/446/PR/200121/003217,Candeur Signature,M/S.Candeur Constructions,new,12.93029,77.742961,portal_boundary,high,,Varthuru,nan,,,46444,,,Sep 2027,2020
PRM/KA/RERA/1251/472/PR/200121/003213,The Formist Treehouse,Formist Reality Pvt Ltd,new,13.068116,77.621366,portal_boundary,high,,Jakkuru,nan,,,2529,,,Sep 2023,2020
PRM/KA/RERA/1251/310/PR/200117/003169,Monisha Enclave,T R Jayanthi Nataraj,new,12.989181,77.611032,ward_centroid,low,BBMP ward 130 Bharathi Nagar,Bharathi Nagar,nan,,,844,,,Dec 2021,2020
PRM/KA/RERA/1251/308/PR/200117/003186,Iconest4,Icon Infra Shelters India Pvt. Ltd,new,12.867888,77.809499,village_centroid,medium,"Village Thindlu (Anekal), match 1.00, area 3.1 sq km",Thindlu,nan,,,2542,,,Apr 2023,2020
PRM/KA/RERA/1251/310/PR/200117/003176,Opera Tranquil Earth,Opera Homes,new,12.870579,77.56008,village_centroid,medium,"Village Anjanapura (Bangalore South), match 1.00, area 3.1 sq km",Konanakunte,nan,,,3467,,,Jun 2023,2020
PRM/KA/RERA/1251/446/PR/200117/003185,Sj Trillium,Sj Constructions,new,12.940741,77.750718,portal_boundary,high,,Varthuru,nan,,,2097,,,Jul 2022,2020
PRM/KA/RERA/1251/446/PR/200117/003165,Sannidhi,S.N Builders And Developers,new,13.080922,77.66557,village_centroid,medium,"Village Kyalasanahalli (Bangalore South), match 0.96, area 2.9 sq km",Kyalasanahalli,nan,,,1093,,,Sep 2021,2020
PRM/KA/RERA/1251/446/PR/200117/003182,Sj Pinnacle,Sjconstructions,new,12.939705,77.74214,portal_boundary,high,,Varthuru,nan,,,3035,,,Jun 2022,2020
PRM/KA/RERA/1251/309/PR/200117/003187,Oracle Oak,Vbc Developers,new,13.067923,77.571635,portal_boundary,high,,Byatarayanapura,nan,,,2826,,,Jan 2023,2020
PRM/KA/RERA/1251/308/PR/200117/003159,Sv Grandur,Sv Housing,done,12.835545,77.686322,portal_boundary,high,,Bommasandra,nan,,,13557,,,Apr 2022,2020
PRM/KA/RERA/1251/308/PR/200117/003174,Surbacon Cedar,Surbacon Development Pvt. Ltd,new,12.82923,77.690096,portal_boundary,high,,Bommasandra,560100,,,9109,,,Aug 2024,2020
PRM/KA/RERA/1251/308/PR/200117/003189,Ars Green Villae Rosaceae,Ars Properties,done,12.871261,77.787979,locality_name,low,"Village name ""Sarjapura"" found in address",Sarjapura,nan,,,7183,,,Sep 2021,2020
PRM/KA/RERA/1251/446/PR/200117/003195,Cbr Sarasthira,Cbr Builders,new,13.039038,77.740005,village_centroid,medium,"Village Kurudusonnenahalli (Bangalore South), match 1.00, area 0.9 sq km",Kurudusonnenahalli,nan,,,6171,,,Mar 2024,2020
PRM/KA/RERA/1251/446/PR/200117/003190,Psr Serene Springs,Psr Projects And Constructions India Pvt Ltd,ongoing,12.936531,77.74416,portal_boundary,high,,Varthuru,nan,,,1763,,,Jan 2023,2020
PRM/KA/RERA/1251/310/PR/200113/003150,Sunshine,Sri Bhoomika Developers,new,12.923394,77.485696,locality_name,low,"Ward name ""Kengeri"" found in address",Kengeri,nan,,,752,,,Jul 2023,2020
PRM/KA/RERA/1251/446/PR/200113/003154,"Mana Capitol Tower 3,4 & 5",D Kishore Reddy,new,12.901903,77.703392,portal_boundary,high,,Bengaluru East,nan,,,11534,,,Mar 2027,2020
PRM/KA/RERA/1251/446/PR/200113/003152,Orion Palm Dew,M/S Orion Projects,new,13.064759,77.654754,village_centroid,medium,"Village Amani Byrathikhane (Bangalore South), match 0.94, area 0.7 sq km",Amani Byrathikhane,nan,,,3700,,,Dec 2024,2020
PRM/KA/RERA/1251/446/PR/200113/003151,Amrutha Heights - Phase Ii,Amrutha Shelters Pvt Ltd,new,12.993595,77.741317,village_centroid,medium,"Village Nallurhalli Og (Bangalore South), match 0.92, area 2.4 sq km",Belathur,nan,,,6020,,,Sep 2025,2020
PRM/KA/RERA/1251/310/PR/200113/003149,Meenakshi Greens,Sapthagiri Constructions,new,12.877222,77.590926,portal_boundary,high,,Hulimavu,nan,,,4119,,,Sep 2023,2020
PRM/KA/RERA/1251/310/PR/200113/003147,Pioneer Eternis,Pioneer Developers,new,13.139577,77.941812,locality_name,low,"Village name ""Gerahalli"" found in address",Gerahalli,nan,,,775,,,Jul 2021,2020
PRM/KA/RERA/1251/446/PR/200109/003144,Mana Capitol Tower 1 & 2,D Kishore Reddy,new,12.901903,77.703392,portal_boundary,high,,Bengaluru East,nan,,,7688,,,Sep 2026,2020
PRM/KA/RERA/1251/446/PR/200109/003141,Aryav Greenfields,Aryav Constructions,new,13.00376,77.724599,portal_boundary,high,,Hudi,nan,,,2846,,,Mar 2023,2020
PRM/KA/RERA/1251/309/PR/200103/003118,Sumadhura Sushantham Phase I,Sumadhura Infracon Private Limited,new,12.867888,77.809499,village_centroid,medium,"Village Thindlu (Anekal), match 1.00, area 3.1 sq km",Thindlu,nan,,,6424,,,Jun 2023,2020
PRM/KA/RERA/1251/309/PR/200103/003123,Smr Vinay Gateway,Smr Blue Valley Projects Private Limited,new,13.162137,77.629514,portal_boundary,high,,Hunasamaranahalli Og,nan,,,9257,,,Sep 2024,2020
PRM/KA/RERA/1251/310/PR/200103/003131,Pursuit Of Happiness,Muppiri Developers,new,12.87536,77.575796,portal_boundary,high,,Anjanapura,nan,,,5548,,,Sep 2025,2020
PRM/KA/RERA/1251/310/PR/200103/003134,3 Little Birds,Zenso Little Birds Projects Llp,new,13.085714,77.658199,village_centroid,medium,"Village Byrathi (Bangalore South), match 1.00, area 2.4 sq km",Byrathi,nan,,,785,,,Sep 2026,2020
PRM/KA/RERA/1251/446/PR/200103/003096,Sjr Prime Corporation Pvt Ltd Blue Water Ph 3,Sjr Prime Corporation Private Limited,ongoing,12.901251,77.657676,village_centroid,medium,"Village Kudlu (Anekal), match 1.00, area 3.5 sq km",Doddakanahalli,nan,,,65659,,,Dec 2019,2020
PRM/KA/RERA/1251/309/PR/200103/003103,New Haven Bengaluru Phase Iv,Smart Value Homes (Peenya Project) Private Limited,done,13.083322,77.437798,locality_name,low,"Village name ""Dasanapura"" found in address",Dasanapura,nan,,,9907,,,Feb 2022,2020
PRM/KA/RERA/1251/308/PR/200103/003119,77 East,Modern Spaaces,new,12.858327,77.7702,portal_boundary,high,,Hosahalli,nan,,,3390,,,Jan 2023,2020
PRM/KA/RERA/1251/446/PR/200103/003128,Destiny Gables,Mm Destiny Developers,new,12.945873,77.72017,portal_boundary,high,,Munnekollala,nan,,,3031,,,Nov 2023,2020
PRM/KA/RERA/1251/446/PR/191220/003080,Sbr Pravanika,Sbr Habiitat Llp,new,13.076373,77.760845,village_centroid,medium,"Village Katamnallur (Bangalore South), match 1.00, area 0.2 sq km",Katamnallur,nan,,,7705,,,Sep 2023,2019
PRM/KA/RERA/1251/472/PR/191220/003088,Classique Mayflower,Sanjith Naik,done,13.114364,77.576454,portal_boundary,high,,Someshwara Ward,nan,,,764,,,Mar 2022,2019
PRM/KA/RERA/1251/310/PR/191220/003078,Wisteria,K C Sathyanarayan Reddy,new,12.919759,77.634924,portal_boundary,high,,Jakkasandra,nan,,,2934,,,Jul 2026,2019
PRM/KA/RERA/1251/446/PR/191220/003081,Avian Nest,Sri Bharath Developers,new,13.085714,77.658199,village_centroid,medium,"Village Byrathi (Bangalore South), match 1.00, area 2.4 sq km",Byrathi,nan,,,779,,,Mar 2022,2019
PRM/KA/RERA/1251/308/PR/191220/003093,Godrej Nurture,Limited Liability Partnershio,new,13.058658,77.696222,village_centroid,medium,"Village Maragondanahalli (Bangalore South), match 1.00, area 2.0 sq km",Maragondanahalli,nan,,,23321,,,Dec 2025,2019
PRM/KA/RERA/1251/446/PR/191220/003084,Dc Capitol,D C Hi Rise Llp,new,12.938171,77.705631,portal_boundary,high,,Munnekollala,nan,,,8497,,,Jul 2023,2019
PRM/KA/RERA/1251/446/PR/191220/003092,Sri Balaji Emerald,Sri Balaji Shelters Rep By V Ramesh & G Devarajulu,ongoing,13.077436,77.64008,village_centroid,medium,"Village Thanisandra (Bangalore South), match 1.00, area 3.7 sq km",Thanisandra,nan,,,2478,,,Jul 2022,2019
PRM/KA/RERA/1251/309/PR/191213/003063,Mahaveer Northscape,Pragati Corp,new,13.205988,77.632773,village_centroid,medium,"Village Navarathna Agrahara (Bangalore North), match 0.94, area 3.2 sq km",Navarathna Agrahara,nan,,,15239,,,Sep 2025,2019
PRM/KA/RERA/1251/308/PR/191213/003065,Abhee Nandika,Abhee Developers,done,12.48696,77.1424,village_centroid,low,"Village Iggaluru (Channapatna), match 0.93, area 8.6 sq km",Iggaluru,nan,,,2630,,,Jan 2023,2019
PRM/KA/RERA/1251/308/PR/191213/003060,Symphony,Profound Developers,ongoing,12.769801,77.651679,portal_boundary,high,,Dyavasandra,nan,,,7692,,,Jun 2024,2019
PRM/KA/RERA/1251/446/PR/191213/003066,Sree Samruddhi,M/S.Sree Developers,new,12.989141,77.768033,village_centroid,medium,"Village Hagadur (Bangalore South), match 1.00, area 3.0 sq km",Kadugodi,nan,,,2857,,,Sep 2024,2019
PRM/KA/RERA/1251/446/PR/191213/003067,Elements Of Nature - Akash Block,Eco Life Developers,new,12.957527,77.731926,village_centroid,medium,"Village Balagere (Bangalore South), match 1.00, area 2.0 sq km",Whitefield,nan,,,7531,,,Jul 2025,2019
PRM/KA/RERA/1251/446/PR/191211/003059,Obel Shanthi,Obel Builders,new,13.056355,77.659691,village_centroid,medium,"Village Horamavu Agara (Bangalore South), match 1.00, area 3.6 sq km",Horamavu,nan,,,8194,,,Dec 2025,2019
PRM/KA/RERA/1251/472/PR/191206/003056,Prestige Finsbury Park - Regent,Apex Realty Ventures Llp,new,13.155494,77.675964,village_centroid,low,"Village Bagalur (Bangalore North), match 0.88, area 8.7 sq km",Bagalur,nan,,,40245,,,Mar 2024,2019
PRM/KA/RERA/1251/308/PR/191206/003053,Ashish Green B-Block,Aashish Developer And Builders,new,13.198801,77.688176,locality_name,low,"Village name ""Chikkanahalli"" found in address",Chikkanahalli,nan,,,5978,,,Sep 2023,2019
PRM/KA/RERA/1251/446/PR/191206/003054,Ashish A N Reddy Apartment,Aashish Developer And Builders,new,12.97255,77.726651,locality_name,low,"Village name ""Thubarahalli"" found in address",Whitefield,nan,,,3935,,,Sep 2023,2019
PRM/KA/RERA/1251/472/PR/191206/003055,Prestige Finsbury Park - Hyde,Apex Realty Ventures Llp,new,12.420848,77.368804,locality_name,low,"Village name ""Nayakanahalli"" found in address",Nayakanahalli,nan,,,60704,,,Mar 2024,2019
PRM/KA/RERA/1251/310/PR/191130/003047,Slv Royal Orchid,Slv Shelters Pvt Ltd,new,12.92,77.52,portal_boundary,high,,Rajarajeshwari Nagar,nan,,,950,,,Jan 2022,2019
PRM/KA/RERA/1251/308/PR/191130/003042,Sowparnika Pragati,Sowparnika Projects And Infrastructure Private Limited,new,12.883173,77.787774,portal_boundary,high,,Sarjapura,nan,,,3784,,,Mar 2024,2019
PRM/KA/RERA/1251/310/PR/191130/003050,V.Venture Eva,V.Venture,new,12.865833,77.651944,portal_boundary,high,,Begur,nan,,,1643,,,Dec 2024,2019
PRM/KA/RERA/1251/310/PR/191130/003049,Rain Bow Haven,Rainvas Infraa,new,12.883624,77.573005,portal_boundary,high,,Chunchaghatta,nan,,,3945,,,Feb 2023,2019
PRM/KA/RERA/1251/310/PR/191130/003039,Sai Nandana Gp Pride,Sai Nandana Properties,done,12.85302,77.57452,portal_boundary,high,,Anjanapura,nan,,,3136,,,Sep 2022,2019
PRM/KA/RERA/1251/446/PR/191130/003035,Saroj Blue Bell,Saroj Group,new,13.023166,77.653447,ward_centroid,low,BBMP ward 82 Babusab Palya,Babusab Palya,nan,,,8549,,,Feb 2023,2019
PRM/KA/RERA/1251/310/PR/191130/003046,Lorven Urban Crest,M/S Lorven Structures,new,12.927929,77.594785,ward_centroid,low,BBMP ward 195 Tilak Nagar,Tilak Nagar,nan,,,2519,,,Jul 2023,2019
PRM/KA/RERA/1251/309/PR/191130/003037,Kanakagiri Mallikarjun,Kanakagiri Mallikarjuna Steels And Stones Pvt Ltd,ongoing,13.065912,77.647171,locality_name,low,"Village name ""Geddalahalli"" found in address",Horamavu,nan,,,654,,,Aug 2019,2019
PRM/KA/RERA/1251/446/PR/191130/003052,Shriram Chirping Woods (Tower-5),Shrivision Homes Private Limited,ongoing,12.918997,77.677399,village_centroid,medium,"Village Kasavanahalli (Bangalore South), match 1.00, area 2.7 sq km",Doddakanahalli,nan,,,62928,,,Mar 2024,2019
PRM/KA/RERA/1251/446/PR/191130/003036,Mvr Pride,C P Maheshwar Reddy,ongoing,12.946203,77.740145,village_centroid,low,"Village Gunjur (Bangalore South), match 1.00, area 9.5 sq km",Varthuru,nan,,,3742,,,Dec 2021,2019
PRM/KA/RERA/1251/310/PR/191122/003191,Bearys Cul-De-Sac,Bearys Properties And Developments Private Limited,new,12.995679,77.662116,ward_centroid,low,BBMP ward 117 C V Raman Nagar,C V Raman Nagar,nan,,,1249,,,Sep 2021,2019
PRM/KA/RERA/1251/310/PR/191116/002998,Nr Kaveri Manor,Mr. Sridhar.C,new,13.005733,77.548398,ward_centroid,low,BBMP ward 51 Nagapura,Nagapura,nan,,,2017,,,Mar 2023,2019
PRM/KA/RERA/1251/310/PR/191116/003011,Sipani Pennantia,Sipani Properties Pvt Ltd,new,12.915906,77.549117,locality_name,low,"Village name ""Uttarahalli"" found in address",Uttarahalli,nan,,,6272,,,Sep 2025,2019
PRM/KA/RERA/1251/446/PR/191116/003021,Sanjeevini Vaibhav,Sanjeevini Properties Private Private Limited,new,13.109408,77.626051,locality_name,low,"Village name ""Agrahara"" found in address",Agrahara,nan,,,4577,,,Jun 2024,2019
PRM/KA/RERA/1250/304/PR/191116/003027,Av Sunrise,Aryavaridhi Projects Private Limited,new,13.459417,77.464035,village_centroid,medium,"Village Hosakote (Dod Ballapur), match 0.93, area 3.4 sq km",Hosakote,nan,,,3744,,,Sep 2025,2019
PRM/KA/RERA/1251/446/PR/191116/003028,Udaya Paradise,J.Pramila Mary,ongoing,12.999395,77.668801,portal_boundary,high,,A Narayanapura,nan,,,2175,,,Mar 2022,2019
PRM/KA/RERA/1251/309/PR/191116/002999,Dc Golden Lotus,Ramesh S,done,13.03,77.54,portal_boundary,high,,Veeramadakari,nan,,,906,,,Aug 2021,2019
PRM/KA/RERA/1251/310/PR/191116/003004,Amber Meadows,Excel Stone Developers,new,12.957527,77.731926,village_centroid,medium,"Village Balagere (Bangalore South), match 1.00, area 2.0 sq km",Whitefield,nan,,,9106,,,Mar 2023,2019
PRM/KA/RERA/1251/446/PR/191116/003008,Comfort Vimalaprabha,Comfort Builders & Developers,new,12.99,77.58,portal_boundary,high,,Vasanth Nagar,560001,,,1115,,,Sep 2023,2019
PRM/KA/RERA/1251/446/PR/191116/003029,Gr Sunshine,Corporate Leisure And Property Developments Private Limited,done,12.930036,77.72178,village_centroid,medium,"Village Chikkabellandur (Bangalore South), match 1.00, area 1.8 sq km",Varthuru,nan,,,9220,,,Jun 2023,2019
PRM/KA/RERA/1251/309/PR/191107/002988,Century Horizon,Century Star,new,13.094587,77.602893,village_centroid,medium,"Village Jakkuru Plantation (Bangalore North), match 0.97, area 1.3 sq km",Kempegowda Ward,nan,,,8093,,,Dec 2024,2019
PRM/KA/RERA/1251/446/PR/191107/002986,Poorvi Champions Height,Poorvi Infinite Private Limited,done,12.899329,77.665915,portal_boundary,high,,Doddakanahalli,nan,,,3845,,,Mar 2022,2019
PRM/KA/RERA/1251/446/PR/191107/002993,Svs Springs,M/S. Svs Developers,new,13.058658,77.696222,locality_name,low,"Village name ""Maragondanahalli"" found in address",Maragondanahalli,nan,,,5666,,,Sep 2026,2019
PRM/KA/RERA/1251/446/PR/191107/002995,Ambience Downtown,Parakite Builders Private Limited,new,13.002667,77.631333,portal_boundary,high,,Maruthi Seva Nagar,nan,,,8627,,,Dec 2024,2019
PRM/KA/RERA/1251/446/PR/191102/002984,Vaishno Lotus,M/S.Vaishno Builders,done,12.892263,77.692798,portal_boundary,high,,Gattahalli,nan,,,9717,,,Sep 2024,2019
PRM/KA/RERA/1251/446/PR/191025/002966,Adarsh Sanctuary,Shreshta Infra Projects Private Limited,new,12.908393,77.715879,village_centroid,medium,"Village Kodathi (Bangalore South), match 1.00, area 7.2 sq km",Varthuru,nan,,,81847,,,Feb 2025,2019
PRM/KA/RERA/1250/303/PR/191025/002959,Clover Villa,Lakepoint Builders Private Limited,new,13.290712,77.697317,locality_name,low,"Village name ""Devanahalli"" found in address",Devanahalli,nan,,,6346,,,Aug 2023,2019
PRM/KA/RERA/1250/303/PR/191025/002957,Villa Phase 1B,Lakepoint Builder Private Limited,done,13.290712,77.697317,locality_name,low,"Village name ""Devanahalli"" found in address",Devanahalli,nan,,,3563,,,Sep 2022,2019
PRM/KA/RERA/1251/310/PR/191025/002979,Ankuraa Lotus,M/S.Ankuraa Developers,new,12.978682,77.756824,portal_boundary,high,,Hagadur,nan,,,3943,,,Dec 2022,2019
PRM/KA/RERA/1251/310/PR/191025/002961,Sumukha Brindavan,Sri Sumukha Builders,done,12.859,77.5875,portal_boundary,high,,Gottigere,nan,,,3135,,,Sep 2022,2019
PRM/KA/RERA/1251/446/PR/191025/002955,Vista Raintree,Vistaspaces Sun (Raintree) Private Limited,new,13.029287,77.575692,portal_boundary,high,,Radhakrishna Temple Ward,nan,,,1361,,,Jun 2023,2019
PRM/KA/RERA/1251/309/PR/191025/002963,Sai Emerald,Shirdi Sai Projects,new,13.092826,77.582974,portal_boundary,high,,Yelahanka Satellite Town,nan,,,838,,,Sep 2021,2019
PRM/KA/RERA/1251/309/PR/191025/002967,Sai Shakthi Shreya,Sai Shakthi Developers,new,12.998605,77.491819,portal_boundary,high,,Herohalli,nan,,,2232,,,Sep 2022,2019
PRM/KA/RERA/1251/310/PR/191025/002977,Tirumala Homes Kodipalya,Tirumala Properties,new,12.9038,77.4877,portal_boundary,high,,Hemmigepura,nan,,,1115,,,Apr 2024,2019
PRM/KA/RERA/1250/303/PR/191025/002956,Villa Phase 1A,Lakepoint Builders Private Limited,done,13.290712,77.697317,locality_name,low,"Village name ""Devanahalli"" found in address",Devanahalli,nan,,,3264,,,Sep 2022,2019
PRM/KA/RERA/1251/446/PR/191025/002962,Sri Tirumala Silver Springs,Rathi Constructions,new,13.02,77.69,portal_boundary,high,,Medahalli,nan,,,3641,,,Mar 2023,2019
PRM/KA/RERA/1250/303/PR/191025/002958,Villa Phase 1C,Lakepoint Builders Private Limited,new,13.2373,77.700414,locality_name,low,"Village name ""Prasannahalli"" found in address",Prasannahalli,nan,,,4278,,,Feb 2023,2019
PRM/KA/RERA/1251/310/PR/191025/002960,Sai Gangothri Hill Crest,Sairam Dwellings Private Limited,new,12.93971,77.465688,portal_boundary,high,,Kommaghatta,nan,,,5323,,,Dec 2024,2019
PRM/KA/RERA/1251/446/PR/191015/002945,Sls Spring Woods,Mr.P.Shekar Reddy,done,12.91433,77.666587,village_centroid,medium,"Village Haralur (Bangalore South), match 1.00, area 3.3 sq km",Doddakanahalli,nan,,,5155,,,Sep 2021,2019
PRM/KA/RERA/1251/309/PR/191015/002909,Esteem Ramaiah,A & G Enterprises,new,13.030775,77.563585,portal_boundary,high,,Aramane Nagara,nan,,,3464,,,Sep 2024,2019
PRM/KA/RERA/1250/303/PR/191015/002912,Brundhavana Jcn Villas,Jonnareddy Chengama Naidu,ongoing,13.290712,77.697317,locality_name,low,"Village name ""Devanahalli"" found in address",Devanahalli,nan,,,9540,,,May 2023,2019
PRM/KA/RERA/1251/472/PR/191015/002947,Sashank Amogha,Sashank Constructions,done,13.109408,77.626051,village_centroid,medium,"Village Agrahara (Bangalore North), match 1.00, area 2.1 sq km",Agrahara,nan,,,2732,,,Jun 2022,2019
PRM/KA/RERA/1251/310/PR/191015/002920,Jcsv Pride,Jcsv Builders & Developers,new,12.855009,77.578369,portal_boundary,high,,Anjanapura,nan,,,3481,,,Apr 2025,2019
PRM/KA/RERA/1250/305/PR/191015/002918,Saibya Square,Saibya Structures Pvt Ltd,done,12.884705,77.624614,portal_boundary,high,,Begur,560068,,,2574,,,Sep 2023,2019
PRM/KA/RERA/1251/309/PR/191015/002923,After The Rain-Phase Iib,Total Environment Building Systems Private Limited,new,13.172834,77.60802,village_centroid,medium,"Village Bettahalsoor (Bangalore North), match 0.92, area 6.1 sq km",Bettahalsoor,nan,,,21246,,,Aug 2026,2019
PRM/KA/RERA/1251/446/PR/191015/002913,Green Prime,Green Valley Builders,new,13.191598,77.681597,village_centroid,medium,"Village Begur (Bangalore North), match 1.00, area 1.4 sq km",Begur,nan,,,4000,,,Jan 2022,2019
PRM/KA/RERA/1251/310/PR/191015/002911,Vivanta,Srivara Constructions,done,12.902484,77.534393,portal_boundary,high,,Subramanyapura,nan,,,3290,,,Jun 2022,2019
PRM/KA/RERA/1251/446/PR/191015/002919,Oak Park,E.Prabhakar,new,13.047778,77.645833,portal_boundary,high,,Horamavu,nan,,,864,,,Dec 2024,2019
PRM/KA/RERA/1251/446/PR/191015/002914,Adithi Emerald,M/S Adithi Projects,done,12.946203,77.740145,village_centroid,low,"Village Gunjur (Bangalore South), match 1.00, area 9.5 sq km",Varthuru,nan,,,5554,,,Dec 2021,2019
PRM/KA/RERA/1251/446/PR/191015/002915,Sri Gayathri Empire,Sdr Constructions,done,13.056222,77.677626,village_centroid,medium,"Village Kalkere (Bangalore South), match 1.00, area 5.4 sq km",Kalkere,nan,,,3741,,,Dec 2020,2019
PRM/KA/RERA/1251/446/PR/191015/002934,Prudent One,Prudent Infra,new,13.080922,77.66557,village_centroid,medium,"Village Kyalasanahalli (Bangalore South), match 1.00, area 2.9 sq km",Kyalasanahalli,nan,,,773,,,Nov 2023,2019
PRM/KA/RERA/1251/446/PR/190925/002906,Aishwarya Silicon,M/S.Aishwarya Buildcon Developers,ongoing,12.942471,77.679806,village_centroid,medium,"Village Bellandur (Bangalore South), match 1.00, area 2.1 sq km",Bellanduru,nan,,,1821,,,Apr 2022,2019
PRM/KA/RERA/1251/308/PR/190921/002898,Na Central Heights,Mrs.Naseemunnisa,new,12.860917,77.701053,village_centroid,medium,"Village Gulimangala (Anekal), match 1.00, area 2.8 sq km",Gulimangala,nan,,,4047,,,Sep 2021,2019
PRM/KA/RERA/1250/304/PR/190921/002900,Cjn Sai Fortune,Cjn Properties,ongoing,13.071343,77.777866,portal_boundary,high,,Dodda Amanikere,nan,,,7546,,,Mar 2023,2019
PRM/KA/RERA/1251/310/PR/190921/002899,Vandana Alpyne Projects,Vandana Alpyne Projects,new,12.902008,77.644106,portal_boundary,high,,Agara,nan,,,3557,,,Dec 2022,2019
PRM/KA/RERA/1251/308/PR/190919/002895,Green Apple Hikes,Global Edifice Developers And Builders,done,13.36635,77.525263,village_centroid,medium,"Village Thirumagondanahalli (Dod Ballapur), match 1.00, area 6.8 sq km",Thirumagondanahalli,nan,,,3260,,,Apr 2023,2019
PRM/KA/RERA/1251/446/PR/190913/002845,Sobha Dream Acres - Palm Springs Phase 16 Wing 50,Sobha Limited,new,12.991066,77.415329,locality_name,low,"Village name ""Varthur"" found in address",Varthur,nan,,,3707,,,Mar 2023,2019
PRM/KA/RERA/1251/309/PR/190913/002854,Warrior Mounts,V Rajesh,new,13.113955,77.600872,locality_name,low,"Village name ""Yelahanka"" found in address",Kempegowda Ward,nan,,,1099,,,Nov 2021,2019
PRM/KA/RERA/1251/446/PR/190913/002864,Sm Mansion,Lakshmidurga Constructions,new,13.310483,77.769409,village_centroid,medium,"Village Kondenahalli (Devanhalli), match 0.92, area 1.8 sq km",Kondenahalli,nan,,,658,,,Jul 2021,2019
PRM/KA/RERA/1251/310/PR/190913/002887,Aayodhya,Utocorp,new,12.812432,77.531133,locality_name,low,"Village name ""Gulakamale"" found in address",Gulakamale,nan,,,1770,,,Jun 2024,2019
PRM/KA/RERA/1251/309/PR/190913/002872,Atri Nest,A3 Developers,new,12.97,77.5,portal_boundary,high,,Sir M. Vishweshwaraiah,nan,,,994,,,Mar 2023,2019
PRM/KA/RERA/1251/310/PR/190913/002848,Gmc One,Grihamithra Constructions,done,13.105389,77.442521,locality_name,low,"Village name ""Kodipalya"" found in address",Kodipalya,nan,,,10027,,,Sep 2024,2019
PRM/KA/RERA/1251/446/PR/190913/002865,My Gate,M/S Mitraa Properties Rep By Mr Suresh Mr K Perumal Mr A Roche Arockiaraj,ongoing,13.056355,77.659691,village_centroid,medium,"Village Horamavu Agara (Bangalore South), match 1.00, area 3.6 sq km",Horamavu,nan,,,2019,,,Apr 2022,2019
PRM/KA/RERA/1251/309/PR/190913/002851,Varshini Rsidency,Varshini Developer,new,12.927548,77.549139,village_centroid,medium,"Village Arehalli (Bangalore South), match 1.00, area 1.3 sq km",Katriguppe,nan,,,9510,,,Sep 2024,2019
PRM/KA/RERA/1251/446/PR/190913/002869,Nikhar Aventino,Nikhar Estates Llp,new,12.915173,77.697288,portal_boundary,high,,Doddakanahalli,nan,,,12534,,,Dec 2024,2019
PRM/KA/RERA/1251/446/PR/190913/002884,Sohan Fortune,Ms/Sohan Developers,new,12.93274,77.749027,portal_boundary,high,,Varthuru,nan,,,2248,,,Dec 2021,2019
PRM/KA/RERA/1251/310/PR/190913/002856,Tirumala Meadows,Sri Tirumala Meadows,new,12.917341,77.494284,village_centroid,low,"Village Kengeri Og (Bangalore South), match 0.88, area 8.3 sq km",Bande Mutt,nan,,,1114,,,Mar 2022,2019
PRM/KA/RERA/1251/309/PR/190913/002858,Kay Arr Maverick,Kay Arr & Co,done,13.07901,77.584362,portal_boundary,high,,Yelahanka Satellite Town,nan,,,504,,,Jan 2022,2019
PRM/KA/RERA/1251/308/PR/190913/002843,Castleton Greens,Associate Dwellings Private Limited,done,12.798009,77.684049,village_centroid,medium,"Village Hennagara Amanikere (Anekal), match 1.00, area 0.3 sq km",Hennagara Amanikere,nan,,,25596,,,Sep 2022,2019
PRM/KA/RERA/1251/310/PR/190913/002859,Vanshika Sweven,Vanshika Corporation,new,12.9,77.55,portal_boundary,high,,Vasanthpura,560062,,,2946,,,Sep 2022,2019
PRM/KA/RERA/1251/309/PR/190913/002885,Vajram Newtown,Vajram Estates Private Limited,new,13.190963,77.539979,locality_name,low,"Village name ""Chokkanahalli"" found in address",Chokkanahalli,nan,,,11837,,,Dec 2023,2019
PRM/KA/RERA/1251/472/PR/190913/002889,Helio At Brigade El Dorado,Brigade Tetrarch Private Limited,new,13.052436,77.507462,locality_name,low,"Ward name ""Defence Colony"" found in address",Defence Colony,nan,,,17942,,,Sep 2024,2019
PRM/KA/RERA/1251/446/PR/190829/002840,Asn Srikaram,M/S.Ankuraa Sai Nitya Ventures,new,12.96814,77.736167,portal_boundary,high,,Whitefield,nan,,,6983,,,Apr 2024,2019
PRM/KA/RERA/1251/308/PR/190829/002827,One&Only (Phase Ii Of Gr Santhrupthi),Gr Constructions,new,12.891119,77.677336,portal_boundary,high,,Rayasandra,nan,,,5262,,,Apr 2023,2019
PRM/KA/RERA/1251/309/PR/190829/002839,Antaliea Homes 1,"C Satish Kumar, C Raghavendra And B V Sreenivasulu",new,13.113955,77.600872,locality_name,low,"Village name ""Yelahanka"" found in address",Kempegowda Ward,nan,,,33690,,,Dec 2024,2019
PRM/KA/RERA/1251/310/PR/190829/002841,Sapthagiri Vasundhara,Vasundhara Builders,ongoing,12.9018,77.4537,portal_boundary,high,,Bheemanakuppe,nan,,,6883,,,Mar 2024,2019
PRM/KA/RERA/1251/310/PR/190823/002817,Sapthagiri Vaibhava,Sapthagiri Infra,done,13.106284,77.751331,locality_name,low,"Village name ""Kodigehalli"" found in address",Kodigehalli,nan,,,1448,,,Aug 2021,2019
PRM/KA/RERA/1251/309/PR/190823/002807,Affinity Serenity,Sudhakara Reddy Annem,new,13.113955,77.600872,locality_name,low,"Village name ""Yelahanka"" found in address",Kempegowda Ward,nan,,,836,,,Feb 2022,2019
PRM/KA/RERA/1251/309/PR/190823/002810,Sashwath The Magnolia,Sashwath Prasad Ventures,new,13.06343,77.499046,portal_boundary,high,,Shettihalli,nan,,,6130,,,Dec 2022,2019
PRM/KA/RERA/1251/309/PR/190823/002803,Affinity Sowparnika,Affinity Projects,done,13.113955,77.600872,locality_name,low,"Village name ""Yelahanka"" found in address",Kempegowda Ward,nan,,,1415,,,Dec 2021,2019
PRM/KA/RERA/1251/310/PR/190823/002824,Ds Max Sista Nest,K V Satish,done,12.915906,77.549117,village_centroid,medium,"Village Uttarahalli (Bangalore South), match 1.00, area 2.8 sq km",Uttarahalli,nan,,,2529,,,Dec 2023,2019
PRM/KA/RERA/1251/472/PR/190823/002821,The Treeline By Enessen Estates & Prime One Corp,The Treeline By Enessen Estates & Prime One Corp,new,13.079633,77.599596,portal_boundary,high,,Byatarayanapura,nan,,,2720,,,Jul 2024,2019
PRM/KA/RERA/1251/446/PR/190823/002805,Celestia,Pyramid Properties,new,12.97,77.58,portal_boundary,high,,Chickpete,nan,,,2250,,,May 2022,2019
PRM/KA/RERA/1251/446/PR/190823/002825,Halcyon At Brigade Cornerstone Utopia,Mysore Projects Private Limited,new,12.991066,77.415329,locality_name,low,"Village name ""Varthur"" found in address",Varthur,nan,,,14046,,,Sep 2025,2019
PRM/KA/RERA/1251/446/PR/190823/002823,Ds Max Sunworth,Ds Max Properties Private Limited,new,13.082447,77.72356,locality_name,low,"Village name ""Bidarahalli"" found in address",Bidarahalli,nan,,,3743,,,Jun 2023,2019
PRM/KA/RERA/1251/310/PR/190823/002812,Pinnacle,Global Greens Builders And Developers S S Prasad And N Brahmananda,ongoing,13.060561,77.685388,locality_name,low,"Village name ""K Channasandra"" found in address",K Channasandra,nan,,,2478,,,Sep 2021,2019
PRM/KA/RERA/1251/310/PR/190823/002820,Centreo By Enessen Estates & Prime One Corp,Silverstream Developers Pvt Ltd,new,12.880335,77.545331,portal_boundary,high,,Hemmigepura,nan,,,10926,,,Mar 2025,2019
PRM/KA/RERA/1251/308/PR/190823/002819,Krishvi Bvl Statura,"Bvl Estate Pvt. Ltd.,",new,13.067126,77.75174,village_centroid,medium,"Village Bandapura (Bangalore South), match 1.00, area 1.0 sq km",Bandapura,nan,,,7283,,,Mar 2026,2019
PRM/KA/RERA/1251/310/PR/190809/002775,S V Paradise,S V Builders,done,12.899623,77.482697,portal_boundary,high,,Hemmigepura,nan,,,825,,,Dec 2022,2019
PRM/KA/RERA/1251/310/PR/190809/002783,Vanshika Aura,Dr. B.S. Manasa Mohan,new,12.88,77.54,portal_boundary,high,,Hemmigepura,560061,,,1463,,,Sep 2022,2019
PRM/KA/RERA/1250/304/PR/190809/002800,10X,M/S. Maz-Rd Builders And Developers Private Limited,new,13.459417,77.464035,village_centroid,medium,"Village Hosakote (Dod Ballapur), match 1.00, area 3.4 sq km",Hosakote,nan,,,1764,,,Sep 2024,2019
PRM/KA/RERA/1251/309/PR/190809/002787,Spectra Raywoods,Spectra Constructions Private Limited,done,12.994618,77.603831,portal_boundary,high,,Pulikeshinagar,nan,,,1321,,,Jun 2023,2019
PRM/KA/RERA/1251/308/PR/190809/002757,Sipani Viveza,Sipani Properties Pvt Ltd,new,12.852073,77.673656,village_centroid,medium,"Village Veerasandra (Anekal), match 1.00, area 2.1 sq km",Veerasandra,nan,,,13152,,,Aug 2025,2019
PRM/KA/RERA/1251/472/PR/190809/002785,Dsr Rr Avenues,Dsr Infra Projects,new,13.101536,77.577279,ward_centroid,low,BBMP ward 3 Someshwara Ward,Someshwara Ward,nan,,,8989,,,Oct 2023,2019
PRM/KA/RERA/1251/446/PR/190809/002793,Dsr Parkway (Phase-1),Dsr Infrastructure Pvt Ltd,new,12.946203,77.740145,village_centroid,low,"Village Gunjur (Bangalore South), match 0.92, area 9.5 sq km",Varthuru,nan,,,35656,,,Jul 2024,2019
PRM/KA/RERA/1251/309/PR/190809/002762,White Lotus Ohana,White Lotus Lifescapes Private Limited,new,12.964926,77.604894,portal_boundary,high,,Neelasandra,nan,,,1347,,,Jan 2024,2019
PRM/KA/RERA/1251/446/PR/190809/002770,The Virtuoso Club And Serviced Residences,Columbia Pacific Communities Private Limited,new,13.094216,77.750463,village_centroid,medium,"Village Bommenahalli (Bangalore South), match 1.00, area 2.6 sq km",Bommenahalli,nan,,,8195,,,Sep 2024,2019
PRM/KA/RERA/1250/304/PR/190809/002790,Slv Brindhavan,Slv Builders And Developers,new,13.079382,77.805955,portal_boundary,high,,Kannurahalli,nan,,,10016,,,Feb 2024,2019
PRM/KA/RERA/1251/446/PR/190809/002763,Zest,Bsr Projects,new,12.989141,77.768033,village_centroid,medium,"Village Hagadur (Bangalore South), match 0.93, area 3.0 sq km",Kadugodi,nan,,,1416,,,Mar 2022,2019
PRM/KA/RERA/1250/304/PR/190809/002789,Vr Gokulam - Block 'B',Vr Builders & Developers,new,13.077866,77.816616,village_centroid,medium,"Village Kannurahalli (Hoskote), match 1.00, area 4.5 sq km",Kannurahalli,nan,,,3844,,,Mar 2022,2019
PRM/KA/RERA/1251/446/PR/190809/002801,Dsr Parkway (Phase 2),Dsr Infrastructure Pvt Ltd,new,12.946203,77.740145,locality_name,low,"Village name ""Gunjur"" found in address",Varthuru,nan,,,4812,,,Oct 2025,2019
PRM/KA/RERA/1251/446/PR/190809/002788,Spectra Raaya,Spectra Constructions Private Limited,new,12.961197,77.7304,portal_boundary,high,,Whitefield,nan,,,17323,,,Mar 2025,2019
PRM/KA/RERA/1251/446/PR/190731/002749,Blue Meadows,S2 Developers,done,13.016236,77.72787,portal_boundary,high,,Basavanapura,560049,,,1857,,,Sep 2021,2019
PRM/KA/RERA/1251/446/PR/190731/002752,Nava Subha Samruddhi,M/S Nava Jyothi Shelters Private Limited,done,13.018105,77.659342,village_centroid,medium,"Village Banasavadi (Bangalore South), match 1.00, area 2.9 sq km",Babusab Palya,nan,,,2530,,,Sep 2021,2019
PRM/KA/RERA/1251/446/PR/190731/002751,Earth N Sky,Geetanjali Urbanx Private Limited,new,13.016269,77.767663,portal_boundary,high,,Kadgodi Nmct,560067,,,12735,,,Mar 2023,2019
PRM/KA/RERA/1251/446/PR/190731/002753,Jose Esperanca,M/S Sindhuri Infra Projects,new,13.011518,77.692491,ward_centroid,low,BBMP ward 86 K R Puram,K R Puram,nan,,,1211,,,Apr 2022,2019
PRM/KA/RERA/1251/446/PR/190726/002737,Keystone Dsr Riviera,M/S Keystone Projects,new,12.926098,77.729227,portal_boundary,high,,Varthuru,nan,,,4348,,,Jun 2024,2019
PRM/KA/RERA/1251/310/PR/190726/002733,Gopalan Florenza,Gopalan Enterprises,new,12.89924,77.509058,portal_boundary,high,,Badamanavarthekaval,nan,,,25039,,,Jan 2023,2019
PRM/KA/RERA/1251/309/PR/190725/002730,Vaibhav Pride,M/S. Vaibhav Developers,new,12.99221,77.542301,locality_name,low,"Ward name ""Basaveshwara Nagar"" found in address",Basaveshwara Nagar,nan,,,612,,,Aug 2021,2019
PRM/KA/RERA/1251/472/PR/190724/002727,Royal Castle,Rays Rock Builders & Developers,new,13.079126,77.631192,portal_boundary,high,,Kogilu,nan,,,1190,,,Jan 2023,2019
PRM/KA/RERA/1251/310/PR/190724/002723,Slv Royal Homes,Slv Shelters Pvt Ltd,new,13.0,77.56,portal_boundary,high,,Gayithri Nagar,nan,,,749,,,Dec 2021,2019
PRM/KA/RERA/1251/310/PR/190724/002716,Peace Sapphire,A Peace Projects Llp,done,12.954473,77.534983,portal_boundary,high,,Gali Anjenaya Temple ward,nan,,,915,,,Dec 2022,2019
PRM/KA/RERA/1250/304/PR/190724/002725,Birla Alokya,Birla Estates Pvt Ltd,new,13.021666,77.787244,village_centroid,medium,"Village Koralur (Hoskote), match 0.93, area 2.5 sq km",Koralur,nan,,,32041,,,May 2024,2019
PRM/KA/RERA/1251/310/PR/190724/002717,Elegant Altima,Elegant Altima,new,12.915906,77.549117,village_centroid,medium,"Village Uttarahalli (Bangalore South), match 1.00, area 2.8 sq km",Uttarahalli,nan,,,10432,,,Aug 2023,2019
PRM/KA/RERA/1251/446/PR/190724/002724,Aparna Maple,Aparna Constructions And Estates Pvt Ltd,new,13.335095,77.747484,village_centroid,medium,"Village Narayanapura (Devanhalli), match 0.96, area 1.4 sq km",Narayanapura,nan,,,13434,,,Sep 2024,2019
PRM/KA/RERA/1251/310/PR/190722/002704,Shyam Signature,Subhsan Propman Private Limited,new,12.86163,77.597952,portal_boundary,high,,Kalena Agrahara,nan,,,964,,,Mar 2023,2019
PRM/KA/RERA/1251/446/PR/190722/002710,Ds Max Sovereign,Ds Max Properties Private Limited,new,13.054543,77.709125,village_centroid,medium,"Village Halehalli (Bangalore South), match 1.00, area 1.2 sq km",Halehalli,nan,,,7992,,,Mar 2024,2019
PRM/KA/RERA/1251/310/PR/190722/002709,Prestige Elysian,Prestige Nottinghill Investments,new,12.886643,77.606622,village_centroid,medium,"Village Hulimavu Og (Bangalore South), match 0.89, area 2.5 sq km",Arakere,nan,,,25786,,,Sep 2023,2019
PRM/KA/RERA/1251/310/PR/190722/002706,Mvs Royal Gardens,Mvs Builders,new,12.99221,77.542301,ward_centroid,low,BBMP ward 144 Basaveshwara Nagar,Basaveshwara Nagar,nan,,,4119,,,Jun 2024,2019
PRM/KA/RERA/1251/310/PR/190722/002705,Gr Green Line,G R Infra,done,12.898745,77.582572,village_centroid,medium,"Village Chunchaghatta (Bangalore South), match 1.00, area 1.0 sq km",Puttenahalli - Sarakki Lake,nan,,,5585,,,Nov 2021,2019
PRM/KA/RERA/1251/310/PR/190722/002703,Ravi Shantha,Shree Associates,new,13.330656,77.538585,locality_name,low,"Village name ""Mallathahalli"" found in address",Mallathahalli,nan,,,793,,,Oct 2021,2019
PRM/KA/RERA/1251/446/PR/190719/002701,Boulevard Residences,Silvertree Projects Llp,new,13.058958,77.629236,portal_boundary,high,,Thanisandra,nan,,,1080,,,Mar 2023,2019
PRM/KA/RERA/1251/310/PR/190719/002695,Dhaneshwari Divine,Sri Dhaneshwari Builders,ongoing,12.915464,77.496728,portal_boundary,high,,Bande Mutt,nan,,,1087,,,Jul 2021,2019
PRM/KA/RERA/1250/304/PR/190719/002702,Provident Capella 2,Provident Housing Limited,new,12.99258,77.805476,portal_boundary,high,,Hemmandahalli,nan,,,3689,,,Jun 2025,2019
PRM/KA/RERA/1251/308/PR/190715/002689,Shriram 107 Southeast - Phase 2,Shriprop Living Space Private Limited,new,13.138083,77.600064,village_centroid,medium,"Village Manchenahalli (Bangalore North), match 0.93, area 0.8 sq km",Manchenahalli,nan,,,73349,,,Mar 2025,2019
PRM/KA/RERA/1251/472/PR/190715/002686,Sln Meadows,Sln Developers,done,13.077436,77.64008,locality_name,low,"Village name ""Thanisandra"" found in address",Thanisandra,nan,,,2408,,,Dec 2022,2019
PRM/KA/RERA/1251/446/PR/190712/002684,Ambaram Homes,Arr Developers,new,12.93787,77.73733,portal_boundary,high,,Varthuru,nan,,,2029,,,Feb 2020,2019
PRM/KA/RERA/1251/446/PR/190712/002681,Icon Sn Luxuri,Icon Costructions,new,13.007857,77.532527,ward_centroid,low,BBMP ward 54 Jai Maruthinagara,Jai Maruthinagara,nan,,,4755,,,Jan 2023,2019
PRM/KA/RERA/1251/310/PR/190711/002664,Adarsh Astria,Adarsh Developers,new,12.910085,77.555492,locality_name,low,"Village name ""Subramanyapura"" found in address",Vikram Nagar,nan,,,3540,,,Nov 2023,2019
PRM/KA/RERA/1250/303/PR/190711/002665,Abhi Homes,Abhi Developers,new,13.236306,77.708216,village_centroid,medium,"Village Bychapura (Devanhalli), match 0.94, area 1.2 sq km",Bychapura,nan,,,8902,,,Dec 2024,2019
PRM/KA/RERA/1251/446/PR/190711/002667,Akshaya Temple Tree,Akshaya Builders Developers Promoters,new,12.96,77.71,portal_boundary,high,,AECS Layout,nan,,,9535,,,Jan 2023,2019
PRM/KA/RERA/1251/446/PR/190711/002666,Unnathi Vaibhavi,M/S Bhoo Developers Represented By Mr A M Ganeshan Mr K Perumal Mr Akshay Mrs B Shubha,new,13.056355,77.659691,village_centroid,medium,"Village Horamavu Agara (Bangalore South), match 1.00, area 3.6 sq km",Horamavu,nan,,,8689,,,Mar 2023,2019
PRM/KA/RERA/1251/310/PR/190711/002659,Mantri Tranquil,Mantri Developers Private Limited,ongoing,12.915906,77.549117,locality_name,low,"Village name ""Uttarahalli"" found in address",Uttarahalli,nan,,,829,,,Apr 2025,2019
PRM/KA/RERA/1251/310/PR/190711/002660,Snr Mayfair,Snr Square Pvt Ltd,new,12.917019,77.652268,village_centroid,medium,"Village Haralukunte (Bangalore South), match 1.00, area 3.6 sq km",Ibluru,nan,,,1271,,,Apr 2021,2019
PRM/KA/RERA/1251/310/PR/190706/002657,Rain Bow Oaks,Rainvas Infraa,done,12.866298,77.624332,portal_boundary,high,,Mylasandra,560068,,,4046,,,Aug 2022,2019
PRM/KA/RERA/1251/310/PR/190706/002656,Indus Kaveri,Indus Developers,new,12.870422,77.606089,village_centroid,medium,"Village Kammanahalli (Bangalore South), match 1.00, area 2.6 sq km",Hulimavu,nan,,,1341,,,May 2023,2019
PRM/KA/RERA/1251/446/PR/190706/002655,A.S.R.S Paradise,A.S. Builders,new,13.038376,77.77353,village_centroid,medium,"Village Seegehalli (Bangalore South), match 1.00, area 3.3 sq km",Seegehalli,nan,,,1718,,,Jan 2021,2019
PRM/KA/RERA/1251/446/PR/190704/002646,Sekhar Alturas,Sekhar Builders And Infratech Pvt Ltd,new,13.00881,77.740413,portal_boundary,high,,Sadaramangala,nan,,,7638,,,Sep 2023,2019
PRM/KA/RERA/1251/446/PR/190704/002647,Concorde Auriga,Concorde Housing Corporation Pvt Ltd,new,13.347159,77.5445,village_centroid,medium,"Village Medihalli (Dod Ballapur), match 1.00, area 1.8 sq km",Medihalli,nan,,,17213,,,Jun 2026,2019
PRM/KA/RERA/1251/309/PR/190628/002633,Navanaami Lavender,Navanaami Project Pvt Ltd,new,13.08397,77.618449,portal_boundary,high,,Jakkuru,nan,,,3700,,,Dec 2022,2019
PRM/KA/RERA/1251/310/PR/190626/002629,Gp Aditya,Vijaya Lakshmi Constructions,new,12.927904,77.639367,portal_boundary,high,,Koramangala,nan,,,1672,,,Dec 2023,2019
PRM/KA/RERA/1251/309/PR/190626/002626,Neeraja Serenity,Neeraja Developers And Promoters,new,13.039553,77.676225,portal_boundary,high,,Kalkere,nan,,,12835,,,Dec 2022,2019
PRM/KA/RERA/1251/446/PR/190625/002624,Splendid Sree Durga,Splendid Properties,done,12.997964,77.754573,portal_boundary,high,,Kadugodi,nan,,,4742,,,Sep 2022,2019
PRM/KA/RERA/1251/446/PR/190625/002623,Nava Vaibhava A Block,M/S Navajyothi Constructions Represented By K Murali Babu,done,13.044189,77.666132,village_centroid,medium,"Village Horamavu (Bangalore South), match 1.00, area 3.4 sq km",Kalkere,nan,,,5542,,,Sep 2023,2019
PRM/KA/RERA/1251/446/PR/190614/002600,Adithya Lujoso,Adithya Constructions,done,12.972435,77.766685,village_centroid,medium,"Village Sorahunise (Bangalore South), match 0.90, area 1.8 sq km",Hagadur,nan,,,7925,,,Sep 2022,2019
PRM/KA/RERA/1251/309/PR/190614/002602,Renaissance Reserva,Renaissance Holdings And Developers Private Limited,new,12.882644,77.570798,village_centroid,medium,"Village Alahalli (Bangalore South), match 0.94, area 1.7 sq km",Anjanapura,nan,,,10358,,,Jun 2024,2019
PRM/KA/RERA/1251/310/PR/190614/002607,Sumukha Vriddhi,Sumukha Ventures,new,12.870422,77.606089,locality_name,low,"Village name ""Kammanahalli"" found in address",Hulimavu,nan,,,2528,,,May 2022,2019
PRM/KA/RERA/1251/310/PR/190614/002617,Vbhc Palmhaven - 2 Block -A,Vbhc Mumbai Value Homes Pvt Ltd,new,12.897818,77.48708,village_centroid,medium,"Village Doddabele (Bangalore South), match 1.00, area 1.6 sq km",Hemmigepura,nan,,,13990,,,Jul 2023,2019
PRM/KA/RERA/1251/446/PR/190614/002604,Aadya Serene,M/S. Just Natural,new,13.077436,77.64008,village_centroid,medium,"Village Thanisandra (Bangalore South), match 1.00, area 3.7 sq km",Thanisandra,nan,,,5032,,,Jan 2024,2019
PRM/KA/RERA/1250/303/PR/190614/002610,Kino @ Brigade Orchards,Bcv Developers Pvt Ltd,new,13.290712,77.697317,village_centroid,medium,"Village Devanahalli (Devanhalli), match 1.00, area 0.5 sq km",Devanahalli,nan,,,13961,,,Jun 2024,2019
PRM/KA/RERA/1251/472/PR/190614/002612,Sankalp Square,Sankalp Constructions Private Limited,new,13.049279,77.568847,portal_boundary,high,,Kodigehalli,nan,,,13152,,,Mar 2025,2019
PRM/KA/RERA/1251/446/PR/190614/002609,The Shiva Shakthi Spring Fields,M/S. Shivashakthi Builders,new,13.061312,77.314001,locality_name,low,"Village name ""Mahadevapura"" found in address",Mahadevapura,nan,,,5058,,,Jan 2022,2019
PRM/KA/RERA/1251/309/PR/190614/002621,Prestige Woodland Park,Prestige Estates Projects Limited,done,13.031353,77.561328,ward_centroid,low,BBMP ward 59 Mattikere,Mattikere,nan,,,6068,,,Sep 2022,2019
PRM/KA/RERA/1251/309/PR/190614/002619,Bollineni Astra,Beekay Dreamlands Private Limited,new,13.119102,77.618066,village_centroid,medium,"Village Kogilu (Bangalore North), match 1.00, area 3.6 sq km",Kogilu,nan,,,15985,,,Sep 2024,2019
PRM/KA/RERA/1250/301/PR/190612/002599,Fifth Element,New Dimensions,done,12.929022,77.72959,portal_boundary,high,,Varthuru,nan,,,3440,,,Sep 2022,2019
PRM/KA/RERA/1250/304/PR/190606/002596,Provident Capella 1,Provident Housing Limited,new,12.991943,77.804715,portal_boundary,high,,Hemmandahalli,nan,,,20288,,,Sep 2024,2019
PRM/KA/RERA/1251/446/PR/190606/002595,Sld Surya,M/S. Sree Lalithadevi Developers & Constructions,new,13.039038,77.740005,village_centroid,medium,"Village Kurudusonnenahalli (Bangalore South), match 1.00, area 0.9 sq km",Kurudusonnenahalli,nan,,,1338,,,Dec 2021,2019
PRM/KA/RERA/1251/446/PR/190531/002593,Living Harmony,Nagamani Constructions,new,12.978205,77.734663,village_centroid,medium,"Village Siddapura (Bangalore South), match 1.00, area 1.6 sq km",Belathur,nan,,,5449,,,Nov 2022,2019
PRM/KA/RERA/1251/308/PR/190531/002591,Oxygen,D J Projects Private Limited,new,12.901968,77.767962,village_centroid,medium,"Village Chambenahalli (Anekal), match 1.00, area 2.4 sq km",Chambenahalli,nan,,,11229,,,Dec 2024,2019
PRM/KA/RERA/1251/310/PR/190531/002592,Anand Alpine,Anand Group,new,12.857,77.556667,portal_boundary,high,,Kannaikana Agrahara,nan,,,7309,,,Dec 2024,2019
PRM/KA/RERA/1251/310/PR/190529/002585,Provident Equinox 2,Provident Housing Limited,new,12.882554,77.471161,portal_boundary,high,,Kambipura,nan,,,8433,,,Jun 2024,2019
PRM/KA/RERA/1251/446/PR/190525/002575,Uber Verdant - Ii,Mana Projects Private Limited,new,12.906971,77.701457,portal_boundary,high,,Doddakanahalli,nan,,,27518,,,Jun 2024,2019
PRM/KA/RERA/1251/472/PR/190525/002577,Royal Meadows,Ar Developers & Builders,new,13.084734,77.625915,village_centroid,medium,"Village Sriramapura (Bangalore North), match 0.95, area 1.1 sq km",Kogilu,nan,,,762,,,Sep 2019,2019
PRM/KA/RERA/1251/446/PR/190525/002581,Godrej Lake Gardens,Wonder Projects Development Private Limited,new,12.918997,77.677399,village_centroid,medium,"Village Kasavanahalli (Bangalore South), match 0.93, area 2.7 sq km",Doddakanahalli,nan,,,25191,,,May 2025,2019
PRM/KA/RERA/1251/310/PR/190525/002576,"Provident Equinox 1 (4N, 4P, 4Q, 4R)",Provident Housing Limited,new,12.882666,77.470952,portal_boundary,high,,Kambipura,nan,,,14032,,,Dec 2023,2019
PRM/KA/RERA/1251/308/PR/190523/002566,Godrej 24,"Manyata Industrial Parks Llp.,",new,12.871261,77.787979,locality_name,low,"Village name ""Sarjapura"" found in address",Sarjapura,nan,,,24331,,,Jun 2025,2019
PRM/KA/RERA/1251/309/PR/190517/002555,Rohan Upavan - Phase 4,Rohan Builders,new,13.080922,77.66557,village_centroid,medium,"Village Kyalasanahalli (Bangalore South), match 1.00, area 2.9 sq km",Kyalasanahalli,nan,,,3659,,,Jun 2026,2019
PRM/KA/RERA/1251/309/PR/190517/002554,Rohan Upavan - Phase 3,Rohan Builders,done,13.080922,77.66557,village_centroid,medium,"Village Kyalasanahalli (Bangalore South), match 1.00, area 2.9 sq km",Kyalasanahalli,nan,,,24293,,,Jun 2024,2019
PRM/KA/RERA/1251/309/PR/190517/002556,Rohan Upavan - Phase 5,Rohan Builders,new,13.080922,77.66557,village_centroid,medium,"Village Kyalasanahalli (Bangalore South), match 1.00, area 2.9 sq km",Kyalasanahalli,nan,,,9089,,,Jun 2026,2019
PRM/KA/RERA/1251/309/PR/190517/002557,Rohan Upavan - Phase 3A,Rohan Builders,done,13.080922,77.66557,village_centroid,medium,"Village Kyalasanahalli (Bangalore South), match 1.00, area 2.9 sq km",Kyalasanahalli,nan,,,5600,,,Jun 2024,2019
PRM/KA/RERA/1251/309/PR/190517/002553,Rohan Upavan - Phase 2,Rohan Builders,done,13.080922,77.66557,village_centroid,medium,"Village Kyalasanahalli (Bangalore South), match 1.00, area 2.9 sq km",Kyalasanahalli,nan,,,3749,,,Dec 2023,2019
PRM/KA/RERA/1251/310/PR/190517/002559,Mbm Mande Villa,Mbm Developers,new,12.915906,77.549117,locality_name,low,"Village name ""Uttarahalli"" found in address",Uttarahalli,nan,,,2826,,,May 2021,2019
PRM/KA/RERA/1251/310/PR/190516/002552,Thanushree Sannidhi,Thanushree Properties,done,12.923394,77.485696,locality_name,low,"Ward name ""Kengeri"" found in address",Kengeri,nan,,,2023,,,May 2020,2019
PRM/KA/RERA/1251/309/PR/190506/002550,Ltcel Raintree Boulevard Cl5,L&T Realty Developers Limited,new,13.081329,77.596296,village_centroid,medium,"Village Byatarayanapura Og (Bangalore North), match 0.93, area 1.6 sq km",Byatarayanapura,nan,,,28498,,,Sep 2024,2019
PRM/KA/RERA/1251/446/PR/190506/002549,Prestige North Point,Prestige Kammanahalli Investments,done,13.024075,77.703813,ward_centroid,low,BBMP ward 87 Medahalli,Medahalli,nan,,,5794,,,Sep 2022,2019
PRM/KA/RERA/1251/446/PR/190504/002547,63 Degree East - Tower B,Apg Intelli Homes Private Limited,new,12.908393,77.715879,village_centroid,medium,"Village Kodathi (Bangalore South), match 1.00, area 7.2 sq km",Varthuru,560035,,,9147,,,Jun 2023,2019
PRM/KA/RERA/1251/309/PR/190427/002538,Salarpuria-Sattva Exotic,Salarpuria Real Estates Private Limited,new,13.038249,77.881801,village_centroid,medium,"Village Kattigenahalli (Hoskote), match 1.00, area 3.5 sq km",Kattigenahalli,nan,,,18469,,,Aug 2024,2019
PRM/KA/RERA/1251/472/PR/190427/002540,Gallium At Brigade El Dorado,Brigade Tetrarch Private Limited,new,13.155494,77.675964,locality_name,low,"Village name ""Bagalur"" found in address",Bagalur,nan,,,17395,,,Sep 2024,2019
PRM/KA/RERA/1251/309/PR/190427/002539,Vario Homes,"Karle Homes Pvt Ltd.,",new,13.11276,77.503171,locality_name,low,"Village name ""Kempapura"" found in address",Kempapura,nan,,,12755,,,Dec 2025,2019
PRM/KA/RERA/1251/446/PR/190424/002530,Creative Shree Vikas,M/S. Creative And Vikas Builders,new,13.078525,77.629199,village_centroid,medium,"Village Rachenahalli (Bangalore South), match 1.00, area 2.6 sq km",Jakkuru,nan,,,5362,,,Dec 2023,2019
PRM/KA/RERA/1251/446/PR/190423/002529,Sumadhura Soham Phase Ii,Sumadhura Infracon Private Limited,done,12.97923,77.638563,portal_boundary,high,,Hoysala Nagar,nan,,,2554,,,Sep 2019,2019
PRM/KA/RERA/1251/309/PR/190412/002524,Tower 7 One Bangalore West,"Palladium Constructions Pvt. Ltd.,",new,13.035539,77.580303,ward_centroid,low,BBMP ward 67 Sanjaya Nagar,Sanjaya Nagar,nan,,,67488,,,Nov 2024,2019
PRM/KA/RERA/1250/302/PR/190410/002523,Prime Symphony,Prime Estates,new,12.80934,77.408813,village_centroid,medium,"Village Billakempanahalli (Ramanagaram), match 1.00, area 3.5 sq km",Billakempanahalli,nan,,,12702,,,Nov 2024,2019
PRM/KA/RERA/1251/309/PR/190410/002520,Gm North Enclave,M/S. Allam Infinite India Private Limited,new,13.190963,77.539979,village_centroid,medium,"Village Chokkanahalli (Bangalore North), match 1.00, area 1.8 sq km",Chokkanahalli,nan,,,15553,,,Apr 2024,2019
PRM/KA/RERA/1251/309/PR/190410/002521,Laksh Heights,Laksh Heights,ongoing,12.999257,77.493002,locality_name,low,"Village name ""Herohalli"" found in address",Herohalli,nan,,,1983,,,Jan 2020,2019
PRM/KA/RERA/1251/310/PR/190410/002522,Amitha Wisdom Homes,Cadabams Senior Dwelling Llp,new,12.812432,77.531133,village_centroid,medium,"Village Gulakamale (Bangalore South), match 1.00, area 4.4 sq km",Gulakamale,nan,,,5260,,,Dec 2024,2019
PRM/KA/RERA/1251/310/PR/190401/002519,Smr Crystal,Smr Infra,new,12.89248,77.587262,locality_name,low,"Village name ""Kothnur"" found in address",Vinayakanagar,nan,,,1799,,,Sep 2021,2019
PRM/KA/RERA/1251/308/PR/190330/002519,Shriram Liberty Square,Shriprop Developers Private Limited,new,12.830693,77.703161,portal_boundary,high,,Heelalige,nan,,,24277,,,Nov 2024,2019
PRM/KA/RERA/1251/308/PR/190330/002510,Columbia Aaltius,Columbia Developers Pvt Ltd,new,12.837776,77.664204,pin_centroid,low,PIN 560100 median of 23 located projects,Gollahalli,560100,,,5856,,,Sep 2026,2019
PRM/KA/RERA/1251/310/PR/190330/002511,Surya Spaces,M/S Surya Builders,done,13.191598,77.681597,village_centroid,medium,"Village Begur (Bangalore North), match 1.00, area 1.4 sq km",Begur,nan,,,2023,,,Sep 2021,2019
PRM/KA/RERA/1251/446/PR/190330/002516,Aanvi Alps,Aanvi Infrastructure,new,12.897435,77.703939,portal_boundary,high,,Bengaluru East,nan,,,2023,,,Sep 2023,2019
PRM/KA/RERA/1250/304/PR/190330/002512,J P Lotus,J P Housing Corporation,done,13.459417,77.464035,village_centroid,medium,"Village Hosakote (Dod Ballapur), match 1.00, area 3.4 sq km",Hosakote,nan,,,3243,,,Oct 2021,2019
PRM/KA/RERA/1251/446/PR/190330/002513,Glorious - A1,Esther Chandy,new,13.080922,77.66557,village_centroid,medium,"Village Kyalasanahalli (Bangalore South), match 0.96, area 2.9 sq km",Kyalasanahalli,nan,,,1821,,,Nov 2024,2019
PRM/KA/RERA/1251/310/PR/190328/002502,Ds-Max Sky Supreme,Ds- Max Properties Private Limited,new,13.139577,77.941812,locality_name,low,"Village name ""Gerahalli"" found in address",Gerahalli,nan,,,9102,,,Sep 2024,2019
PRM/KA/RERA/1251/310/PR/190328/002500,Prestige Song Of The South -Phase-2,Prestige Estates Projects Limited,done,12.876371,77.621056,village_centroid,medium,"Village Yelenahalli (Bangalore South), match 1.00, area 1.8 sq km",Kalena Agrahara,nan,,,133443,,,Feb 2023,2019
PRM/KA/RERA/1251/309/PR/190328/002497,Akira Apartment (Nanjundeshwara Enclave),S V Consultants And Engineers,ongoing,12.97325,77.4908,portal_boundary,high,,Doddagollarahatti,560091,,,854,,,Dec 2020,2019
PRM/KA/RERA/1251/310/PR/190327/002496,Sai Nandana Grandeur,Sai Nandana Properties,done,12.856804,77.59653,portal_boundary,high,,Kalena Agrahara,nan,,,8599,,,Mar 2022,2019
PRM/KA/RERA/1251/446/PR/190327/002496,Gopalan Aqua,Gopalan Enterprises,new,12.978855,77.758063,portal_boundary,high,,Kadugodi,nan,,,19322,,,Jun 2024,2019
PRM/KA/RERA/1251/310/PR/190326/002492,Vasundara,Vara Constructions,new,12.896824,77.525296,portal_boundary,high,,Subramanyapura,nan,,,6804,,,Dec 2021,2019
PRM/KA/RERA/1251/309/PR/190314/002489,Cardinal One,Cardinal Energy And Infrastructure Private Limited,ongoing,13.078221,77.5734,ward_centroid,low,BBMP ward 11 Byatarayanapura,Byatarayanapura,nan,,,7450,,,Jun 2023,2019
PRM/KA/RERA/1251/310/PR/190307/002487,Sai Krupa,Shree Sai Developers,new,12.868851,77.621814,portal_boundary,high,,Mylasandra,nan,,,3237,,,Oct 2021,2019
PRM/KA/RERA/1251/310/PR/190307/002489,Wind Flower,M/S Golden Mark,new,13.330656,77.538585,village_centroid,medium,"Village Mallathahalli (Dod Ballapur), match 1.00, area 3.2 sq km",Mallathahalli,nan,,,936,,,Oct 2021,2019
PRM/KA/RERA/1251/310/PR/190307/002488,Slv Ideal Nest,S L V Shelters Pvt Ltd,new,13.00996,77.516006,portal_boundary,high,,Rajeshwari Nagar,nan,,,767,,,Nov 2021,2019
PRM/KA/RERA/1251/310/PR/190305/002472,Torino,Suadela Constructions Private Limited,new,12.887076,77.632699,village_centroid,medium,"Village Begur (Bangalore South), match 1.00, area 7.6 sq km",Devarachikkanahalli,560068,,,1781,,,Mar 2023,2019
PRM/KA/RERA/1251/446/PR/190305/002469,Mashri Prajavani,Mashri Buildtech Llp,new,13.047158,77.649238,village_centroid,medium,"Village Chelakere (Bangalore South), match 1.00, area 1.6 sq km",Horamavu,nan,,,964,,,Mar 2022,2019
PRM/KA/RERA/1251/472/PR/190301/002456,Preeti Proximity,Preeti Developers Pvt Ltd,new,13.087716,77.618695,portal_boundary,high,,Jakkuru,nan,,,910,,,Jun 2021,2019
PRM/KA/RERA/1251/446/PR/190301/002464,Sangam Grand,Ds Max Properties Private Limited,new,13.038376,77.77353,village_centroid,medium,"Village Seegehalli (Bangalore South), match 1.00, area 3.3 sq km",Seegehalli,nan,,,10420,,,Dec 2023,2019
PRM/KA/RERA/1251/446/PR/190301/002458,Aaptha Landmark,Aaptha Ventures,new,13.101494,77.665328,village_centroid,medium,"Village Chikkagubbi (Bangalore South), match 1.00, area 1.7 sq km",Chikkagubbi,nan,,,3566,,,Nov 2021,2019
PRM/KA/RERA/1251/309/PR/190301/002457,Elegant Exotica,Elegant Builders And Developers,new,13.107866,77.578095,portal_boundary,high,,Someshwara Ward,nan,,,4659,,,Dec 2021,2019
PRM/KA/RERA/1251/446/PR/190226/002455,R Sun Palazzo,M/S.Laniban Ventures,new,12.990419,77.726273,village_centroid,medium,"Village Kundalhalli Og (Bangalore South), match 0.88, area 2.8 sq km",Hudi,nan,,,1590,,,Sep 2022,2019
PRM/KA/RERA/1251/446/PR/190226/002454,Rsun Clover,Sudhir Salalgundla,new,12.92901,77.699256,village_centroid,medium,"Village Doddakannalli (Bangalore South), match 1.00, area 4.1 sq km",Munnekollala,nan,,,2822,,,Sep 2022,2019
PRM/KA/RERA/1251/446/PR/190223/002449,"Sobha Dream Acres - Tropical Greens Phase 25 Wing 32, 33 And 34",Sobha Limited,new,12.957527,77.731926,locality_name,low,"Village name ""Balagere"" found in address",Whitefield,nan,,,18300,,,Mar 2025,2019
PRM/KA/RERA/1251/446/PR/190223/002448,"Sobha Dream Acres - Tropical Greens Phase 26 Wing 35, 36, 37 And 38",Sobha Limited,new,12.957527,77.731926,locality_name,low,"Village name ""Balagere"" found in address",Whitefield,nan,,,21554,,,Sep 2024,2019
PRM/KA/RERA/1251/310/PR/190222/002446,Dnr Springleaf,Dnr Corporation Pvt Ltd,new,12.758811,77.365505,locality_name,low,"Village name ""Ivagilu"" found in address",Ivagilu,nan,,,2780,,,Sep 2023,2019
PRM/KA/RERA/1251/308/PR/190222/002447,Sri Infra Heights,Sri Infra Structures,new,12.867654,77.692087,village_centroid,medium,"Village Chikkanagamangala (Anekal), match 1.00, area 3.7 sq km",Chikkanagamangala,nan,,,2023,,,Dec 2020,2019
PRM/KA/RERA/1251/310/PR/190222/002441,Evita,Suadela Constructions Pvt Ltd,new,12.887076,77.632699,village_centroid,medium,"Village Begur (Bangalore South), match 1.00, area 7.6 sq km",Devarachikkanahalli,560068,,,1076,,,Mar 2023,2019
PRM/KA/RERA/1251/446/PR/190222/002442,Sbb Sapphire,Lohith Chandra Reddy,done,12.97,77.75,portal_boundary,high,,Whitefield,nan,,,6096,,,Aug 2023,2019
PRM/KA/RERA/1251/309/PR/190222/002445,Arine Golden Bells,M/S.Arine Structures,new,13.080773,77.502483,village_centroid,medium,"Village Sidedahalli (Bangalore North), match 0.96, area 1.1 sq km",Sidedahalli,nan,,,1544,,,Apr 2022,2019
PRM/KA/RERA/1251/472/PR/190222/002444,Hinduja El Jardin,Hinduja Projects,new,13.127458,77.731211,village_centroid,medium,"Village Thirumalenahalli (Bangalore South), match 0.87, area 0.7 sq km",Thirumalenahalli,nan,,,13059,,,Mar 2027,2019
PRM/KA/RERA/1251/309/PR/190220/002436,Agastya,Ishtika Homes Private Limited,new,13.054596,77.497996,portal_boundary,high,,Bagalakunte,nan,,,3066,,,Sep 2022,2019
PRM/KA/RERA/1251/309/PR/190220/002440,Sai Bhuvan,M/S Sai Surya Developers,new,13.080037,77.549207,portal_boundary,high,,Kuvempunagar,nan,,,892,,,Aug 2021,2019
PRM/KA/RERA/1251/446/PR/190220/002435,Mathrusri’S Sai Sanvi Grandeur,Sai Developers,new,13.011665,77.67631,locality_name,low,"Ward name ""Ramamurthy Nagara"" found in address",Ramamurthy Nagara,nan,,,5327,,,Sep 2022,2019
PRM/KA/RERA/1251/472/PR/190220/002430,Elements 5,Preeti Developers Pvt Ltd,new,13.07406,77.620588,portal_boundary,high,,Jakkuru,nan,,,3057,,,Jul 2022,2019
PRM/KA/RERA/1251/310/PR/190220/002439,Shree Sai Anugraha Apartments,Gk Engineers & Contractors,done,12.90675,77.58955,portal_boundary,high,,Sarakki,nan,,,611,,,Nov 2021,2019
PRM/KA/RERA/1251/310/PR/190220/002433,Master Royal Meenakshi,Master Ventures Pvt Ltd,new,12.886643,77.606622,village_centroid,medium,"Village Hulimavu Og (Bangalore South), match 0.89, area 2.5 sq km",Arakere,nan,,,4046,,,Jun 2023,2019
PRM/KA/RERA/1251/308/PR/190219/002418,Om Sai Heritage,Om Sai Developers,new,12.873113,77.761316,village_centroid,medium,"Village Kadagrahara (Anekal), match 1.00, area 1.1 sq km",Kadagrahara,nan,,,1003,,,May 2021,2019
PRM/KA/RERA/1251/310/PR/190219/002428,Sri Nanjundeshwara Residency Rr 6,Sri Nanjundeswara Developers,ongoing,12.92422,77.519119,portal_boundary,high,,Jnana Bharathi,nan,,,1099,,,May 2022,2019
PRM/KA/RERA/1251/446/PR/190219/002389,Saroj Iris,M/S.Saroj Builders,done,12.946203,77.740145,village_centroid,low,"Village Gunjur (Bangalore South), match 1.00, area 9.5 sq km",Varthuru,nan,,,2978,,,Sep 2022,2019
PRM/KA/RERA/1251/308/PR/190219/002429,Arka Iris Grand,S Gajendra Char,new,12.793056,77.680286,portal_boundary,high,,Hinnakki,nan,,,2023,,,Nov 2023,2019
PRM/KA/RERA/1250/304/PR/190219/002386,Shilpitha Royal Oak,Maithri Developers,new,13.106284,77.751331,locality_name,low,"Village name ""Kodigehalli"" found in address",Kodigehalli,nan,,,3136,,,Jun 2021,2019
PRM/KA/RERA/1251/309/PR/190219/002392,Pioneer Krs Park Royal,Krs Evergreen Structures,new,12.929202,77.49968,portal_boundary,high,,Jnana Bharathi,nan,,,19796,,,Sep 2024,2019
PRM/KA/RERA/1251/446/PR/190219/002398,Ellen,Ubernest Developers Llp,new,12.962116,77.598028,portal_boundary,high,,Shantala Nagar,560025,,,776,,,Sep 2022,2019
PRM/KA/RERA/1251/309/PR/190219/002384,Trivik Windwalk,Shri Aruna Constructions Pvt Ltd,done,13.102992,77.559826,portal_boundary,high,,Atturu Layout,nan,,,5650,,,Mar 2019,2019
PRM/KA/RERA/1251/310/PR/190219/002385,Mahaveer Trident,Reddy Structures Private Limited,new,12.881863,77.648257,village_centroid,medium,"Village Basapura (Bangalore South), match 1.00, area 0.9 sq km",HSR - Singasandra,nan,,,9693,,,Sep 2023,2019
PRM/KA/RERA/1251/308/PR/190219/002394,Celebrity Pride Avenue,Celebrity Structures India Pvt Ltd,new,12.817987,77.774487,locality_name,low,"Village name ""Arenur"" found in address",Arenur,nan,,,2117,,,Dec 2022,2019
PRM/KA/RERA/1251/310/PR/190219/002413,V6 Shelterss,V 6 Shelterss,new,12.891466,77.542067,portal_boundary,high,,Subramanyapura,nan,,,3964,,,Sep 2022,2019
PRM/KA/RERA/1251/446/PR/190219/002408,Kvg Grandeur,Kvg Manjunath Managing Partner Of K V G Builders And Developers,done,13.056222,77.677626,village_centroid,medium,"Village Kalkere (Bangalore South), match 1.00, area 5.4 sq km",Kalkere,nan,,,1516,,,Dec 2019,2019
PRM/KA/RERA/1251/310/PR/190219/002391,Cbr Aavani,M/S. Cbr Constructions,new,12.919584,77.642347,village_centroid,medium,"Village Yellukunte Og (Bangalore South), match 0.91, area 1.1 sq km",Agara,nan,,,2428,,,Apr 2022,2019
PRM/KA/RERA/1251/446/PR/190215/002373,Acacia,M/S.Ssvr Builders & Developers,new,12.954635,77.713511,village_centroid,medium,"Village Panathur (Bangalore South), match 1.00, area 3.3 sq km",Munnekollala,nan,,,7789,,,Sep 2024,2019
PRM/KA/RERA/1251/310/PR/190215/002374,Navami Landmaark,Mn Landmaark,new,12.934223,77.513111,portal_boundary,high,,Jnana Bharathi,nan,,,14909,,,Aug 2024,2019
PRM/KA/RERA/1251/446/PR/190215/002379,Jayani Paradise,M/S Jayani Builders And Developers,new,13.061312,77.314001,locality_name,low,"Village name ""Mahadevapura"" found in address",Mahadevapura,nan,,,9509,,,Jul 2022,2019
PRM/KA/RERA/1251/309/PR/190215/002377,Navami Vruksha,Navami Vruksha,done,13.01863,77.548041,portal_boundary,high,,Marappana Palya,nan,,,1591,,,Feb 2022,2019
PRM/KA/RERA/1251/310/PR/190215/002378,Shakti Springs,Shakti Homes,new,12.874502,77.65184,village_centroid,medium,"Village Chikkathoguru (Bangalore South), match 0.96, area 1.8 sq km",HSR - Singasandra,nan,,,5210,,,Mar 2023,2019
PRM/KA/RERA/1251/446/PR/190213/002370,Ssvr Iris,M/S. Ssvr Builders,done,12.954635,77.713511,village_centroid,medium,"Village Panathur (Bangalore South), match 1.00, area 3.3 sq km",Munnekollala,nan,,,916,,,Dec 2018,2019
PRM/KA/RERA/1251/308/PR/190213/002369,Src Blue Bells,Sunka Reddy Constructions Pvt Ltd,new,12.844424,77.694002,village_centroid,medium,"Village Kammasandra (Anekal), match 1.00, area 2.7 sq km",Kammasandra,nan,,,6300,,,Sep 2021,2019
PRM/KA/RERA/1251/446/PR/190211/002367,Mc Fortune,M/S Mc Builders,new,13.011665,77.67631,ward_centroid,low,BBMP ward 84 Ramamurthy Nagara,Ramamurthy Nagara,nan,,,11043,,,Jun 2023,2019
PRM/KA/RERA/1251/446/PR/190211/002366,Slv Diamond,G.S.Raghunath Reddy,ongoing,13.054678,77.667519,portal_boundary,high,,Bengaluru East,nan,,,1081,,,Jan 2020,2019
PRM/KA/RERA/1251/446/PR/190207/002361,Krish Eiranwen,Krish Infrastructures,done,13.018074,77.72521,portal_boundary,high,,Basavanapura,nan,,,1721,,,May 2022,2019
PRM/KA/RERA/1251/308/PR/190207/002359,Pnr Pride,Narasimha Enterprises And Pnr Builders & Developers,ongoing,12.799937,77.779014,village_centroid,medium,"Village Indlabele (Anekal), match 1.00, area 3.8 sq km",Indlabele,nan,,,4350,,,Dec 2019,2019
PRM/KA/RERA/1251/309/PR/190207/002365,Bren Northern Lights,Bren Corporation Private Limited,new,13.094745,77.608558,portal_boundary,high,,Kogilu,nan,,,30756,,,Mar 2023,2019
PRM/KA/RERA/1251/309/PR/190207/002364,Purnima Palmgrove,Purnima Constructions,done,12.91433,77.666587,village_centroid,medium,"Village Haralur (Bangalore South), match 0.92, area 3.3 sq km",Doddakanahalli,nan,,,2526,,,Mar 2021,2019
PRM/KA/RERA/1251/310/PR/190207/002360,Balaji Shelters,Sri Balaji Developers,done,12.90613,77.510386,portal_boundary,high,,Badamanavarthekaval,nan,,,1438,,,Feb 2021,2019
PRM/KA/RERA/1251/446/PR/190207/002363,Sobha Royal Pavilion Phase 3 - Wing 16,Sobha Limited,new,12.910521,77.703272,village_centroid,medium,"Village Hadusiddapura (Bangalore South), match 0.92, area 0.9 sq km",Munnekollala,nan,,,10927,,,Jun 2024,2019
PRM/KA/RERA/1251/446/PR/190207/002362,"Sobha Royal Pavilion Phase 7 - Wing 12, 13 And 14",Sobha Limited,new,12.910521,77.703272,village_centroid,medium,"Village Hadusiddapura (Bangalore South), match 0.92, area 0.9 sq km",Munnekollala,nan,,,16123,,,Jun 2026,2019
PRM/KA/RERA/1251/310/PR/190205/002354,Ambiant Asset Home,Ambiant Ventures,ongoing,12.950447,77.581893,ward_centroid,low,BBMP ward 174 Vishveshwara Puram,Vishveshwara Puram,nan,,,1399,,,Mar 2020,2019
PRM/KA/RERA/1251/308/PR/190205/002352,Sri Nandana Royal,Sri Nandana Builders,done,12.838405,77.703828,village_centroid,medium,"Village Andapura (Anekal), match 1.00, area 1.0 sq km",Andapura,nan,,,8600,,,Dec 2021,2019
PRM/KA/RERA/1251/446/PR/190205/002357,Sobha Royal Pavilion Phase 6 - Wing 10 And 11,Sobha Limited,new,12.910521,77.703272,village_centroid,medium,"Village Hadusiddapura (Bangalore South), match 0.92, area 0.9 sq km",Munnekollala,nan,,,10616,,,Jun 2026,2019
PRM/KA/RERA/1251/446/PR/190205/002356,"Sobha Royal Pavilion Phase 4 - Wing 1, 2 And 3",Sobha Limited,new,12.910521,77.703272,village_centroid,medium,"Village Hadusiddapura (Bangalore South), match 0.92, area 0.9 sq km",Munnekollala,nan,,,16123,,,Jun 2024,2019
PRM/KA/RERA/1251/446/PR/190204/002341,Sobha Royal Pavilion Phase 5 - Wing 8 And 9,Sobha Limited,new,12.910521,77.703272,village_centroid,medium,"Village Hadusiddapura (Bangalore South), match 0.92, area 0.9 sq km",Munnekollala,nan,,,10846,,,Jun 2026,2019
PRM/KA/RERA/1251/472/PR/190204/002350,Purva Atmosphere,Puravankara Limited,new,13.0636,77.63535,portal_boundary,high,,Hennur Og,nan,,,51849,,,Dec 2025,2019
PRM/KA/RERA/1251/446/PR/190204/002340,Sobha Royal Pavilion Phase 2 - Wing 4 And 5,Sobha Limited,new,12.910521,77.703272,village_centroid,medium,"Village Hadusiddapura (Bangalore South), match 0.92, area 0.9 sq km",Munnekollala,nan,,,10616,,,Jun 2024,2019
PRM/KA/RERA/1251/446/PR/190204/002332,Chethana Heritage,Chethana Builders,done,12.990526,77.689392,portal_boundary,high,,Mahadevapura,nan,,,1920,,,Feb 2020,2019
PRM/KA/RERA/1251/310/PR/190204/002327,Prashanti Balu Enclave,Rajarajeshware Builddcon Pvt Ltd,done,12.964804,77.556682,ward_centroid,low,BBMP ward 167 Jagajivanaram Nagar,Jagajivanaram Nagar,nan,,,804,,,Jan 2022,2019
PRM/KA/RERA/1251/446/PR/190204/002338,Sobha Royal Pavilion Phase 1 - Wing 6 And 7,Sobha Limited,new,12.910521,77.703272,village_centroid,medium,"Village Hadusiddapura (Bangalore South), match 0.92, area 0.9 sq km",Munnekollala,nan,,,10846,,,Jun 2024,2019
PRM/KA/RERA/1251/310/PR/190204/002344,Venkatadri Residency,Sri Sai Builders,new,12.911678,77.50742,portal_boundary,high,,Hemmigepura,nan,,,902,,,Dec 2019,2019
PRM/KA/RERA/1251/446/PR/190204/002339,Sobha Royal Pavilion Phase 8 - Wing 15,Sobha Limited,new,12.910521,77.703272,village_centroid,medium,"Village Hadusiddapura (Bangalore South), match 0.92, area 0.9 sq km",Munnekollala,nan,,,10927,,,Jun 2026,2019
PRM/KA/RERA/1251/309/PR/190131/002325,Mont Zion,M/S. Churchill & Jerry Infrastructure,new,13.127458,77.731211,village_centroid,medium,"Village Thirumalenahalli (Bangalore South), match 0.93, area 0.7 sq km",Thirumalenahalli,nan,,,4249,,,Sep 2022,2019
PRM/KA/RERA/1251/446/PR/190131/002323,Sv Elegant,M/S. Venkateshwara Builders,new,13.026991,77.753623,village_centroid,medium,"Village Kumbena Agrahara (Bangalore South), match 1.00, area 1.2 sq km",Kumbena Agrahara,nan,,,3757,,,Sep 2022,2019
PRM/KA/RERA/1251/446/PR/190131/002315,Sbr Tejas,Sbr Habiitat Llp,ongoing,13.147778,77.562227,village_centroid,medium,"Village Avalahalli (Bangalore North), match 1.00, area 3.1 sq km",Avalahalli,nan,,,5179,,,Sep 2022,2019
PRM/KA/RERA/1251/310/PR/190130/002313,Ds Max - Sage,Ds Max Realty Private Limited,new,13.080922,77.66557,village_centroid,medium,"Village Kyalasanahalli (Bangalore South), match 1.00, area 2.9 sq km",Kyalasanahalli,nan,,,3954,,,Oct 2021,2019
PRM/KA/RERA/1251/446/PR/190130/002312,Sky Grand,Ds Max Properties Private Limited,new,13.056222,77.677626,village_centroid,medium,"Village Kalkere (Bangalore South), match 1.00, area 5.4 sq km",Kalkere,nan,,,11938,,,Dec 2024,2019
PRM/KA/RERA/1251/310/PR/190129/002307,Provident Park Square 4,Puravankara Limited,new,12.862575,77.541668,portal_boundary,high,,Hemmigepura,nan,,,6787,,,May 2024,2019
PRM/KA/RERA/1251/310/PR/190129/002310,Purva Westend 2 (Block F),Purva Star Properties Private Limited,new,12.89041,77.637634,portal_boundary,high,,Rupenaagrahara,nan,,,1383,,,Dec 2022,2019
PRM/KA/RERA/1251/446/PR/190129/002309,Sbr Keerthi,Sbr Habiitat Llp,ongoing,13.076373,77.760845,village_centroid,medium,"Village Katamnallur (Bangalore South), match 1.00, area 0.2 sq km",Katamnallur,nan,,,10708,,,Jul 2023,2019
PRM/KA/RERA/1251/446/PR/190129/002306,Elv Grace,Elv Developers,new,13.082447,77.72356,locality_name,low,"Village name ""Bidarahalli"" found in address",Bidarahalli,nan,,,1142,,,Dec 2019,2019
PRM/KA/RERA/1251/309/PR/190129/002311,Purva Zenium 1,Puravankara Limited,new,13.145062,77.639076,portal_boundary,high,,Sathanaoor,nan,,,24125,,,Dec 2024,2019
PRM/KA/RERA/1251/308/PR/190125/002304,Gm Orchid Enclave,Infinite Builders & Developers,new,13.101934,77.443287,pin_centroid,low,PIN 562123 median of 3 located projects,Nagarur,562123,,,16187,,,Jul 2024,2019
PRM/KA/RERA/1251/446/PR/190125/002302,Ssvr Crescent,M/S. Ssvr Builders,new,12.969657,77.770852,portal_boundary,high,,Gullakaipura,nan,,,3033,,,Sep 2022,2019
PRM/KA/RERA/1251/446/PR/190123/002296,Disha Courtyard,Dishagarden View Llp,done,12.974035,77.756688,portal_boundary,high,,Kadugodi,nan,,,14740,,,Sep 2022,2019
PRM/KA/RERA/1251/310/PR/190123/002297,Epitome Elan,Epitome Builders Private Limited,new,12.896425,77.583434,pin_centroid,low,PIN 560078 median of 9 located projects,Puttenahalli - Sarakki Lake,560078,,,9689,,,Sep 2024,2019
PRM/KA/RERA/1251/309/PR/190114/002288,Surbacon Aspen,Surbacon Development Pvt Ltd,done,13.086037,77.62426,portal_boundary,high,,Kogilu,nan,,,1970,,,Mar 2019,2019
PRM/KA/RERA/1251/446/PR/190114/002292,Vrushabhadri Mountain,Sanathana Properties India Pvt Ltd,new,12.989141,77.768033,village_centroid,medium,"Village Hagadur (Bangalore South), match 1.00, area 3.0 sq km",Kadugodi,nan,,,3336,,,Sep 2021,2019
PRM/KA/RERA/1251/446/PR/190114/002290,Lvs Heights,Lvs Builders And Developers,new,13.054543,77.709125,village_centroid,medium,"Village Halehalli (Bangalore South), match 1.00, area 1.2 sq km",Halehalli,nan,,,7220,,,Sep 2023,2019
PRM/KA/RERA/1251/309/PR/190108/002282,Renaissance Shanks Sunnyside,Renaissance Holdings And Developers Private Limited,done,13.113955,77.600872,locality_name,low,"Village name ""Yelahanka"" found in address",Kempegowda Ward,nan,,,891,,,Feb 2022,2019
PRM/KA/RERA/1251/310/PR/190108/002281,Anika Redwood Homes,Anika Developers,done,12.960685,77.52013,portal_boundary,high,,Nagarabhavi,nan,,,3635,,,Sep 2022,2019
PRM/KA/RERA/1251/310/PR/190107/002278,Royal Sunrise,Abs Builders And Developers,ongoing,13.099554,77.717957,locality_name,low,"Village name ""Kammasandra"" found in address",Kammasandra,nan,,,1481,,,Dec 2020,2019
PRM/KA/RERA/1250/304/PR/190107/002280,Unique Feronia,Unique Construction,new,13.077866,77.816616,village_centroid,medium,"Village Kannurahalli (Hoskote), match 1.00, area 4.5 sq km",Kannurahalli,nan,,,7840,,,May 2023,2019
PRM/KA/RERA/1251/309/PR/190102/002269,"Sobha Dream Gardens Phase 2 – Wing 5, 6 And 7",Sobha Limited,new,13.113955,77.600872,locality_name,low,"Village name ""Yelahanka"" found in address",Kempegowda Ward,nan,,,21347,,,Nov 2024,2019
PRM/KA/RERA/1251/309/PR/190102/002277,Godrej Aqua,Godrej Properties Limited,new,13.157384,77.65096,village_centroid,medium,"Village Hosahalli (Bangalore North), match 0.90, area 4.0 sq km",Hosahalli,nan,,,30250,,,Oct 2024,2019
PRM/KA/RERA/1251/446/PR/190102/002271,Pursuit Of A Radical Rhapsody Phase 2,Total Environment Habitat Private Limited,new,13.023166,77.653447,ward_centroid,low,BBMP ward 82 Babusab Palya,Babusab Palya,nan,,,28131,,,Mar 2027,2019
PRM/KA/RERA/1251/446/PR/190102/002267,Elegant Mount Sinnai,Elegant Properties,ongoing,13.035084,77.639936,portal_boundary,high,,Hennur,nan,,,3456,,,Dec 2019,2019
PRM/KA/RERA/1251/310/PR/190102/002274,Pioneer Eternis,Pioneerdevelopers,new,13.139577,77.941812,locality_name,low,"Village name ""Gerahalli"" found in address",Gerahalli,nan,,,837,,,Oct 2018,2019
PRM/KA/RERA/1251/446/PR/181226/002262,Krishna Kruthi Cr Pride,Uthrankar Constructions,new,13.052436,77.507462,ward_centroid,low,BBMP ward 19 Defence Colony,Defence Colony,nan,,,515,,,Jul 2021,2018
PRM/KA/RERA/1251/472/PR/181226/002261,Sri Krishna Shrine,B Satish Naidu,done,13.104005,77.552932,locality_name,low,"Village name ""Chikkabettahalli"" found in address",Chikkabettahalli,nan,,,1290,,,Apr 2022,2018
PRM/KA/RERA/1251/446/PR/181226/002250,Hi Life Homes - Nature,Hi Life Homes,new,13.007713,77.748354,portal_boundary,high,,Belathur,nan,,,9307,,,May 2020,2018
PRM/KA/RERA/1251/310/PR/181226/002248,Slv,Slv Builders & Developers,new,12.894521,77.614467,portal_boundary,high,,Bilekhalli,nan,,,4032,,,May 2021,2018
PRM/KA/RERA/1251/446/PR/181226/002237,Pavani Sarovar Phase 2,Anjani Constructions,new,12.403943,77.427645,village_centroid,low,"Village Nallahalli (Kankapura), match 0.91, area 13.0 sq km",Nallahalli,nan,,,9083,,,Aug 2019,2018
PRM/KA/RERA/1251/446/PR/181226/002245,Sanjeevini Sanctuary,M/S.Sanjeevini Projects,done,12.993595,77.741317,village_centroid,medium,"Village Nallurhalli Og (Bangalore South), match 0.92, area 2.4 sq km",Belathur,nan,,,2575,,,Sep 2023,2018
PRM/KA/RERA/1251/446/PR/181226/002259,Mighty Meadows,M/S.Mighty Homes,new,13.026991,77.753623,village_centroid,medium,"Village Kumbena Agrahara (Bangalore South), match 0.96, area 1.2 sq km",Kumbena Agrahara,nan,,,4046,,,Mar 2021,2018
PRM/KA/RERA/1250/302/PR/181226/002263,Magnolia Cedar Court,Universal Developers,new,13.122528,77.575024,ward_centroid,low,BBMP ward 2 Chowdeswari Ward,Chowdeswari Ward,nan,,,2179,,,Feb 2023,2018
PRM/KA/RERA/1251/446/PR/181226/002241,Sankalp Manor,Ds Max Properties Private Limited,new,13.056222,77.677626,village_centroid,medium,"Village Kalkere (Bangalore South), match 1.00, area 5.4 sq km",Kalkere,nan,,,8253,,,Mar 2023,2018
PRM/KA/RERA/1251/446/PR/181226/002243,Srivari Kutira,M/S.Srivari Infra,new,12.989141,77.768033,village_centroid,medium,"Village Hagadur (Bangalore South), match 1.00, area 3.0 sq km",Kadugodi,nan,,,999,,,Sep 2021,2018
PRM/KA/RERA/1251/309/PR/181226/002239,Tetra Grand'S Green Admire 'B' Block,Tetra Grand Constructions,ongoing,13.080922,77.66557,village_centroid,medium,"Village Kyalasanahalli (Bangalore South), match 1.00, area 2.9 sq km",Kyalasanahalli,nan,,,757,,,Jun 2019,2018
PRM/KA/RERA/1251/310/PR/181226/002255,G R Gardenia,G R Promoters,done,13.058658,77.696222,village_centroid,medium,"Village Maragondanahalli (Bangalore South), match 1.00, area 2.0 sq km",Maragondanahalli,nan,,,5514,,,Jun 2020,2018
PRM/KA/RERA/1251/446/PR/181219/002229,Sovereign Unnathi,Sovereign Developer And Infrastructure Limited,ongoing,13.03387,77.67031,portal_boundary,high,,Kalkere,nan,,,43519,,,Dec 2019,2018
PRM/KA/RERA/1251/446/PR/181219/002236,Eden At Brigade Cornerstone Utopia,Mysore Projects Private Limited,new,12.991066,77.415329,village_centroid,medium,"Village Varthur (Bangalore South), match 1.00, area 1.2 sq km",Varthur,nan,,,28112,,,Mar 2024,2018
PRM/KA/RERA/1251/310/PR/181219/002235,Habitat Aura,Hv Ventures Projects Pvt Ltd,new,13.208505,77.532345,village_centroid,medium,"Village Arakere (Bangalore North), match 0.88, area 4.3 sq km",Arakere,nan,,,13747,,,Dec 2024,2018
PRM/KA/RERA/1251/308/PR/181215/002227,Sashank Advaith,M. Ramesh,done,12.891656,77.681812,portal_boundary,high,,Rayasandra,nan,,,2023,,,Oct 2019,2018
PRM/KA/RERA/1251/308/PR/181215/002218,K B Residency,Kataria Builteck Pvt Ltd,ongoing,13.080922,77.66557,locality_name,low,"Village name ""Kyalasanahalli"" found in address",Kyalasanahalli,nan,,,6677,,,Apr 2018,2018
PRM/KA/RERA/1250/304/PR/181215/002224,Vr Shobha Meadows,Vr Residency Pvt Ltd,new,13.459417,77.464035,village_centroid,medium,"Village Hosakote (Dod Ballapur), match 0.89, area 3.4 sq km",Hosakote,nan,,,8346,,,Dec 2019,2018
PRM/KA/RERA/1251/446/PR/181215/002222,Asn Serenity,Aaspire Mansions Private Limited,ongoing,13.058692,77.718531,village_centroid,medium,"Village Kithiganur (Bangalore South), match 0.89, area 3.6 sq km",Kithiganur,nan,,,4147,,,Jul 2019,2018
PRM/KA/RERA/1251/310/PR/181215/002221,Classic Amrutha,Gag Builders And Developers,ongoing,12.885864,77.551406,locality_name,low,"Village name ""Vajarahalli"" found in address",Vasanthpura,nan,,,2301,,,Dec 2019,2018
PRM/KA/RERA/1251/310/PR/181215/002216,Ds Max Sista,Ds Max Realty Pvt Ltd,done,12.957316,77.616588,ward_centroid,low,BBMP ward 184 Vannarapete,Vannarapete,nan,,,3035,,,Feb 2019,2018
PRM/KA/RERA/1251/446/PR/181215/002225,Yd Exotica,M/S.Yd Builders,done,12.997499,77.503112,ward_centroid,low,BBMP ward 27 Sunkadakatte,Sunkadakatte,nan,,,3035,,,Sep 2021,2018
PRM/KA/RERA/1251/309/PR/181215/002215,Fortuna Viva,Fortuna Buildcon India Private Limited,ongoing,13.119102,77.618066,village_centroid,medium,"Village Kogilu (Bangalore North), match 1.00, area 3.6 sq km",Kogilu,nan,,,21710,,,Jun 2019,2018
PRM/KA/RERA/1251/310/PR/181210/002207,Ajmera Nucleus Phase 1 (Residential - A & B Wing),Ajmera Housing Corporation Bangalore,new,12.874533,77.678504,village_centroid,medium,"Village Doddanagamangala (Bangalore South), match 0.94, area 2.3 sq km",Doddanagamangala,nan,,,11315,,,Sep 2023,2018
PRM/KA/RERA/1251/308/PR/181210/002200,Balaji Elite,Surendra Babu P,done,12.810924,77.686405,village_centroid,medium,"Village Kachanaikanahalli (Anekal), match 0.97, area 2.1 sq km",Kachanaikanahalli,nan,,,2225,,,Dec 2019,2018
PRM/KA/RERA/1251/446/PR/181210/002211,Adarsh Tranqville,Varin Infra Projects Private Limited,new,13.08,77.66,portal_boundary,high,,Byrathi,nan,,,57338,,,May 2022,2018
PRM/KA/RERA/1251/309/PR/181210/002204,Ltcel Raintree Boulevard Cl4,L&T Realty Developers Limited,done,13.078221,77.5734,locality_name,low,"Ward name ""Byatarayanapura"" found in address",Byatarayanapura,nan,,,10532,,,Sep 2022,2018
PRM/KA/RERA/1251/310/PR/181210/002213,Good Earth Medley,Good Earth Eco Communities Private Limited,new,12.88664,77.465435,portal_boundary,high,,Kambipura,nan,,,15849,,,Dec 2022,2018
PRM/KA/RERA/1251/308/PR/181210/002203,King George Avenue,Bright Wave Projects Private Limited,new,12.838593,77.781292,portal_boundary,high,,S Medihalli,nan,,,13051,,,May 2022,2018
PRM/KA/RERA/1251/446/PR/181210/002198,Adarsh Pinecourt,Varin Infra Projects Private Limited,new,13.08,77.66,portal_boundary,high,,Byrathi,nan,,,16693,,,Nov 2023,2018
PRM/KA/RERA/1251/309/PR/181210/002201,Trendsquares Ortus - Phase Ii,Trendsquares Constructions,done,13.064273,77.590494,pin_centroid,low,PIN 560092 median of 5 located projects,Byatarayanapura,560092,,,11158,,,Sep 2022,2018
PRM/KA/RERA/1251/446/PR/181210/002205,T G Arte,M/S T G Arte Construction,new,12.886804,77.647144,portal_boundary,high,,Kudlu,nan,,,5970,,,Jan 2022,2018
PRM/KA/RERA/1251/446/PR/181210/002206,Assetz Marq Building 2 - Tower 5,Assetz Whitefield Homes Private Limited,new,13.048654,77.771644,village_centroid,medium,"Village Kannamangala (Bangalore South), match 1.00, area 2.7 sq km",Kannamangala,560067,,,35587,,,Aug 2023,2018
PRM/KA/RERA/1251/309/PR/181204/002195,Prestige Willow Tree,Prestige Estates Projects Limited,new,13.0747,77.55853,locality_name,low,"Ward name ""Vidyaranyapura"" found in address",Vidyaranyapura,nan,,,27249,,,Mar 2023,2018
PRM/KA/RERA/1251/472/PR/181130/002193,Casa Grande Lorenza,Casa Grande Garden City Builders Pvt Ltd,done,13.110306,77.64499,village_centroid,medium,"Village Bellahalli (Bangalore North), match 1.00, area 1.9 sq km",Bellahalli,nan,,,9823,,,Jul 2022,2018
PRM/KA/RERA/1251/446/PR/181122/002137,Alta Monte,B S Nesara,done,12.915126,77.669317,portal_boundary,high,,Doddakanahalli,nan,,,892,,,Dec 2020,2018
PRM/KA/RERA/1251/446/PR/181122/002162,Saroj Sridham,Saroj Infrastructures,new,12.981616,77.525428,ward_centroid,low,BBMP ward 149 Kaveripura,Kaveripura,nan,,,977,,,Apr 2021,2018
PRM/KA/RERA/1251/446/PR/181122/002161,Serene Gardens,Jacob Koshy Cherukara,new,13.085714,77.658199,village_centroid,medium,"Village Byrathi (Bangalore South), match 1.00, area 2.4 sq km",Byrathi,nan,,,5390,,,Apr 2022,2018
PRM/KA/RERA/1251/472/PR/181122/002171,Urban Flora,Sri Mahalakshmi Constructions,done,13.106284,77.751331,village_centroid,medium,"Village Kodigehalli (Bangalore South), match 1.00, area 0.8 sq km",Kodigehalli,nan,,,2514,,,Sep 2021,2018
PRM/KA/RERA/1251/308/PR/181122/002156,Shriram 107 Southeast,Shriprop Living Space Private Limited,new,13.138083,77.600064,village_centroid,medium,"Village Manchenahalli (Bangalore North), match 0.93, area 0.8 sq km",Manchenahalli,nan,,,73349,,,Jul 2025,2018
PRM/KA/RERA/1251/308/PR/181122/002157,Iconest 3,Iconcauvery Llp,done,12.810924,77.686405,village_centroid,medium,"Village Kachanaikanahalli (Anekal), match 0.97, area 2.1 sq km",Kachanaikanahalli,nan,,,8391,,,Mar 2022,2018
PRM/KA/RERA/1251/446/PR/181122/002158,Atz Estrella,Atz Properties,new,12.991066,77.415329,village_centroid,medium,"Village Varthur (Bangalore South), match 1.00, area 1.2 sq km",Varthur,nan,,,5564,,,Sep 2022,2018
PRM/KA/RERA/1251/446/PR/181122/002147,Kpl Garden,Retreat Properties,done,13.056222,77.677626,locality_name,low,"Village name ""Kalkere"" found in address",Kalkere,nan,,,4553,,,Dec 2020,2018
PRM/KA/RERA/1251/446/PR/181122/002163,Kingston Royale,Kingston Properties,new,12.852525,77.592475,village_centroid,medium,"Village Basavanapura (Bangalore South), match 1.00, area 1.6 sq km",Gottigere,nan,,,3232,,,Jun 2021,2018
PRM/KA/RERA/1251/446/PR/181122/002135,Satyadeva Mejesty,Satyadeva Builders And Developers,done,12.941678,77.706673,village_centroid,medium,"Village Bhoganahalli (Bangalore South), match 1.00, area 2.7 sq km",Munnekollala,nan,,,1923,,,Sep 2021,2018
PRM/KA/RERA/1251/446/PR/181122/002143,Casa Flora,M/S. Lh Realty Tech,new,13.056355,77.659691,village_centroid,medium,"Village Horamavu Agara (Bangalore South), match 1.00, area 3.6 sq km",Horamavu,nan,,,2332,,,Sep 2022,2018
PRM/KA/RERA/1251/309/PR/181122/002152,Brigade Parkside North,Brigade Enterprises Ltd,done,13.136035,77.559703,village_centroid,medium,"Village Ramagondanahalli (Bangalore North), match 0.91, area 2.1 sq km",Ramagondanahalli,nan,,,21548,,,Sep 2022,2018
PRM/KA/RERA/1251/446/PR/181122/002164,Shreyas Samruddhi,M/S.Shreyas Ventures,new,12.885222,77.56256,locality_name,low,"Village name ""Thippasandra"" found in address",Konanakunte,nan,,,598,,,Sep 2020,2018
PRM/KA/RERA/1251/446/PR/181122/002146,Saritha Fortune,M/S.Saritha Developers,done,12.981616,77.525428,ward_centroid,low,BBMP ward 149 Kaveripura,Kaveripura,nan,,,1922,,,Sep 2021,2018
PRM/KA/RERA/1251/446/PR/181122/002144,Elv Kingsland,Elv Projects Pvt Ltd,new,12.991657,77.755276,village_centroid,medium,"Village White Field Og (Bangalore South), match 0.91, area 1.9 sq km",Belathur,nan,,,9105,,,Sep 2023,2018
PRM/KA/RERA/1251/309/PR/181122/002167,Sobha Rajvilas,Sobha Limited,new,13.150785,77.42351,locality_name,low,"Village name ""Gopalapura"" found in address",Gopalapura,nan,,,10892,,,Mar 2025,2018
PRM/KA/RERA/1251/309/PR/181122/002165,Sobha Dream Gardens Phase 1 – Wing 8 And 9,Sobha Limited,new,13.110306,77.64499,village_centroid,medium,"Village Bellahalli (Bangalore North), match 0.95, area 1.9 sq km",Bellahalli,nan,,,14799,,,Nov 2024,2018
PRM/KA/RERA/1251/446/PR/181122/002176,Serene At Brigade Cornerstone Utopia,Mysore Projects Private Limited,done,12.991066,77.415329,locality_name,low,"Village name ""Varthur"" found in address",Varthur,nan,,,53237,,,Mar 2024,2018
PRM/KA/RERA/1251/472/PR/181122/002177,Flowing Tree,Axis Concepts Capstone Pvt. Ltd.,new,12.814724,77.609024,village_centroid,medium,"Village Nallasandra (Anekal), match 0.95, area 1.2 sq km",Nallasandra,nan,,,8905,,,Jan 2025,2018
PRM/KA/RERA/1251/446/PR/181122/002160,Saranya Sreshta,Saranya Properties Pvt Ltd,done,13.011665,77.67631,ward_centroid,low,BBMP ward 84 Ramamurthy Nagara,Ramamurthy Nagara,nan,,,2023,,,Sep 2022,2018
PRM/KA/RERA/1251/309/PR/181122/002168,Slv Gardenia,Slv Constructions,done,12.984947,77.498125,village_centroid,medium,"Village Gidadakonenahalli (Bangalore North), match 0.97, area 1.6 sq km",Sir M. Vishweshwaraiah,nan,,,3094,,,Jul 2022,2018
PRM/KA/RERA/1251/310/PR/181122/002142,Gunina Mellow,Gunina Structures,done,12.8,77.5,portal_boundary,high,,Chudahalli,nan,,,1943,,,Nov 2020,2018
PRM/KA/RERA/1251/446/PR/181122/002134,The Marquis,Aswan Ventures,ongoing,13.034697,77.671876,ward_centroid,low,BBMP ward 83 Kalkere,Kalkere,nan,,,1987,,,Jun 2019,2018
PRM/KA/RERA/1251/446/PR/181122/002138,Zonasha Elegance -Ii,M/S. Zonasha Estates And Projects,done,12.898859,77.668276,portal_boundary,high,,Doddakanahalli,nan,,,8397,,,Jan 2021,2018
PRM/KA/RERA/1251/309/PR/181122/002151,Ds Max Synergy,Ds Max Properties Private Limited,new,13.109408,77.626051,village_centroid,medium,"Village Agrahara (Bangalore North), match 1.00, area 2.1 sq km",Agrahara,nan,,,11969,,,Sep 2023,2018
PRM/KA/RERA/1250/301/PR/181122/002141,Bhuvi Developers,Bhuvi Developers,done,13.178992,77.583412,locality_name,low,"Village name ""Thimmasandra"" found in address",Thimmasandra,nan,,,93936,,,May 2018,2018
PRM/KA/RERA/1251/446/PR/181122/002145,Rhbl Prakrithi,Raghunath R,ongoing,13.054806,77.667791,portal_boundary,high,,Bengaluru East,nan,,,1981,,,Jun 2021,2018
PRM/KA/RERA/1251/446/PR/181122/002140,Galaxy One,Galaxy Developers,new,13.038376,77.77353,locality_name,low,"Village name ""Seegehalli"" found in address",Seegehalli,nan,,,2756,,,Dec 2019,2018
PRM/KA/RERA/1251/310/PR/181122/002139,Concorde Luxepolis,Concorde Housing Corporation Pvt Ltd,new,12.936828,77.569018,locality_name,low,"Ward name ""Basavanagudi"" found in address",Basavanagudi,nan,,,4315,,,Sep 2024,2018
PRM/KA/RERA/1251/446/PR/181122/002179,Sjr Primecorporation Pvt Ltd Palazza Ph3,Sjr Primecorporation Pvt Ltd,ongoing,12.991066,77.415329,locality_name,low,"Village name ""Varthur"" found in address",Varthur,nan,,,42705,,,Sep 2019,2018
PRM/KA/RERA/1251/309/PR/181109/002131,Sohan Exotica,Fortuna Urbanscape Pvt Ltd,ongoing,13.106284,77.751331,village_centroid,medium,"Village Kodigehalli (Bangalore South), match 1.00, area 0.8 sq km",Kodigehalli,nan,,,15442,,,Jun 2019,2018
PRM/KA/RERA/1251/446/PR/181103/002117,Ahad Opus,Ahad Builders Pvt Ltd,done,12.908393,77.715879,village_centroid,medium,"Village Kodathi (Bangalore South), match 1.00, area 7.2 sq km",Varthuru,nan,,,119382,,,May 2022,2018
PRM/KA/RERA/1251/472/PR/181103/002128,Amigo Estella,Amigoestella India Llp,new,13.077436,77.64008,locality_name,low,"Village name ""Thanisandra"" found in address",Thanisandra,nan,,,7486,,,Jun 2022,2018
PRM/KA/RERA/1251/308/PR/181103/002126,Pride Sunrise,Pride Housing,done,12.783404,77.612705,portal_boundary,high,,Bukkasagara,nan,,,5493,,,Sep 2021,2018
PRM/KA/RERA/1251/446/PR/181103/002111,Amigo Regency,Amigo Shelters Pvt Ltd,new,13.044189,77.666132,village_centroid,medium,"Village Horamavu (Bangalore South), match 1.00, area 3.4 sq km",Kalkere,nan,,,2327,,,May 2022,2018
PRM/KA/RERA/1251/310/PR/181103/002127,Mahaveer Montane,Reddy Projects And Developers Private Limited,new,12.864126,77.593465,village_centroid,medium,"Village Gottikere (Bangalore South), match 0.89, area 2.8 sq km",Kalena Agrahara,nan,,,35308,,,Sep 2023,2018
PRM/KA/RERA/1251/310/PR/181103/002124,Pioneer Park Avenue,M/S Pioneer Developers,new,12.874958,77.551953,portal_boundary,high,,Konanakunte,nan,,,8105,,,Dec 2023,2018
PRM/KA/RERA/1251/446/PR/181031/002105,Anutham East Side,Indar Constructions,new,13.04046,77.66356,portal_boundary,high,,Kalkere,nan,,,914,,,Feb 2019,2018
PRM/KA/RERA/1251/309/PR/181031/002104,Nitesh Napa Valley,Nitesh Housing Developers Private Limited,ongoing,13.113955,77.600872,locality_name,low,"Village name ""Yelahanka"" found in address",Kempegowda Ward,nan,,,81442,,,Dec 2021,2018
PRM/KA/RERA/1251/309/PR/181022/002098,Trendsquares Ortus- Phase I,Trendsquares Constructions,done,13.064273,77.590494,pin_centroid,low,PIN 560092 median of 5 located projects,Byatarayanapura,560092,,,5921,,,Sep 2021,2018
PRM/KA/RERA/1251/446/PR/181022/002086,Garuda Vista,Garudachala Estates Pvt Ltd,done,13.061312,77.314001,locality_name,low,"Village name ""Mahadevapura"" found in address",Mahadevapura,nan,,,3848,,,Sep 2021,2018
PRM/KA/RERA/1251/310/PR/181022/002096,Plumeria Lifestyle At Brigade Meadows,Brigade Enterprises Ltd,new,12.868419,77.725823,village_centroid,medium,"Village Kaggalipura (Anekal), match 0.91, area 1.3 sq km",Kaggalipura,nan,,,15866,,,Mar 2021,2018
PRM/KA/RERA/1251/310/PR/181022/002088,Platinum Gardenia,Sai Properties,done,13.073963,77.524878,ward_centroid,low,BBMP ward 16 Kammagondanahalli,Kammagondanahalli,nan,,,8673,,,Sep 2021,2018
PRM/KA/RERA/1251/446/PR/181012/002084,The Potter'S Hand,Eapen Chandy,ongoing,13.080922,77.66557,village_centroid,medium,"Village Kyalasanahalli (Bangalore South), match 1.00, area 2.9 sq km",Kyalasanahalli,nan,,,4223,,,Mar 2019,2018
PRM/KA/RERA/1251/310/PR/181010/002060,Sri Vani Orchids,Sri Vanishelters,new,12.870579,77.56008,locality_name,low,"Village name ""Anjanapura"" found in address",Konanakunte,nan,,,2530,,,Sep 2021,2018
PRM/KA/RERA/1251/309/PR/181010/002053,Prestige Misty Waters-Vista Tower,Prestige Southcity Holdings,done,13.11276,77.503171,village_centroid,medium,"Village Kempapura (Bangalore North), match 0.89, area 1.2 sq km",Kempapura,nan,,,8093,,,Feb 2022,2018
PRM/KA/RERA/1251/310/PR/181010/002044,Perody Classic,M/S Perody Builders Pvt Ltd,new,13.208505,77.532345,village_centroid,medium,"Village Arakere (Bangalore North), match 1.00, area 4.3 sq km",Arakere,nan,,,6653,,,Nov 2022,2018
PRM/KA/RERA/1251/446/PR/181010/002038,"Sobha Dream Acres - Tropical Greens Phase 23 Wing 25, 26, 27 And 28",Sobha Limited,new,12.957527,77.731926,locality_name,low,"Village name ""Balagere"" found in address",Whitefield,nan,,,20465,,,Sep 2024,2018
PRM/KA/RERA/1251/310/PR/181010/002040,The Lebensraum,Shreeshaila Infra (P)Ltd,new,12.993559,77.556486,portal_boundary,high,,Prakash Nagar,nan,,,820,,,May 2019,2018
PRM/KA/RERA/1251/446/PR/181010/002029,Sai Sunny Heights,Shirdi Sai Builders,new,13.106284,77.751331,village_centroid,medium,"Village Kodigehalli (Bangalore South), match 1.00, area 0.8 sq km",Kodigehalli,nan,,,2883,,,Dec 2021,2018
PRM/KA/RERA/1251/310/PR/181010/002030,Premiera Regency,White Lion Constructions Opc Pvt Ltd,new,13.161706,77.726327,village_centroid,medium,"Village Gollahalli (Bangalore North), match 0.95, area 0.6 sq km",Gollahalli,nan,,,1288,,,Mar 2022,2018
PRM/KA/RERA/1251/446/PR/181010/002069,East Woods,M/S. Vega Builders And Developers,ongoing,13.050763,77.878023,village_centroid,medium,"Village Vijayapura (Hoskote), match 0.89, area 0.5 sq km",Vijayapura,nan,,,2048,,,Aug 2019,2018
PRM/KA/RERA/1251/446/PR/181010/002036,Sobha Dream Acres - Tropical Greens Phase 21 Wing 21 And 22,Sobha Limited,new,12.957527,77.731926,locality_name,low,"Village name ""Balagere"" found in address",Whitefield,nan,,,10233,,,Mar 2026,2018
PRM/KA/RERA/1251/446/PR/181010/002033,Bhuvi By Amsha,Amsha Ventures,done,12.93393,77.698936,portal_boundary,high,,Marathahalli,nan,,,13135,,,Sep 2021,2018
PRM/KA/RERA/1251/446/PR/181010/002039,Sobha Dream Acres - Tropical Greens Phase 24 Wing 29 And 30,Sobha Limited,new,12.957527,77.731926,locality_name,low,"Village name ""Balagere"" found in address",Whitefield,nan,,,10233,,,Mar 2025,2018
PRM/KA/RERA/1251/310/PR/181010/002032,M/S.Sri Shivashakthi Constructions,T.Shivaiah Naidu,new,12.932604,77.531754,village_centroid,medium,"Village Halagevaderahalli Og (Bangalore South), match 0.89, area 4.8 sq km",Jnana Bharathi,nan,,,892,,,May 2019,2018
PRM/KA/RERA/1251/310/PR/181010/002066,Vaastu Tranquil,Vaastu Properties,new,12.917341,77.494284,village_centroid,low,"Village Kengeri Og (Bangalore South), match 0.88, area 8.3 sq km",Bande Mutt,nan,,,5227,,,Feb 2023,2018
PRM/KA/RERA/1251/310/PR/181010/002046,Aryan Opulence,Aryan Constructions,new,12.90476,77.508613,portal_boundary,high,,Hemmigepura,nan,,,9103,,,Apr 2022,2018
PRM/KA/RERA/1251/446/PR/181010/002037,Sobha Dream Acres - Tropical Greens Phase 22 Wing 23 And 24,Sobha Limited,new,12.957527,77.731926,locality_name,low,"Village name ""Balagere"" found in address",Whitefield,nan,,,10233,,,Mar 2026,2018
PRM/KA/RERA/1251/310/PR/181010/002045,Vistara Homes,Vistara Homes,new,12.890342,77.533104,portal_boundary,high,,Subramanyapura,nan,,,4429,,,Jun 2022,2018
PRM/KA/RERA/1251/310/PR/181006/002022,Hilife Apartments,B Chiranjeevi,ongoing,12.976444,77.463697,locality_name,low,"Village name ""Kannahalli"" found in address",Kannahalli,nan,,,2326,,,Oct 2019,2018
PRM/KA/RERA/1251/446/PR/181003/002021,Candeur Landmark,M/S. Candeur Constructions,done,12.981616,77.525428,ward_centroid,low,BBMP ward 149 Kaveripura,Kaveripura,nan,,,34903,,,Sep 2025,2018
PRM/KA/RERA/1251/310/PR/180924/002015,Metro Urbano,Nyk Homes,new,12.891925,77.637701,portal_boundary,high,,Rupenaagrahara,nan,,,3717,,,Sep 2021,2018
PRM/KA/RERA/1251/446/PR/180924/002014,Nava Utsava,M/S.Navajyothi Developers,done,13.044189,77.666132,village_centroid,medium,"Village Horamavu (Bangalore South), match 1.00, area 3.4 sq km",Kalkere,nan,,,1007,,,Dec 2019,2018
PRM/KA/RERA/1251/446/PR/180924/002016,Carmel Heights,M/S.Oceanus Dwellings Private Limited,new,12.991657,77.755276,village_centroid,medium,"Village White Field Og (Bangalore South), match 0.91, area 1.9 sq km",Belathur,nan,,,17710,,,Sep 2026,2018
PRM/KA/RERA/1251/310/PR/180917/002010,Maangalya Prosper Signature Block,Maangalya Constructions,new,12.915906,77.549117,locality_name,low,"Village name ""Uttarahalli"" found in address",Uttarahalli,nan,,,7891,,,Sep 2022,2018
PRM/KA/RERA/1251/309/PR/180917/002011,Manyam Skypark,Manyam Estates Private Limited,ongoing,13.093472,77.601318,portal_boundary,high,,Kempegowda Ward,nan,,,8093,,,May 2021,2018
PRM/KA/RERA/1251/446/PR/180905/001988,Abhee Nandana,M/S Abhee Developers,done,12.91433,77.666587,village_centroid,medium,"Village Haralur (Bangalore South), match 1.00, area 3.3 sq km",Doddakanahalli,nan,,,3033,,,Dec 2020,2018
PRM/KA/RERA/1251/309/PR/180905/002002,Samhita Asta,Samhita Constructions,done,13.335095,77.747484,locality_name,low,"Village name ""Narayanapura"" found in address",Narayanapura,nan,,,1574,,,Apr 2022,2018
PRM/KA/RERA/1251/308/PR/180905/001984,Mpn Green Storeys,M Purushotham,new,13.101691,77.699772,locality_name,low,"Village name ""Kada Agrahara"" found in address",Kada Agrahara,nan,,,9864,,,Sep 2023,2018
PRM/KA/RERA/1251/309/PR/180905/002004,Dollors Cr Pride,B T Lalithamba,new,13.05556,77.496481,ward_centroid,low,BBMP ward 18 Bagalakunte,Bagalakunte,nan,,,815,,,Feb 2020,2018
PRM/KA/RERA/1251/310/PR/180905/001997,Salarpuria Sattva Misty Charm Land Owner Share,K M Srinivasa Murthy,new,13.012519,77.404654,village_centroid,medium,"Village Mallasandra (Bangalore North), match 1.00, area 2.4 sq km",Mallasandra,nan,,,14000,,,Oct 2023,2018
PRM/KA/RERA/1251/309/PR/180905/001990,Vaishnavi Serene,Vaishnavi Anushka Infrastructure Llp,new,13.186067,77.286158,village_centroid,medium,"Village Ananthapura (Nelamagala), match 1.00, area 0.5 sq km",Ananthapura,nan,,,43807,,,Sep 2023,2018
PRM/KA/RERA/1251/472/PR/180808/001982,Provident Neora,Provident Housing Limited,new,13.083394,77.620107,portal_boundary,high,,Jakkuru,nan,,,8222,,,Sep 2023,2018
PRM/KA/RERA/1251/310/PR/180808/001971,Sai Ashirwaadh Lake View,M/S. Ashirwaadh Builders And Developers,ongoing,13.191598,77.681597,village_centroid,medium,"Village Begur (Bangalore North), match 1.00, area 1.4 sq km",Begur,nan,,,804,,,Jul 2018,2018
PRM/KA/RERA/1251/309/PR/180808/001981,Brigade Bricklane,Brigade Enterprises Ltd,new,13.127458,77.731211,village_centroid,medium,"Village Thirumalenahalli (Bangalore South), match 0.87, area 0.7 sq km",Thirumalenahalli,nan,,,33184,,,Mar 2023,2018
PRM/KA/RERA/1251/310/PR/180808/001972,R K Ashoka Park Heights,R K Estates,ongoing,12.94011,77.585133,portal_boundary,high,,Ashoka Pillar,nan,,,1337,,,Aug 2019,2018
PRM/KA/RERA/1251/446/PR/180808/001979,Leaves & Lives Phase 1,Apg Intelli Homes Private Limited,new,12.908393,77.715879,village_centroid,medium,"Village Kodathi (Bangalore South), match 1.00, area 7.2 sq km",Varthuru,560035,,,16400,,,Apr 2023,2018
PRM/KA/RERA/1251/309/PR/180808/001976,Orchid Piccadilly,Goyal Hariyana Infrastructures,new,13.127458,77.731211,village_centroid,medium,"Village Thirumalenahalli (Bangalore South), match 0.93, area 0.7 sq km",Thirumalenahalli,nan,,,18999,,,Apr 2024,2018
PRM/KA/RERA/1251/308/PR/180728/001944,The Lake View Address - Apartments,Indiabuild Realty Private Limited,new,13.161706,77.726327,locality_name,low,"Village name ""Gollahalli"" found in address",Gollahalli,nan,,,14417,,,Jan 2023,2018
PRM/KA/RERA/1251/472/PR/180728/001948,Blue Bells,Arunodaya Developers,new,13.106284,77.751331,village_centroid,medium,"Village Kodigehalli (Bangalore South), match 1.00, area 0.8 sq km",Kodigehalli,nan,,,2227,,,Aug 2021,2018
PRM/KA/RERA/1251/446/PR/180728/001953,Coco Nest,Hatha Homes Pvt Ltd,new,12.945427,77.678573,portal_boundary,high,,Bellanduru,nan,,,3920,,,Apr 2023,2018
PRM/KA/RERA/1251/446/PR/180728/001949,Connected Living,Spt Residential,new,13.053711,77.787238,village_centroid,medium,"Village Doddagattiganabbe (Hoskote), match 0.94, area 5.3 sq km",Doddagattiganabbe,nan,,,4502,,,Mar 2022,2018
PRM/KA/RERA/1251/310/PR/180728/001954,L'Opulence,Vaishnodevi Lush Greens Private Limited,done,12.931378,77.514432,portal_boundary,high,,Jnana Bharathi,nan,,,1373,,,Dec 2021,2018
PRM/KA/RERA/1251/309/PR/180728/001945,Ajmera Lugaano - Ab Wing,Ajmera Housing Corporation,new,13.124209,77.559878,village_centroid,medium,"Village Kempanahalli (Bangalore North), match 0.96, area 0.5 sq km",Kempanahalli,nan,,,12982,,,Sep 2026,2018
PRM/KA/RERA/1251/472/PR/180728/001967,Peace Paramount,A Peace Projects Llp,done,13.186067,77.286158,village_centroid,medium,"Village Ananthapura (Nelamagala), match 0.90, area 0.5 sq km",Ananthapura,nan,,,1412,,,Dec 2021,2018
PRM/KA/RERA/1251/446/PR/180728/001963,Ss Snowdrop,M/S.S.S.Builders And Developers,new,13.026991,77.753623,village_centroid,medium,"Village Kumbena Agrahara (Bangalore South), match 1.00, area 1.2 sq km",Kumbena Agrahara,nan,,,6217,,,Mar 2021,2018
PRM/KA/RERA/1251/446/PR/180728/001966,Shriram Blue,Maars Infra Developers Private Limited,new,13.014958,77.728386,portal_boundary,high,,Basavanapura,nan,,,34756,,,Apr 2023,2018
PRM/KA/RERA/1251/309/PR/180728/001964,Brigade Triumph,Brigade Enterprises Ltd,done,13.068282,77.601304,village_centroid,medium,"Village Hebbal (Bangalore North), match 0.92, area 1.1 sq km",Amrutahalli,nan,,,7629,,,Sep 2022,2018
PRM/KA/RERA/1251/310/PR/180728/001968,Krishna Gardenia,V K Developers,done,13.107481,77.757653,village_centroid,medium,"Village Raghuvanahalli (Bangalore South), match 0.92, area 0.4 sq km",Raghuvanahalli,nan,,,4039,,,May 2021,2018
PRM/KA/RERA/1251/446/PR/180728/001961,Secret Soil By Livingwalls,Vdb Infra And Realty Pvt Ltd,new,13.09219,77.672986,locality_name,low,"Village name ""Doddagubbi"" found in address",Doddagubbi,nan,,,26151,,,Apr 2024,2018
PRM/KA/RERA/1251/309/PR/180728/001956,Mithuna White Bells,Mithuna Constructions Pvt Ltd,done,13.091381,77.625084,village_centroid,medium,"Village Venkateshapura (Bangalore North), match 0.89, area 0.4 sq km",Kogilu,nan,,,11331,,,Mar 2023,2018
PRM/KA/RERA/1251/309/PR/180728/001951,Slv Parkview,Slv Developers,done,13.22215,77.951123,locality_name,low,"Village name ""Yeshvanthapura"" found in address",Yeshvanthapura,nan,,,5777,,,Feb 2022,2018
PRM/KA/RERA/1251/309/PR/180627/001911,Unishire Verzure,Unishire Properties Llp,ongoing,13.075823,77.617956,portal_boundary,high,,Jakkuru,nan,,,6849,,,Apr 2021,2018
PRM/KA/RERA/1251/308/PR/180627/001915,Daiwik Spandana,Daiwik Housing Private Limited,done,12.819837,77.709758,portal_boundary,high,,Heelalige,560099,,,9105,,,Mar 2021,2018
PRM/KA/RERA/1251/310/PR/180627/001912,Nitesh Hyde Park Phase Ii,Nitesh Housing Developers Private Limited,ongoing,12.886643,77.606622,village_centroid,medium,"Village Hulimavu Og (Bangalore South), match 0.89, area 2.5 sq km",Arakere,nan,,,21954,,,Dec 2018,2018
PRM/KA/RERA/1251/308/PR/180627/001932,Gm Elegance Tower Phase 2 Tower E13,M/S. Azeem Infinite Dwelling India Private Limited,new,12.834861,77.646911,village_centroid,medium,"Village Hulimangala (Anekal), match 1.00, area 6.6 sq km",Hulimangala,560105,,,10879,,,Mar 2025,2018
PRM/KA/RERA/1251/308/PR/180627/001937,Ars Lifestyle,Ars Properties,ongoing,12.901251,77.657676,village_centroid,medium,"Village Kudlu (Anekal), match 1.00, area 3.5 sq km",Doddakanahalli,nan,,,3237,,,Oct 2019,2018
PRM/KA/RERA/1251/309/PR/180627/001927,Sashwath Virupaksha,Sashwath Developers,done,13.063467,77.499131,portal_boundary,high,,Shettihalli,nan,,,1281,,,Apr 2020,2018
PRM/KA/RERA/1251/446/PR/180627/001933,Sobha Lake Gardens Phase 1,Sobha Limited,new,13.038376,77.77353,village_centroid,medium,"Village Seegehalli (Bangalore South), match 1.00, area 3.3 sq km",Seegehalli,nan,,,18570,,,Feb 2024,2018
PRM/KA/RERA/1251/446/PR/180627/001934,Sobha Lake Gardens Phase 2,Sobha Limited,new,13.038376,77.77353,village_centroid,medium,"Village Seegehalli (Bangalore South), match 1.00, area 3.3 sq km",Seegehalli,nan,,,17244,,,Dec 2025,2018
PRM/KA/RERA/1251/308/PR/180627/001941,Gm Global Techies Town Tower-B (Tower-2),M/S.Gulam Mustafa Enterprises Private Limited,new,12.831716,77.667571,village_centroid,medium,"Village Thirupalya (Anekal), match 1.00, area 1.0 sq km",Thirupalya,560099,,,37018,,,Mar 2026,2018
PRM/KA/RERA/1251/446/PR/180627/001922,Skylark Dasos,Royaume Builders And Promoters Private Limited,new,12.864733,77.665333,portal_boundary,high,,Konappana Agrahara,nan,,,26000,,,Sep 2023,2018
PRM/KA/RERA/1251/310/PR/180627/001930,Epic,Ashcon International Developers Llp,new,12.880179,77.59382,portal_boundary,high,,Hulimavu,nan,,,1029,,,Feb 2021,2018
PRM/KA/RERA/1251/446/PR/180627/001940,Roma Epicurean,M/S.Roma Builders,ongoing,12.993595,77.741317,village_centroid,medium,"Village Nallurhalli Og (Bangalore South), match 0.92, area 2.4 sq km",Belathur,nan,,,10165,,,Sep 2021,2018
PRM/KA/RERA/1251/310/PR/180627/001931,Heriitage Signature,Heriitage Infrastructures,new,13.227753,77.840115,locality_name,low,"Village name ""Imanahalli"" found in address",Imanahalli,nan,,,4714,,,May 2023,2018
PRM/KA/RERA/1251/309/PR/180627/001926,Ncc Urban Mayfair,Ncc Urban Infrastructure Ltd,done,13.204798,77.418954,village_centroid,medium,"Village Puttenahalli (Dod Ballapur), match 1.00, area 1.2 sq km",Puttenahalli,nan,,,15443,,,May 2022,2018
PRM/KA/RERA/1251/446/PR/180627/001914,Adarsh Wisteria Phase 1,Varin Infra Projects Private Limited,new,13.0775,77.65,portal_boundary,high,,Horamavu,nan,,,16744,,,Aug 2023,2018
PRM/KA/RERA/1251/308/PR/180627/001935,Bavisha Urban Homes Phase Ii,Bavisha Homes Private Limited,new,12.873113,77.761316,village_centroid,medium,"Village Kadagrahara (Anekal), match 1.00, area 1.1 sq km",Kadagrahara,nan,,,9408,,,Sep 2021,2018
PRM/KA/RERA/1251/309/PR/180627/001913,Nitesh Park Avenue,Nitesh Estates Limited,ongoing,12.994355,77.58116,pin_centroid,low,PIN 560020 median of 2 located projects,Vasanth Nagar,560020,,,2508,,,Dec 2021,2018
PRM/KA/RERA/1251/446/PR/180627/001929,Sobha Dream Acres - Tropical Greens Phase 20 Wing 18,Sobha Limited,done,12.991066,77.415329,locality_name,low,"Village name ""Varthur"" found in address",Varthur,nan,,,4747,,,Dec 2023,2018
PRM/KA/RERA/1251/446/PR/180621/001903,Cross Winds,M/S.Springseas Bdk Developers,done,12.989141,77.768033,village_centroid,medium,"Village Hagadur (Bangalore South), match 1.00, area 3.0 sq km",Kadugodi,nan,,,3674,,,Sep 2021,2018
PRM/KA/RERA/1250/307/PR/180621/001906,Prestige Jindal City-Phase Ii,Prestige Southcity Holdings,new,13.063546,77.490614,village_centroid,medium,"Village Chikkabidarakallu Og (Bangalore North), match 0.89, area 1.3 sq km",Chikkabidarakallu Og,nan,,,131016,,,Jul 2023,2018
PRM/KA/RERA/1251/309/PR/180621/001907,Earth & Essence - Phase 1A,Assetz Premium Holdings Private Limited,new,13.157384,77.65096,village_centroid,medium,"Village Hosahalli (Bangalore North), match 1.00, area 4.0 sq km",Hosahalli,nan,,,17054,,,Mar 2023,2018
PRM/KA/RERA/1251/446/PR/180621/001910,Brigade Parkside East,Brigade Enterprises Ltd,done,12.915797,77.700793,village_centroid,medium,"Village Chikkakannalli (Bangalore South), match 0.87, area 1.0 sq km",Munnekollala,nan,,,15480,,,Sep 2022,2018
PRM/KA/RERA/1251/309/PR/180612/001898,Sai Ram Meadows,Sairam Constructions,new,13.023091,77.588691,ward_centroid,low,BBMP ward 72 Ganga Nagar,Ganga Nagar,nan,,,875,,,Mar 2020,2018
PRM/KA/RERA/1251/446/PR/180612/001899,Sas Honey Dew,M/S.Sas Developers,done,13.082447,77.72356,locality_name,low,"Village name ""Bidarahalli"" found in address",Bidarahalli,nan,,,5260,,,Sep 2023,2018
PRM/KA/RERA/1251/446/PR/180612/001901,Vaishno Solitaire,Vaishnobuilders,done,13.012523,77.671049,portal_boundary,high,,Ramamurthy Nagara,nan,,,6962,,,Sep 2021,2018
PRM/KA/RERA/1251/446/PR/180612/001902,Premier Inspira Maplewood,M/S Premier Properties,done,12.904077,77.702914,portal_boundary,high,,Doddakanahalli,nan,,,4907,,,Feb 2022,2018
PRM/KA/RERA/1251/446/PR/180612/001897,Sobha Dream Acres - Tropical Greens Phase 19 Wings 19 And 20,Sobha Limited,done,12.991066,77.415329,locality_name,low,"Village name ""Varthur"" found in address",Varthur,nan,,,7219,,,Sep 2023,2018
PRM/KA/RERA/1251/446/PR/180611/001890,Sri Sway Symphony,Sri Sway Homes,new,13.007857,77.532527,ward_centroid,low,BBMP ward 54 Jai Maruthinagara,Jai Maruthinagara,nan,,,924,,,Sep 2021,2018
PRM/KA/RERA/1251/446/PR/180611/001887,Desai Grandeur,M/S.Desai Developers,done,13.011665,77.67631,ward_centroid,low,BBMP ward 84 Ramamurthy Nagara,Ramamurthy Nagara,nan,,,6072,,,Sep 2021,2018
PRM/KA/RERA/1251/308/PR/180611/001885,“Townsville”,M/S. Gm Infinite Dwelling (India) Pvt Ltd,ongoing,12.834861,77.646911,village_centroid,medium,"Village Hulimangala (Anekal), match 1.00, area 6.6 sq km",Hulimangala,nan,,,20033,,,Oct 2020,2018
PRM/KA/RERA/1251/310/PR/180611/001891,The Marquise,Barmecha Realty Private Limited,done,12.873904,77.593705,portal_boundary,high,,Hulimavu,nan,,,4597,,,Sep 2022,2018
PRM/KA/RERA/1251/310/PR/180611/001894,Brigade Parkside West,Brigade Enterprises Ltd,new,12.891973,77.472558,village_centroid,medium,"Village Kambipura (Bangalore South), match 1.00, area 5.5 sq km",Kambipura,nan,,,20234,,,Jun 2021,2018
PRM/KA/RERA/1251/446/PR/180611/001893,"24, Defence Colony",Lewis Infrastructure And Projects,done,13.052436,77.507462,locality_name,low,"Ward name ""Defence Colony"" found in address",Defence Colony,nan,,,529,,,Dec 2019,2018
PRM/KA/RERA/1251/446/PR/180611/001892,Dlr Pride,Dlr Constructions Private Limited,ongoing,13.011665,77.67631,locality_name,low,"Ward name ""Ramamurthy Nagara"" found in address",Ramamurthy Nagara,nan,,,928,,,Jul 2019,2018
PRM/KA/RERA/1251/446/PR/180611/001895,Brigade Woods,Brigade Enterprises Ltd,done,13.109408,77.626051,locality_name,low,"Village name ""Agrahara"" found in address",Agrahara,nan,,,25213,,,Sep 2022,2018
PRM/KA/RERA/1251/446/PR/180605/001876,Ruchira Iris,Ruchira Projects Pvt Ltd,done,13.038648,77.75167,portal_boundary,high,,Dommasandra,nan,,,12949,,,Jan 2023,2018
PRM/KA/RERA/1251/446/PR/180605/001878,Sai Balaji Residency,M/S.Sri Dwaraka Builders And Developers,new,13.136035,77.559703,village_centroid,medium,"Village Ramagondanahalli (Bangalore North), match 0.88, area 2.1 sq km",Ramagondanahalli,nan,,,4351,,,Mar 2020,2018
PRM/KA/RERA/1251/309/PR/180605/001879,Saketh Duo Marvel,Saketh Developers,done,12.931359,77.57585,portal_boundary,high,,Yediyur,nan,,,807,,,Nov 2019,2018
PRM/KA/RERA/1251/309/PR/180605/001870,Rubis,Gourav Engineers,new,12.881387,77.506669,ward_centroid,low,BBMP ward 35 Hemmigepura,Badamanavarthekaval,nan,,,1002,,,Jan 2021,2018
PRM/KA/RERA/1251/308/PR/180605/001881,Vivansaa Amaryllies Boulevard,Vivansaa Amaryllies,new,12.831987,77.769335,village_centroid,medium,"Village Handenahalli (Anekal), match 1.00, area 2.7 sq km",Handenahalli,nan,,,13253,,,Sep 2022,2018
PRM/KA/RERA/1251/309/PR/180605/001874,The Marquee,Sushant,ongoing,12.953408,77.74473,pin_centroid,low,PIN 560001 median of 5 located projects,Varthuru,560001,,,648,,,Sep 2019,2018
PRM/KA/RERA/1251/309/PR/180605/001880,Multi Infinate,M/S Multi Visions Pro,new,13.104005,77.552932,village_centroid,medium,"Village Chikkabettahalli (Bangalore North), match 1.00, area 2.1 sq km",Chikkabettahalli,nan,,,9105,,,Mar 2024,2018
PRM/KA/RERA/1251/310/PR/180604/001866,Nandini Green Field,Om Shakthi Nandini Construction,new,12.9,77.49,portal_boundary,high,,Hemmigepura,nan,,,2023,,,Jul 2019,2018
PRM/KA/RERA/1251/308/PR/180604/001864,Citrus Aire,Gowri Heights Private Limited,new,12.81198,77.661739,village_centroid,medium,"Village Kyalasanahalli (Anekal), match 1.00, area 2.1 sq km",Kyalasanahalli,nan,,,6436,,,May 2022,2018
PRM/KA/RERA/1251/446/PR/180604/001869,Canary Woods,Canary Projects,done,13.036958,77.748892,village_centroid,medium,"Village Dommasandra (Bangalore South), match 1.00, area 1.7 sq km",Dommasandra,nan,,,1583,,,Feb 2022,2018
PRM/KA/RERA/1251/310/PR/180604/001865,Pristine Temple Tree,Pristine Projects Private Limited,ongoing,12.917341,77.494284,village_centroid,low,"Village Kengeri Og (Bangalore South), match 0.88, area 8.3 sq km",Bande Mutt,nan,,,1582,,,Jun 2018,2018
PRM/KA/RERA/1251/309/PR/180604/001862,Unishire Weave,Unishire Promoters Private Limited,ongoing,13.081696,77.624133,portal_boundary,high,,Jakkuru,nan,,,9206,,,Apr 2021,2018
PRM/KA/RERA/1251/446/PR/180602/001854,Brigade Buena Vista-Phase 2,Brigade Enterprises Limited,done,13.094216,77.750463,village_centroid,medium,"Village Bommenahalli (Bangalore South), match 1.00, area 2.6 sq km",Bommenahalli,nan,,,8097,,,Mar 2022,2018
PRM/KA/RERA/1251/446/PR/180602/001861,Rr White Lotus,M/S.Rr Constructions,done,13.056355,77.659691,village_centroid,medium,"Village Horamavu Agara (Bangalore South), match 1.00, area 3.6 sq km",Horamavu,nan,,,1253,,,Dec 2020,2018
PRM/KA/RERA/1251/446/PR/180602/001853,Balaji Aavaas,Ms Balaji Developers,done,12.982774,77.754625,portal_boundary,high,,Hagadur,nan,,,4338,,,Dec 2019,2018
PRM/KA/RERA/1251/310/PR/180602/001856,Suprabhat’S Shreem Brzee,Suprabhat Constructions,done,12.913501,77.567782,village_centroid,medium,"Village Bikasipura Og (Bangalore South), match 0.90, area 1.0 sq km",Kumaraswamy Layout,nan,,,3768,,,Dec 2019,2018
PRM/KA/RERA/1251/310/PR/180602/001851,Parkway Homes,Parkway Homes Llp,done,12.874533,77.678504,village_centroid,medium,"Village Doddanagamangala (Bangalore South), match 1.00, area 2.3 sq km",Doddanagamangala,nan,,,37457,,,Mar 2019,2018
PRM/KA/RERA/1251/446/PR/180601/001847,Jeevan'S Grandeur,M/S.Jeevan Builders,done,13.026991,77.753623,village_centroid,medium,"Village Kumbena Agrahara (Bangalore South), match 1.00, area 1.2 sq km",Kumbena Agrahara,nan,,,7322,,,Sep 2021,2018
PRM/KA/RERA/1251/446/PR/180601/001839,Sm Gardenia,S And M Developers,done,12.972435,77.766685,village_centroid,medium,"Village Sorahunise (Bangalore South), match 0.95, area 1.8 sq km",Hagadur,nan,,,4047,,,Sep 2022,2018
PRM/KA/RERA/1251/308/PR/180601/001840,"""New Dawn""",M/S.Bricks & Milestones,new,12.884358,77.698324,village_centroid,medium,"Village Gattahalli (Anekal), match 1.00, area 3.2 sq km",Gattahalli,nan,,,17088,,,Apr 2023,2018
PRM/KA/RERA/1251/446/PR/180601/001828,Isr Ashrita,Isr Constructions Private Limited,new,12.972435,77.766685,village_centroid,medium,"Village Sorahunise (Bangalore South), match 0.90, area 1.8 sq km",Hagadur,nan,,,9105,,,Aug 2022,2018
PRM/KA/RERA/1250/304/PR/180601/001848,Sowparnika Indraprastha,Sowparnika Projects And Infrastructure Private Limited,new,12.985928,77.820845,portal_boundary,high,,Anugondahalli,nan,,,6678,,,Dec 2022,2018
PRM/KA/RERA/1251/308/PR/180601/001850,Bavisha Urban Homes Phase 1,Bavisha Urban Homes Phase 1,new,12.873113,77.761316,village_centroid,medium,"Village Kadagrahara (Anekal), match 1.00, area 1.1 sq km",Kadagrahara,562125,,,2124,,,Apr 2021,2018
PRM/KA/RERA/1251/310/PR/180601/001845,Ishanvi Green Leaf,Green Leaf Projects,done,12.937683,77.486072,portal_boundary,high,,Ullal,nan,,,2529,,,Jan 2022,2018
PRM/KA/RERA/1251/310/PR/180526/001826,Surya Palace,Surya Builders,done,12.870422,77.606089,village_centroid,medium,"Village Kammanahalli (Bangalore South), match 1.00, area 2.6 sq km",Hulimavu,nan,,,1121,,,Dec 2018,2018
PRM/KA/RERA/1250/303/PR/180526/001825,"Embassy Springs - Phase 2A, Apartments",Embassy Developments Limited,new,13.290712,77.697317,locality_name,low,"Village name ""Devanahalli"" found in address",Devanahalli,nan,,,31461,,,Nov 2024,2018
PRM/KA/RERA/1251/310/PR/180524/001808,Kaniminike -Phase 5,Bangalore Development Authority,ongoing,12.8658,77.439576,locality_name,low,"Village name ""Kaniminike"" found in address",Kaniminike,nan,,,202344,,,Sep 2018,2018
PRM/KA/RERA/1251/310/PR/180524/001823,Mahendra Aarna 5,Mahendra Homes Private Limited,new,13.099554,77.717957,village_centroid,medium,"Village Kammasandra (Bangalore South), match 1.00, area 1.6 sq km",Kammasandra,nan,,,10797,,,Dec 2021,2018
PRM/KA/RERA/1251/310/PR/180524/001814,Excelsior,Kataria Inffra,new,12.869663,77.434382,portal_boundary,high,,Kaniminike,nan,,,3844,,,Jun 2019,2018
PRM/KA/RERA/1251/446/PR/180524/001807,Samruddhi North Square,Samruddhi Realty Limited,ongoing,13.119102,77.618066,village_centroid,medium,"Village Kogilu (Bangalore North), match 1.00, area 3.6 sq km",Kogilu,nan,,,6981,,,Mar 2019,2018
PRM/KA/RERA/1251/308/PR/180524/001815,Estella Maple Square Block A,Estella Projects Private Limited,new,12.892707,77.674657,portal_boundary,high,,Rayasandra,nan,,,3237,,,Jun 2021,2018
PRM/KA/RERA/1251/310/PR/180523/001799,R K Royal Palms,R K Constructions,ongoing,12.910085,77.555492,locality_name,low,"Village name ""Subramanyapura"" found in address",Vikram Nagar,nan,,,2686,,,Sep 2021,2018
PRM/KA/RERA/1251/446/PR/180523/001806,Hebron Avenue,Hebron Properties Pvt Ltd,new,13.082447,77.72356,locality_name,low,"Village name ""Bidarahalli"" found in address",Bidarahalli,nan,,,17604,,,Sep 2022,2018
PRM/KA/RERA/1251/309/PR/180523/001801,Inland Edilon,Inland Infrastructure Developers Pvt Ltd,done,13.113955,77.600872,locality_name,low,"Village name ""Yelahanka"" found in address",Kempegowda Ward,nan,,,4543,,,Jul 2017,2018
PRM/KA/RERA/1251/446/PR/180521/001768,Bilva Elina,Jagadish V,ongoing,12.942471,77.679806,locality_name,low,"Village name ""Bellandur"" found in address",Bellanduru,nan,,,3618,,,Jul 2019,2018
PRM/KA/RERA/1251/446/PR/180521/001790,United Sai Arcade,United Projects,done,13.036958,77.748892,village_centroid,medium,"Village Dommasandra (Bangalore South), match 1.00, area 1.7 sq km",Dommasandra,nan,,,8498,,,Sep 2021,2018
PRM/KA/RERA/1251/310/PR/180521/001769,Skc Rhythem,Sri Krishna Constructions India Limited,new,12.881925,77.466028,portal_boundary,high,,Kambipura,nan,,,8701,,,Dec 2022,2018
PRM/KA/RERA/1250/303/PR/180521/001765,Krishnaja Northcity,Krishnaja Constructions,new,13.25498,77.690932,village_centroid,medium,"Village Akkupet (Devanhalli), match 0.93, area 1.5 sq km",Akkupet,nan,,,13759,,,Nov 2022,2018
PRM/KA/RERA/1251/446/PR/180521/001781,Hometown The Address,Home Town Projects,new,12.938331,77.687135,portal_boundary,high,,Bellanduru,nan,,,1999,,,Oct 2019,2018
PRM/KA/RERA/1251/472/PR/180521/001775,Fort House,Thipparthi Constructions & Housing Private Limited,new,13.061318,77.633645,ward_centroid,low,BBMP ward 7 Thanisandra,Thanisandra,nan,,,3790,,,Feb 2022,2018
PRM/KA/RERA/1251/309/PR/180521/001787,Zen Garden,Citrus Shelters Private Ltd,new,13.094486,77.612329,village_centroid,medium,"Village Jakkuru (Bangalore North), match 0.92, area 2.5 sq km",Kogilu,nan,,,8775,,,Jan 2023,2018
PRM/KA/RERA/1251/472/PR/180521/001789,Velpula Pride,Velpula Builders,new,13.110062,77.601487,ward_centroid,low,BBMP ward 1 Kempegowda Ward,Kempegowda Ward,nan,,,6228,,,Dec 2022,2018
PRM/KA/RERA/1251/446/PR/180521/001772,Eminence Cmr Panorama,Eminence Homes And Spaces,new,13.05812,77.653923,portal_boundary,high,,Bengaluru East,nan,,,978,,,Oct 2021,2018
PRM/KA/RERA/1251/446/PR/180521/001773,Nakshatra Nestilo Block-B,M/S. Spad Classic Developers,new,12.991657,77.755276,village_centroid,medium,"Village White Field Og (Bangalore South), match 0.91, area 1.9 sq km",Belathur,nan,,,3692,,,Sep 2021,2018
PRM/KA/RERA/1251/308/PR/180521/001786,Bellezea-Phase Iv,M/S Nambiar Builders Pvt Ltd,new,12.8505,77.727447,village_centroid,medium,"Village Narayanaghatta (Anekal), match 1.00, area 2.3 sq km",Narayanaghatta,nan,,,25495,,,Jan 2025,2018
PRM/KA/RERA/1251/446/PR/180521/001766,Florence -'A'-Block,M/S.Excel Stone Developers,new,12.957527,77.731926,village_centroid,medium,"Village Balagere (Bangalore South), match 1.00, area 2.0 sq km",Whitefield,nan,,,2608,,,Sep 2021,2018
PRM/KA/RERA/1251/446/PR/180521/001774,Sm Zinnia,S&M Developers,done,12.957527,77.731926,village_centroid,medium,"Village Balagere (Bangalore South), match 1.00, area 2.0 sq km",Whitefield,nan,,,3642,,,Sep 2022,2018
PRM/KA/RERA/1251/446/PR/180521/001771,Blue Bell Homes,Saadhana Developers,new,13.278209,77.619053,village_centroid,medium,"Village Chinnakempanahalli (Devanhalli), match 0.88, area 1.7 sq km",Chinnakempanahalli,nan,,,876,,,Dec 2021,2018
PRM/KA/RERA/1251/309/PR/180521/001767,Comfort Meadows,Comfort Shelters Pvt Ltd,new,12.942644,77.488832,ward_centroid,low,BBMP ward 32 Ullal,Ullal,nan,,,1283,,,Sep 2021,2018
PRM/KA/RERA/1251/446/PR/180521/001777,Jeevan Pristine,M/S. Jeevan Developers,done,12.940504,77.699681,locality_name,low,"Ward name ""Marathahalli"" found in address",Marathahalli,nan,,,2723,,,Jun 2021,2018
PRM/KA/RERA/1251/446/PR/180519/001744,Ksr Basil,Ksr Properties Pvt Ltd,ongoing,13.133732,77.433602,village_centroid,medium,"Village Huskur (Bangalore North), match 1.00, area 4.3 sq km",Huskur,nan,,,22965,,,Sep 2021,2018
PRM/KA/RERA/1251/309/PR/180519/001763,After The Rain - Phase Ii A,Total Environment Building Systems Private Limited,new,12.48514,77.52149,locality_name,low,"Village name ""Halasoor"" found in address",Halasoor,nan,,,48148,,,Sep 2024,2018
PRM/KA/RERA/1251/310/PR/180519/001742,Valagerahalli Phase 6,Bangalore Development Authority,ongoing,13.139577,77.941812,locality_name,low,"Village name ""Gerahalli"" found in address",Gerahalli,nan,,,16362,,,Nov 2018,2018
PRM/KA/RERA/1251/308/PR/180519/001748,Sai Priya Infra Serenity,Sai Priya Infrastructures Pvt Ltd,ongoing,13.136035,77.559703,village_centroid,medium,"Village Ramagondanahalli (Bangalore North), match 0.91, area 2.1 sq km",Ramagondanahalli,nan,,,2023,,,Jun 2018,2018
PRM/KA/RERA/1251/308/PR/180519/001752,Sipani Royal Heritage Phase-Ii,Sipani Properties Pvt Ltd,new,12.851977,77.6946,pin_centroid,low,PIN 560099 median of 61 located projects,Singena Agrahara,560099,,,10298,,,Sep 2024,2018
PRM/KA/RERA/1250/303/PR/180519/001751,Sirigandha Greens,Venkatesh M,new,13.227753,77.840115,locality_name,low,"Village name ""Imanahalli"" found in address",Imanahalli,nan,,,8093,,,Dec 2019,2018
PRM/KA/RERA/1251/446/PR/180519/001745,In That Quiet Earth,Total Environment Constructions Private Limited,new,13.079941,77.677895,village_centroid,medium,"Village Bilishivale (Bangalore South), match 0.91, area 2.4 sq km",Bilishivale,nan,,,24551,,,Sep 2026,2018
PRM/KA/RERA/1251/446/PR/180519/001759,Svs Tiara,Svs Promoters And Developers,ongoing,13.038376,77.77353,village_centroid,medium,"Village Seegehalli (Bangalore South), match 1.00, area 3.3 sq km",Seegehalli,nan,,,901,,,Aug 2018,2018
PRM/KA/RERA/1251/446/PR/180518/001728,Sls Silicon Valley,Sls Properties,done,13.029052,77.763148,village_centroid,medium,"Village Belathur (Bangalore South), match 1.00, area 1.3 sq km",Belathur,nan,,,9511,,,Mar 2017,2018
PRM/KA/RERA/1251/308/PR/180518/001733,Ds-Max Sarovar,Ds Max Properties Private Limited,done,12.783038,77.772885,village_centroid,medium,"Village Attibele (Anekal), match 1.00, area 4.5 sq km",Attibele,nan,,,20032,,,Jan 2019,2018
PRM/KA/RERA/1251/309/PR/180518/001725,Malagala Phase 2,Bangalore Development Authority,ongoing,13.22215,77.951123,locality_name,low,"Village name ""Yeshvanthapura"" found in address",Yeshvanthapura,nan,,,16348,,,Mar 2018,2018
PRM/KA/RERA/1251/309/PR/180518/001724,Alur Phase 2,Bangalore Development Authority,ongoing,13.083322,77.437798,locality_name,low,"Village name ""Dasanapura"" found in address",Dasanapura,nan,,,111692,,,Mar 2018,2018
PRM/KA/RERA/1251/446/PR/180518/001735,Nava Vedantha,Nava Jyothi Shelters Pvt Ltd,done,13.018105,77.659342,locality_name,low,"Village name ""Banasavadi"" found in address",Babusab Palya,nan,,,2479,,,Dec 2019,2018
PRM/KA/RERA/1250/303/PR/180518/001732,Bsnl Sirigandha Greens,Shree Mahalakshmi Builders And Developers,ongoing,13.232407,77.64186,village_centroid,medium,"Village Jogahalli (Devanhalli), match 1.00, area 0.5 sq km",Jogahalli,nan,,,54631,,,Oct 2018,2018
PRM/KA/RERA/1251/309/PR/180518/001741,Tmr Orchids,Tmr Developers Pvt Ltd,done,13.09058,77.588608,ward_centroid,low,BBMP ward 5 Yelahanka Satellite Town,Yelahanka Satellite Town,nan,,,10066,,,Dec 2019,2018
PRM/KA/RERA/1251/446/PR/180518/001734,Chourasia Sapphire,Vkc Developers Pvt. Ltd,new,13.061312,77.314001,locality_name,low,"Village name ""Mahadevapura"" found in address",Mahadevapura,nan,,,2135,,,Jul 2021,2018
PRM/KA/RERA/1251/309/PR/180518/001729,Prosperhomes Bliss,Barkat Developers,done,13.080369,77.53945,pin_centroid,low,PIN 560097 median of 7 located projects,Kuvempunagar,560097,,,1300,,,Jul 2022,2018
PRM/KA/RERA/1251/446/PR/180516/001716,Soul & Soil - Phase 1,Assetz Value Homes North Private Limited,new,13.101494,77.665328,village_centroid,medium,"Village Chikkagubbi (Bangalore South), match 1.00, area 1.7 sq km",Chikkagubbi,nan,,,17020,,,Feb 2023,2018
PRM/KA/RERA/1251/310/PR/180516/001689,Kengeri Diamond,Karnataka Housing Board,done,12.923394,77.485696,locality_name,low,"Ward name ""Kengeri"" found in address",Kengeri,nan,,,14400,,,Oct 2016,2018
PRM/KA/RERA/1251/310/PR/180516/001696,Astoria Park,Suvastu Estates Pvt Ltd,ongoing,12.864352,77.655584,portal_boundary,high,,Naganathapura,nan,,,3440,,,Dec 2019,2018
PRM/KA/RERA/1251/310/PR/180516/001682,Unishire Spacio,Unishire Builtech Llp,ongoing,12.885114,77.604766,portal_boundary,high,,Arakere,nan,,,12482,,,Apr 2021,2018
PRM/KA/RERA/1251/309/PR/180516/001688,Pyramid Watsonia,Pyramid Builders And Developers,new,13.089378,77.604434,portal_boundary,high,,Kempegowda Ward,nan,,,8096,,,Jun 2023,2018
PRM/KA/RERA/1251/309/PR/180516/001703,Ds Max Smartnest,Ds Max Properties Private Limited,done,13.103922,77.511117,village_centroid,medium,"Village Ganigarahalli (Bangalore North), match 1.00, area 1.2 sq km",Ganigarahalli,560022,,,3487,,,Aug 2019,2018
PRM/KA/RERA/1251/310/PR/180516/001713,The Infiniti,Ambiant Inetsolv Twincities Llp,new,12.915906,77.549117,locality_name,low,"Village name ""Uttarahalli"" found in address",Uttarahalli,nan,,,10126,,,Jan 2023,2018
PRM/KA/RERA/1251/309/PR/180516/001685,Unishire Pratyaksh,Unishire Urban Infra Limited,ongoing,12.991734,77.559088,portal_boundary,high,,Prakash Nagar,nan,,,1277,,,Apr 2023,2018
PRM/KA/RERA/1251/310/PR/180516/001710,Sai Vaibhav,Sai Kiran Constructions,new,12.904434,77.475278,portal_boundary,high,,Kambipura,nan,,,5365,,,Dec 2020,2018
PRM/KA/RERA/1251/309/PR/180516/001678,Unishire Premia,Unishire Skyscapes Llp,ongoing,13.072663,77.618462,portal_boundary,high,,Jakkuru,nan,,,4579,,,Jul 2020,2018
PRM/KA/RERA/1251/446/PR/180516/001722,Mims Northbrook,Mims Builders Pvt. Ltd.,done,13.09219,77.672986,locality_name,low,"Village name ""Doddagubbi"" found in address",Doddagubbi,nan,,,6373,,,Apr 2021,2018
PRM/KA/RERA/1251/446/PR/180516/001707,Ds - Max Sparkle Nest,Ds Max Properties Private Limited,done,13.335095,77.747484,village_centroid,medium,"Village Narayanapura (Devanhalli), match 0.96, area 1.4 sq km",Narayanapura,nan,,,4649,,,Jun 2019,2018
PRM/KA/RERA/1251/310/PR/180516/001702,Ds Max Savera,Ds Max Properties Private Limited,done,12.915906,77.549117,village_centroid,medium,"Village Uttarahalli (Bangalore South), match 1.00, area 2.8 sq km",Uttarahalli,nan,,,11533,,,Jun 2019,2018
PRM/KA/RERA/1251/310/PR/180516/001711,Hm Crescendo,Hm Infratech Pvt Ltd & M/S. Pedigree Constructions Pvt Ltd,new,12.919103,77.580384,village_centroid,medium,"Village Jaraganahalli Og (Bangalore South), match 0.93, area 1.6 sq km",Shakambari Nagar,nan,,,3230,,,Dec 2021,2018
PRM/KA/RERA/1251/310/PR/180516/001698,Sri Tirumala Ambience,Adhikam Praveen,done,13.089742,77.654458,village_centroid,medium,"Village Kothanur (Bangalore South), match 1.00, area 1.1 sq km",Kothanur,nan,,,5179,,,Jun 2021,2018
PRM/KA/RERA/1251/446/PR/180516/001680,Unishire Terraza,Unishire Homes Llp,ongoing,13.057905,77.629298,portal_boundary,high,,Thanisandra,nan,,,11009,,,Dec 2019,2018
PRM/KA/RERA/1251/309/PR/180516/001679,Unishire Palazzo,Unishire Skyscapes Llp,ongoing,13.071604,77.617239,portal_boundary,high,,Jakkuru,nan,,,4849,,,Apr 2023,2018
PRM/KA/RERA/1251/446/PR/180516/001720,Purvi Symphony,Sai Purvi Developers,new,12.91951,77.737511,portal_boundary,high,,Varthuru,nan,,,13606,,,Oct 2023,2018
PRM/KA/RERA/1251/310/PR/180516/001699,Rohan Akriti Building 2,Rohan Gruh Nirman Llp,done,12.957316,77.616588,ward_centroid,low,BBMP ward 184 Vannarapete,Vannarapete,nan,,,12858,,,Sep 2023,2018
PRM/KA/RERA/1251/446/PR/180516/001681,Unishire Xperience,Unishire Regency Park Llp,new,13.024261,77.646777,portal_boundary,high,,Babusab Palya,nan,,,11713,,,Sep 2023,2018
PRM/KA/RERA/1251/309/PR/180516/001694,Slv Essenza,Slv Structures,new,13.094486,77.612329,village_centroid,medium,"Village Jakkuru (Bangalore North), match 0.92, area 2.5 sq km",Kogilu,nan,,,2496,,,Nov 2019,2018
PRM/KA/RERA/1251/310/PR/180516/001692,Vanya Palace,S G Developers,done,12.917341,77.494284,village_centroid,low,"Village Kengeri Og (Bangalore South), match 0.88, area 8.3 sq km",Bande Mutt,nan,,,1155,,,Dec 2019,2018
PRM/KA/RERA/1251/446/PR/180516/001706,Ds Max Skyscape,Ds Max Properties Private Limited,done,13.082447,77.72356,locality_name,low,"Village name ""Bidarahalli"" found in address",Bidarahalli,nan,,,7066,,,Jul 2018,2018
PRM/KA/RERA/1251/310/PR/180516/001691,Lakshmi Sannidhi,Lakshmi Narasimha Builders,done,12.914198,77.621112,village_centroid,medium,"Village Kodichikkanahalli (Bangalore South), match 1.00, area 1.1 sq km",BTM Layout,nan,,,1790,,,Feb 2021,2018
PRM/KA/RERA/1251/309/PR/180516/001683,Unishire Lakshmi Vilas,Unishire Constructions Llp,ongoing,12.997986,77.583417,portal_boundary,high,,Vasanth Nagar,nan,,,1327,,,Apr 2022,2018
PRM/KA/RERA/1251/308/PR/180516/001704,Ds Max Silver Oak,Ds Max Properties Private Limited,done,13.099554,77.717957,village_centroid,medium,"Village Kammasandra (Bangalore South), match 1.00, area 1.6 sq km",Kammasandra,nan,,,4149,,,Dec 2018,2018
PRM/KA/RERA/1251/310/PR/180516/001686,Khb Platinum,A B Ibrahim,ongoing,12.923394,77.485696,locality_name,low,"Ward name ""Kengeri"" found in address",Kengeri,nan,,,24412,,,Dec 2017,2018
PRM/KA/RERA/1251/308/PR/180516/001705,Ds Max Silverwood,Ds Max Properties Private Limited,done,12.826878,77.690339,village_centroid,medium,"Village Bommasandra (Anekal), match 1.00, area 5.2 sq km",Bommasandra,nan,,,4653,,,May 2019,2018
PRM/KA/RERA/1251/446/PR/180516/001701,Camellia Pride,Camellia Infrastructures,done,12.981616,77.525428,ward_centroid,low,BBMP ward 149 Kaveripura,Kaveripura,nan,,,5055,,,Sep 2022,2018
PRM/KA/RERA/1251/310/PR/180509/001673,Nitesh Columbus Square Phase Ii,Nitesh Housing Developers Private Limited,ongoing,13.351007,77.417032,locality_name,low,"Village name ""Bommanahalli"" found in address",Bommanahalli,nan,,,17604,,,Dec 2018,2018
PRM/KA/RERA/1251/308/PR/180509/001676,Oak Leaf,Suvastu Estates Pvt Ltd,ongoing,12.881024,77.760156,portal_boundary,high,,Yamare,nan,,,3414,,,Dec 2019,2018
PRM/KA/RERA/1251/308/PR/180509/001677,Sowparnika Unnathi,Sowparnika Projects And Infrastructure Private Limited,new,12.789785,77.775052,portal_boundary,high,,Attibele,nan,,,3845,,,Aug 2023,2018
PRM/KA/RERA/1251/310/PR/180509/001675,Nitesh Caesars Palace Phase 2,Nitesh Estates Limited,ongoing,13.107481,77.757653,locality_name,low,"Village name ""Raghuvanahalli"" found in address",Raghuvanahalli,nan,,,19930,,,Mar 2018,2018
PRM/KA/RERA/1251/446/PR/180509/001674,Nitesh Cape Cod Phase I,Nitesh Urban Development Private Limited,ongoing,12.932221,77.678884,village_centroid,medium,"Village Kaikondahalli (Bangalore South), match 0.93, area 1.1 sq km",Bellanduru,nan,,,17705,,,Dec 2018,2018
PRM/KA/RERA/1251/446/PR/180507/001662,Balaji Monarch,Sri Balaji Builders,new,12.976444,77.463697,locality_name,low,"Village name ""Kannahalli"" found in address",Kannahalli,nan,,,3894,,,Dec 2020,2018
PRM/KA/RERA/1251/309/PR/180507/001652,Vspl Crescent,Vspl Projects Pvt Ltd,done,13.026609,77.548411,portal_boundary,high,,Chatrapati Shivaji,nan,,,2195,,,Dec 2020,2018
PRM/KA/RERA/1251/309/PR/180507/001621,Atreum Pride,Atreum Promoters Pvt Ltd,ongoing,13.040316,77.505009,portal_boundary,high,,Chokkasandra,nan,,,891,,,Aug 2019,2018
PRM/KA/RERA/1251/446/PR/180507/001657,White Lotus Kalpavriksha,White Lotus Smart Homes Llp,new,12.993032,77.616117,portal_boundary,high,,Pulikeshinagar,nan,,,1697,,,Mar 2022,2018
PRM/KA/RERA/1251/310/PR/180507/001658,G R Luxuria,G R Promoters,done,13.351007,77.417032,village_centroid,medium,"Village Bommanahalli (Dod Ballapur), match 1.00, area 3.0 sq km",Bommanahalli,nan,,,1812,,,Apr 2019,2018
PRM/KA/RERA/1251/309/PR/180507/001637,Hoysala Hallmark Lalith,Hoysala Projects Private Limited,new,13.04,77.61,portal_boundary,high,,Kempapura,nan,,,4300,,,Oct 2023,2018
PRM/KA/RERA/1251/446/PR/180507/001630,Slv Vajra,Slv Shelters,new,13.044189,77.666132,village_centroid,medium,"Village Horamavu (Bangalore South), match 1.00, area 3.4 sq km",Kalkere,nan,,,1758,,,Jul 2019,2018
PRM/KA/RERA/1251/309/PR/180507/001646,Rohan Upavan - Phase 1,Rohan Builders,done,13.080922,77.66557,village_centroid,medium,"Village Kyalasanahalli (Bangalore South), match 1.00, area 2.9 sq km",Kyalasanahalli,560077,,,7055,,,Jun 2023,2018
PRM/KA/RERA/1251/310/PR/180507/001620,Fair Galaxy,J . Gopakumar,ongoing,13.11276,77.503171,village_centroid,medium,"Village Kempapura (Bangalore North), match 1.00, area 1.2 sq km",Kempapura,nan,,,788,,,Mar 2018,2018
PRM/KA/RERA/1251/446/PR/180507/001663,Sampada Residency,M/S.Sampada Developers,done,13.154149,77.545597,locality_name,low,"Village name ""Krishnarajapura"" found in address",Krishnarajapura,nan,,,2266,,,Feb 2020,2018
PRM/KA/RERA/1251/472/PR/180507/001645,Dharani Homes,Dharaniconstructions,done,13.113955,77.600872,locality_name,low,"Village name ""Yelahanka"" found in address",Kempegowda Ward,nan,,,833,,,Sep 2021,2018
PRM/KA/RERA/1251/310/PR/180507/001638,Mr Sannidhi,M R Developers,ongoing,12.927548,77.549139,village_centroid,medium,"Village Arehalli (Bangalore South), match 1.00, area 1.3 sq km",Katriguppe,nan,,,5665,,,Jul 2019,2018
PRM/KA/RERA/1251/309/PR/180507/001642,Shrishti Enclave,Shrishtidevelopers,new,13.095158,77.623759,locality_name,low,"Village name ""Sampigehalli"" found in address",Kogilu,nan,,,8703,,,Mar 2023,2018
PRM/KA/RERA/1251/310/PR/180507/001672,Jains Aashraya,Jain Housing & Construction Ltd.,ongoing,12.842941,77.58533,portal_boundary,high,,Kalena Agrahara,nan,,,5134,,,Jan 2021,2018
PRM/KA/RERA/1251/310/PR/180507/001671,Provident Park Square Phase 3 (Towers 5A And 5B),Puravankara Limited,new,12.862877,77.541896,portal_boundary,high,,Hemmigepura,nan,,,6451,,,Jul 2023,2018
PRM/KA/RERA/1250/303/PR/180507/001627,"Building Nos. 8,9 (Part), 28, 29",Lakepoint Builders Private Limited,done,13.222074,77.668842,pin_centroid,low,PIN 562110 median of 37 located projects,Udayagiri,562110,,,5620,,,Apr 2019,2018
PRM/KA/RERA/1251/310/PR/180507/001640,Srushti Swara,Srushti Builders,ongoing,12.857085,77.618803,locality_name,low,"Village name ""Mylasandra"" found in address",Mylasandra,nan,,,1396,,,Mar 2019,2018
PRM/KA/RERA/1251/310/PR/180507/001623,Waterford Estate,Glenloch Properties Llp,ongoing,13.133732,77.433602,village_centroid,medium,"Village Huskur (Bangalore North), match 1.00, area 4.3 sq km",Huskur,nan,,,25290,,,Sep 2021,2018
PRM/KA/RERA/1251/309/PR/180507/001639,Rose Vista,M/S. Taapasi Properties,new,13.122952,77.648496,portal_boundary,high,,Mittiganahalli,nan,,,46842,,,Jan 2020,2018
PRM/KA/RERA/1251/310/PR/180507/001622,Sobha Arena - Pebble Court (Block 1),Sobha Limited,new,12.876353,77.540952,village_centroid,medium,"Village Thalaghattapura (Bangalore South), match 1.00, area 2.0 sq km",Hemmigepura,nan,,,9795,,,Jan 2023,2018
PRM/KA/RERA/1250/307/PR/180507/001624,Temple Heights,Frontier Infracon,new,12.915752,77.636273,portal_boundary,high,,Agara,nan,,,15775,,,Sep 2022,2018
PRM/KA/RERA/1251/309/PR/180507/001661,Eshwaree Orchids,Eshwaree Shelters,done,13.096374,77.560498,portal_boundary,high,,Atturu Layout,nan,,,855,,,Nov 2019,2018
PRM/KA/RERA/1251/310/PR/180507/001631,100 Trees,Adiga Property Developers,new,12.885222,77.56256,village_centroid,medium,"Village Thippasandra (Bangalore South), match 1.00, area 0.7 sq km",Konanakunte,nan,,,4755,,,Apr 2021,2018
PRM/KA/RERA/1251/446/PR/180507/001633,Sai Sahas,Sai Sneha Developers,done,12.942471,77.679806,locality_name,low,"Village name ""Bellandur"" found in address",Bellanduru,nan,,,1821,,,Mar 2019,2018
PRM/KA/RERA/1251/310/PR/180507/001648,Provident Park Square Phase 2,Puravankara Limited,new,12.863268,77.542291,portal_boundary,high,,Hemmigepura,nan,,,2474,,,Jul 2023,2018
PRM/KA/RERA/1251/309/PR/180507/001654,Jeevanadi Sampoorna,Jeevanadi Estates Private Limited,ongoing,13.106284,77.751331,village_centroid,medium,"Village Kodigehalli (Bangalore South), match 1.00, area 0.8 sq km",Kodigehalli,nan,,,6548,,,Sep 2021,2018
PRM/KA/RERA/1251/310/PR/180507/001651,Eden Park,Lakshmiwan Polymers Private Limited,done,12.912422,77.508931,portal_boundary,high,,Hemmigepura,nan,,,3019,,,Sep 2020,2018
PRM/KA/RERA/1251/310/PR/180507/001653,Siddartha Solitaire Phase 1,Siddartha Builders,done,12.878382,77.663446,village_centroid,medium,"Village Beratena Agrahara (Bangalore South), match 0.93, area 1.2 sq km",Naganathapura,nan,,,9915,,,Sep 2023,2018
PRM/KA/RERA/1251/310/PR/180507/001635,Salarpuria Sattva Misty Charm,Salarpuria Housing Private Limited,new,13.012519,77.404654,village_centroid,medium,"Village Mallasandra (Bangalore North), match 1.00, area 2.4 sq km",Mallasandra,nan,,,48364,,,Oct 2024,2018
PRM/KA/RERA/1251/446/PR/180507/001636,East Breeze,Sj Constructions,done,12.965158,77.733568,locality_name,low,"Ward name ""Whitefield"" found in address",Whitefield,nan,,,2934,,,Feb 2020,2018
PRM/KA/RERA/1251/446/PR/180504/001595,Nvr Sunpearl,M/S. Nvr Developers,new,13.026991,77.753623,village_centroid,medium,"Village Kumbena Agrahara (Bangalore South), match 1.00, area 1.2 sq km",Kumbena Agrahara,nan,,,5789,,,Mar 2020,2018
PRM/KA/RERA/1251/446/PR/180504/001607,Midtown Raaga,Midtown Infra,new,13.00449,77.730035,portal_boundary,high,,Hudi,nan,,,4136,,,Jan 2021,2018
PRM/KA/RERA/1251/446/PR/180504/001598,Hi Life Greens,Hi Life Ventures Pvt Ltd,new,12.946203,77.740145,village_centroid,low,"Village Gunjur (Bangalore South), match 1.00, area 9.5 sq km",Varthuru,nan,,,16390,,,Sep 2022,2018
PRM/KA/RERA/1251/310/PR/180504/001591,Ascent,Sandeep Kumar S,new,12.866442,77.690741,portal_boundary,high,,Chikkanagamangala,nan,,,14958,,,Sep 2021,2018
PRM/KA/RERA/1251/446/PR/180504/001594,Purvi Khosala,Sai Purvi Developers,done,12.981616,77.525428,ward_centroid,low,BBMP ward 149 Kaveripura,Kaveripura,nan,,,3571,,,Mar 2020,2018
PRM/KA/RERA/1251/308/PR/180504/001601,Estella Maple Square Block B,Estella Builders And Developers Private Limited,new,12.902204,77.678651,village_centroid,medium,"Village Choodasandra (Anekal), match 0.95, area 1.6 sq km",Doddakanahalli,nan,,,3757,,,Jun 2021,2018
PRM/KA/RERA/1251/446/PR/180504/001573,Subham Antique City,Subham Developers,done,12.539975,77.203464,village_centroid,medium,"Village Kondapura (Channapatna), match 0.94, area 1.0 sq km",Kondapura,nan,,,3902,,,Sep 2021,2018
PRM/KA/RERA/1251/308/PR/180504/001615,Grc Subhiksha,Grc Infra Pvt Ltd,done,12.884083,77.682008,portal_boundary,high,,Sriramapura,nan,,,11228,,,Apr 2024,2018
PRM/KA/RERA/1251/310/PR/180504/001613,Mahaveer Carnation,Red Coral Properties,new,12.876353,77.540952,village_centroid,medium,"Village Thalaghattapura (Bangalore South), match 1.00, area 2.0 sq km",Hemmigepura,nan,,,6502,,,Jul 2023,2018
PRM/KA/RERA/1251/310/PR/180504/001583,Karishma Crystal,Karishma Infrastructure,ongoing,12.932604,77.531754,village_centroid,medium,"Village Halagevaderahalli Og (Bangalore South), match 0.94, area 4.8 sq km",Jnana Bharathi,nan,,,1021,,,May 2019,2018
PRM/KA/RERA/1251/310/PR/180504/001570,Sai Siri Heritage,Sai Siri Ventures,done,12.90775,77.4885,portal_boundary,high,,Bande Mutt,nan,,,7813,,,Oct 2019,2018
PRM/KA/RERA/1251/308/PR/180504/001599,White Stone,Subha Prada Builders And Developers,new,12.796358,77.706115,village_centroid,medium,"Village Iggalur (Anekal), match 1.00, area 4.1 sq km",Iggalur,nan,,,2479,,,Dec 2019,2018
PRM/KA/RERA/1251/310/PR/180504/001567,Krishna Mystiq (Phase-I),Krishna Enterprises (Housing & Infrastructures) India Private Limited,ongoing,12.861975,77.654002,village_centroid,medium,"Village Doddathoguru (Bangalore South), match 0.95, area 5.0 sq km",Begur,nan,,,19931,,,Oct 2017,2018
PRM/KA/RERA/1251/310/PR/180504/001569,Premier Krishna,Premier Properties,done,12.927929,77.594785,ward_centroid,low,BBMP ward 195 Tilak Nagar,Tilak Nagar,nan,,,669,,,Dec 2018,2018
PRM/KA/RERA/1251/446/PR/180504/001614,Swathi Magnolia,Swathi Builders And Properties,done,12.937667,77.737649,portal_boundary,high,,Varthuru,nan,,,2297,,,May 2020,2018
PRM/KA/RERA/1251/446/PR/180504/001588,Lns Prominent East Winds,Prominent Homes,done,13.009136,77.760781,portal_boundary,high,,Bengaluru East,nan,,,2787,,,Dec 2019,2018
PRM/KA/RERA/1251/310/PR/180503/001564,Sowparnika Pranathi,Sowparnika Projects And Infrastructure Private Limited,new,12.874675,77.448081,portal_boundary,high,,Kaniminike,nan,,,7487,,,Jun 2024,2018
PRM/KA/RERA/1251/472/PR/180504/001565,Pelican Grove,Jakkur Grove Developers Llp,done,13.094486,77.612329,village_centroid,medium,"Village Jakkuru (Bangalore North), match 0.92, area 2.5 sq km",Kogilu,nan,,,7284,,,Mar 2023,2018
PRM/KA/RERA/1251/309/PR/180425/001543,Arvind Oasis,Arvind Infracon Llp,new,13.008106,77.381838,locality_name,low,"Village name ""Nagasandra"" found in address",Nagasandra,nan,,,14770,,,Dec 2023,2018
PRM/KA/RERA/1251/310/PR/180425/001563,Sri Lakshmivenkateshwaraswamy,Lakkappa.K,ongoing,12.898752,77.594662,locality_name,low,"Ward name ""Vinayakanagar"" found in address",Vinayakanagar,nan,,,1082,,,Dec 2018,2018
PRM/KA/RERA/1251/310/PR/180425/001557,Mythri Mithila,Mythri Developers,new,12.991066,77.415329,locality_name,low,"Village name ""Varthur"" found in address",Varthur,nan,,,5362,,,Apr 2021,2018
PRM/KA/RERA/1251/308/PR/180425/001554,Akruti Ark,Akruti Homes Bangalore Private Limited,new,12.814944,77.790244,village_centroid,medium,"Village Bidaraguppe (Anekal), match 0.95, area 6.2 sq km",Bidaraguppe,562017,,,18312,,,Jul 2022,2018
PRM/KA/RERA/1251/308/PR/180425/001550,Sands Gateway,Sands Infratech Developers India Private Limited,ongoing,12.871261,77.787979,village_centroid,low,"Village Sarjapura (Anekal), match 1.00, area 8.3 sq km",Sarjapura,nan,,,2024,,,Dec 2017,2018
PRM/KA/RERA/1251/446/PR/180425/001556,Ruchira Aarna Homes,Ruchira Projects,new,12.964358,77.755504,portal_boundary,high,,Hagadur,nan,,,1476,,,Oct 2019,2018
PRM/KA/RERA/1251/310/PR/180425/001558,Mr Shine Woods,Mr Homes,done,12.870422,77.606089,village_centroid,medium,"Village Kammanahalli (Bangalore South), match 1.00, area 2.6 sq km",Hulimavu,nan,,,2226,,,Aug 2021,2018
PRM/KA/RERA/1251/309/PR/180425/001562,Vasundra Krishnashreya,Vasundra Builder,done,12.979577,77.499231,portal_boundary,high,,Sir M. Vishweshwaraiah,nan,,,2613,,,Jun 2019,2018
PRM/KA/RERA/1251/446/PR/180420/001514,Indio Classic,Indio Developers Private Limited,new,12.990001,77.71516,portal_boundary,high,,Hudi,nan,,,761,,,Dec 2019,2018
PRM/KA/RERA/1251/310/PR/180420/001530,Snr Wind Mill,Snr Square Pvt Ltd,done,12.854384,77.592956,pin_centroid,low,PIN 560083 median of 22 located projects,Gottigere,560083,,,1417,,,Mar 2020,2018
PRM/KA/RERA/1251/446/PR/180420/001506,Redifice Private Residencies - Avalon Exeter,Redifice Developers India Pvt. Ltd.,new,12.997516,77.597215,locality_name,low,"Ward name ""Jayamahal"" found in address",Jayamahal,nan,,,1608,,,Feb 2023,2018
PRM/KA/RERA/1251/446/PR/180420/001522,Msr Crown Imperials,Msr Developers,new,13.014607,77.735623,portal_boundary,high,,Sadaramangala,nan,,,6000,,,Jul 2021,2018
PRM/KA/RERA/1251/310/PR/180420/001520,Pebble Bay -Koramangala Phase I,Italix Living Spaces Pvt Ltd,ongoing,12.924456,77.627555,village_centroid,medium,"Village Rupena Agrahara Og (Bangalore South), match 0.92, area 0.8 sq km",Koramangala,nan,,,7299,,,Dec 2019,2018
PRM/KA/RERA/1251/309/PR/180420/001512,Mithuna White Aspera,Mithuna Constructions Pvt Ltd,done,13.113955,77.600872,locality_name,low,"Village name ""Yelahanka"" found in address",Kempegowda Ward,nan,,,7493,,,Dec 2022,2018
PRM/KA/RERA/1251/310/PR/180420/001539,Akshaya Regalia,Akshaya Builders And Developers,done,12.897782,77.526231,portal_boundary,high,,Subramanyapura,nan,,,7659,,,Mar 2018,2018
PRM/KA/RERA/1251/308/PR/180420/001498,Golden Homes – Phase 3,Golden Gate Properties Ltd,ongoing,12.799937,77.779014,village_centroid,medium,"Village Indlabele (Anekal), match 1.00, area 3.8 sq km",Indlabele,nan,,,69606,,,Dec 2019,2018
PRM/KA/RERA/1251/446/PR/180420/001527,Gr Elysium3,G R Builders,new,12.96579,77.722869,portal_boundary,high,,Whitefield,nan,,,7774,,,Sep 2020,2018
PRM/KA/RERA/1251/446/PR/180420/001531,Josh Elite,Moksha Developers,new,13.0079,77.717436,portal_boundary,high,,Basavanapura,nan,,,1003,,,Sep 2019,2018
PRM/KA/RERA/1251/310/PR/180420/001540,Green Fontana,Green Cars Pvt Ltd,ongoing,12.958916,77.628957,locality_name,low,"Village name ""Koramangala"" found in address",Agaram,nan,,,541,,,Dec 2019,2018
PRM/KA/RERA/1251/446/PR/180420/001500,Carbon Corner Stone,Carbon Developers Pvt Ltd,done,12.92901,77.699256,village_centroid,medium,"Village Doddakannalli (Bangalore South), match 0.93, area 4.1 sq km",Munnekollala,nan,,,4309,,,Nov 2017,2018
PRM/KA/RERA/1251/309/PR/180420/001542,Bluevalley Zen,"M/S.Blue Valley Urban Infratech Private Limited,",new,13.02425,77.610571,ward_centroid,low,BBMP ward 75 Kushal Nagar,Kushal Nagar,nan,,,910,,,May 2019,2018
PRM/KA/RERA/1251/446/PR/180420/001496,Thirumala Lakshmi Vaibav,Sri Chowdeshwari Projects,ongoing,13.038376,77.77353,village_centroid,medium,"Village Seegehalli (Bangalore South), match 0.90, area 3.3 sq km",Seegehalli,nan,,,12545,,,Nov 2020,2018
PRM/KA/RERA/1251/310/PR/180420/001502,Legacy Belicia,Legacy Belicia,new,12.936828,77.569018,locality_name,low,"Ward name ""Basavanagudi"" found in address",Basavanagudi,nan,,,784,,,Dec 2023,2018
PRM/KA/RERA/1251/309/PR/180420/001503,Pristine Meadows Block 2,Pristine Homes,done,13.092988,77.634343,portal_boundary,high,,Kogilu,nan,,,4456,,,Dec 2019,2018
PRM/KA/RERA/1251/310/PR/180420/001509,Lawns,Lakshmiwan Polymers Private Limited,new,12.912897,77.508632,portal_boundary,high,,Hemmigepura,nan,,,10825,,,Dec 2022,2018
PRM/KA/RERA/1250/304/PR/180420/001529,Lksjr Developer Private Limited,Lksjr Developer Private Limited,new,13.070492,77.806444,locality_name,low,"Village name ""Ganagalur"" found in address",Ganagalur,nan,,,1518,,,Oct 2019,2018
PRM/KA/RERA/1251/446/PR/180420/001525,Amrutha Platinum Towers,Amrutha Rama Constructions Pvt Ltd,new,12.403943,77.427645,village_centroid,low,"Village Nallahalli (Kankapura), match 0.91, area 13.0 sq km",Nallahalli,nan,,,10016,,,Sep 2024,2018
PRM/KA/RERA/1251/310/PR/180420/001513,Sobha Arena - The Square (Block 4),Sobha Limited,done,12.876353,77.540952,village_centroid,medium,"Village Thalaghattapura (Bangalore South), match 1.00, area 2.0 sq km",Hemmigepura,nan,,,11897,,,Sep 2022,2018
PRM/KA/RERA/1251/309/PR/180420/001499,Slv Green City,Slv Developers Private Limited,ongoing,13.127458,77.731211,village_centroid,medium,"Village Thirumalenahalli (Bangalore South), match 0.93, area 0.7 sq km",Thirumalenahalli,nan,,,6070,,,Sep 2018,2018
PRM/KA/RERA/1251/309/PR/180420/001497,Tirumala Rk Paramount,Praveen Mohan,ongoing,12.959762,77.517456,locality_name,low,"Ward name ""Nagarabhavi"" found in address",Nagarabhavi,nan,,,668,,,Mar 2018,2018
PRM/KA/RERA/1251/446/PR/180406/001478,Sandeep Square,Sandeep Constructions,ongoing,12.941678,77.706673,village_centroid,medium,"Village Bhoganahalli (Bangalore South), match 1.00, area 2.7 sq km",Munnekollala,nan,,,9004,,,Mar 2018,2018
PRM/KA/RERA/1251/309/PR/180406/001495,Prestige Jindal City Phase-I,Prestige Southcity Holdings,done,13.063546,77.490614,village_centroid,medium,"Village Chikkabidarakallu Og (Bangalore North), match 0.94, area 1.3 sq km",Chikkabidarakallu Og,nan,,,131016,,,Jul 2022,2018
PRM/KA/RERA/1251/446/PR/180406/001493,38 & Banyan,Assetz Buildwell Llp,new,12.991066,77.415329,locality_name,low,"Village name ""Varthur"" found in address",Varthur,nan,,,4470,,,Mar 2022,2018
PRM/KA/RERA/1251/446/PR/180406/001472,Kumari Woods And Winds,T. Narasimhulu,done,13.212432,77.507617,locality_name,low,"Village name ""Channasandra"" found in address",Channasandra,nan,,,6970,,,Dec 2018,2018
PRM/KA/RERA/1251/308/PR/180406/001467,Gm Ambitious Enclave,M/S. Allam Infinite India Private Limited,new,12.851977,77.6946,pin_centroid,low,PIN 560099 median of 61 located projects,Singena Agrahara,560099,,,41889,,,Jul 2025,2018
PRM/KA/RERA/1251/446/PR/180406/001488,Windsor Homes,Sri Manjunatha Developers,ongoing,13.011759,77.737332,portal_boundary,high,,Bengaluru East,nan,,,2831,,,Jan 2018,2018
PRM/KA/RERA/1251/309/PR/180406/001474,Tirumala Ln Luxuria,Praveen Mohan,ongoing,12.626434,77.244745,locality_name,low,"Village name ""Attiguppe"" found in address",Attiguppe,nan,,,763,,,Dec 2018,2018
PRM/KA/RERA/1251/309/PR/180406/001485,Dhanush Enclave,Dhanush Builders,ongoing,13.092,77.541994,portal_boundary,high,,Atturu Layout,nan,,,3945,,,May 2018,2018
PRM/KA/RERA/1251/310/PR/180406/001486,Rathna Deepaka Lotus,Venkatesh Selvaraj,ongoing,12.863333,77.543333,portal_boundary,high,,Hemmigepura,nan,,,1227,,,Sep 2018,2018
PRM/KA/RERA/1251/309/PR/180406/001475,Tirumala Maharlika,Praveen Mohan,ongoing,12.99221,77.542301,locality_name,low,"Ward name ""Basaveshwara Nagar"" found in address",Basaveshwara Nagar,nan,,,891,,,Dec 2018,2018
PRM/KA/RERA/1251/310/PR/180406/001487,Sunshine Signature,United Estates Builders Pvt Ltd,new,12.871261,77.787979,locality_name,low,"Village name ""Sarjapura"" found in address",Sarjapura,nan,,,16599,,,May 2019,2018
PRM/KA/RERA/1251/309/PR/180406/001469,Krishna Shelton,Krishna Enterprises (Housing & Infrastructures) India Private Limited,ongoing,13.038249,77.881801,village_centroid,medium,"Village Kattigenahalli (Hoskote), match 0.97, area 3.5 sq km",Kattigenahalli,nan,,,15503,,,Sep 2017,2018
PRM/KA/RERA/1251/310/PR/180406/001490,Jhanavi Capetown Heights,Jhanavi Heights Pvt. Ltd.,done,12.825721,77.65413,portal_boundary,high,,Hulimangala,nan,,,4858,,,Mar 2020,2018
PRM/KA/RERA/1251/308/PR/180406/001489,Geown Oasis,Geown Casper Properties Pvt Ltd,done,13.12568,77.790152,locality_name,low,"Village name ""Kallahalli"" found in address",Kallahalli,nan,,,26810,,,Aug 2021,2018
PRM/KA/RERA/1251/446/PR/180406/001481,Sands Galaxy,Sands Infratechdevelopers India Pvt Ltd,ongoing,13.054957,77.660393,ward_centroid,low,BBMP ward 81 Horamavu,Horamavu,nan,,,1316,,,Dec 2017,2018
PRM/KA/RERA/1251/308/PR/180406/001491,Tranquil Residency,M/S Sri Tirumala Constructions & Developers,ongoing,12.8505,77.727447,village_centroid,medium,"Village Narayanaghatta (Anekal), match 1.00, area 2.3 sq km",Narayanaghatta,nan,,,3754,,,Dec 2019,2018
PRM/KA/RERA/1251/310/PR/180329/002246,A.N. Comforts,D. Anand Naidu,done,12.915906,77.549117,locality_name,low,"Village name ""Uttarahalli"" found in address",Uttarahalli,nan,,,1852,,,May 2019,2018
PRM/KA/RERA/1251/310/PR/180329/000899,Krishna Mystiq (Phase-Ii),Krishna Enterprises (Housing & Infrastructures) India Private Limited,ongoing,12.861975,77.654002,village_centroid,medium,"Village Doddathoguru (Bangalore South), match 0.95, area 5.0 sq km",Begur,nan,,,19931,,,Oct 2017,2018
PRM/KA/RERA/1251/310/PR/180329/002164,Park Lane Villa,Carbon Developers Pvt Ltd,done,13.067332,77.659333,portal_boundary,high,,Horamavu,nan,,,12039,,,Dec 2017,2018
PRM/KA/RERA/1251/309/PR/180329/001255,Aries Lakeview,Narayan Enterprises,ongoing,13.094486,77.612329,village_centroid,medium,"Village Jakkuru (Bangalore North), match 0.92, area 2.5 sq km",Kogilu,nan,,,12616,,,Apr 2018,2018
PRM/KA/RERA/1251/309/PR/180329/002109,Antaliea Homes,Vng Developers,ongoing,13.127458,77.731211,village_centroid,medium,"Village Thirumalenahalli (Bangalore South), match 0.93, area 0.7 sq km",Thirumalenahalli,nan,,,33689,,,Jul 2019,2018
PRM/KA/RERA/1251/308/PR/180329/001820,Vivansaa Baalsam,Vivansaa Baalsam,ongoing,12.832821,77.786782,village_centroid,medium,"Village S Medihalli (Anekal), match 0.90, area 4.8 sq km",S Medihalli,nan,,,8700,,,Apr 2021,2018
PRM/KA/RERA/1251/309/PR/180329/001957,Sreereddy Ceyone,Sreereddy Properties Pvt Ltd,ongoing,13.011665,77.67631,locality_name,low,"Ward name ""Ramamurthy Nagara"" found in address",Ramamurthy Nagara,nan,,,983,,,Dec 2018,2018
PRM/KA/RERA/1251/446/PR/180329/002843,Godrej Reflections - Phase-1,M/S. Wonder Projects Development Private Limited,new,12.918997,77.677399,village_centroid,medium,"Village Kasavanahalli (Bangalore South), match 0.93, area 2.7 sq km",Doddakanahalli,nan,,,25191,,,Jan 2025,2018
PRM/KA/RERA/1251/446/PR/180329/002189,Urbanest Regal,Urbanest Infra Projects,new,13.006751,77.709276,portal_boundary,high,,Basavanapura,nan,,,982,,,Apr 2020,2018
PRM/KA/RERA/1251/310/PR/180329/001284,Emmanuel Heights,Emmanuel Constructions Private Limited,done,12.902204,77.678651,village_centroid,medium,"Village Choodasandra (Anekal), match 1.00, area 1.6 sq km",Doddakanahalli,nan,,,18577,,,Jun 2020,2018
PRM/KA/RERA/1251/310/PR/180329/002198,Platina Exotica,Platina Venture,done,13.139577,77.941812,locality_name,low,"Village name ""Gerahalli"" found in address",Gerahalli,nan,,,8296,,,Sep 2021,2018
PRM/KA/RERA/1251/446/PR/180329/001561,Sai Samruddhi,Dlr Urban Projeuctes,ongoing,13.109408,77.626051,locality_name,low,"Village name ""Agrahara"" found in address",Agrahara,nan,,,3475,,,Aug 2016,2018
PRM/KA/RERA/1251/308/PR/180329/002083,Vivansaa Blessings,The Vivansaa Infratech,ongoing,13.024075,77.703813,locality_name,low,"Ward name ""Medahalli"" found in address",Medahalli,nan,,,4871,,,Dec 2019,2018
PRM/KA/RERA/1251/308/PR/180329/002167,Sri Chakra Blossom,Sri Chakra Constructions,done,12.791732,77.642919,locality_name,low,"Village name ""Jigani"" found in address",Jigani,nan,,,2529,,,Sep 2019,2018
PRM/KA/RERA/1251/446/PR/180329/001193,Sekhar Olympus,Sekhar Builders And Infratech,done,13.044189,77.666132,village_centroid,medium,"Village Horamavu (Bangalore South), match 0.94, area 3.4 sq km",Kalkere,nan,,,4350,,,Feb 2020,2018
PRM/KA/RERA/1251/446/PR/180328/001860,Sai Teja Serein,Sai Teja Serein,done,13.106284,77.751331,village_centroid,medium,"Village Kodigehalli (Bangalore South), match 1.00, area 0.8 sq km",Kodigehalli,nan,,,2531,,,Jul 2017,2018
PRM/KA/RERA/1251/446/PR/180328/001555,Mystic Nest,Mystic Builders And Developers,ongoing,12.957527,77.731926,locality_name,low,"Village name ""Balagere"" found in address",Whitefield,nan,,,1517,,,Dec 2018,2018
PRM/KA/RERA/1251/309/PR/180328/001538,Anugrha Apartment,Gayathri Krishna Infrastructure Prospects Private Limited,ongoing,13.095158,77.623759,village_centroid,medium,"Village Sampigehalli (Bangalore North), match 0.96, area 1.7 sq km",Kogilu,nan,,,1571,,,Apr 2018,2018
PRM/KA/RERA/1251/308/PR/180328/001032,Mayur Pride,Mayur Serenity,ongoing,12.784264,77.684688,village_centroid,medium,"Village Hinnakki (Anekal), match 1.00, area 2.7 sq km",Hinnakki,nan,,,10117,,,Sep 2021,2018
PRM/KA/RERA/1251/309/PR/180328/000585,Mittal Palms,Trishul Developers,ongoing,12.72394,77.577572,village_centroid,low,"Village Shivanahalli (Anekal), match 0.91, area 10.5 sq km",Shivanahalli,nan,,,13460,,,Aug 2020,2018
PRM/KA/RERA/1251/309/PR/180328/002436,Ltcel Raintree Boulevard Cl3,L&T Realty Developers Limited,done,13.078221,77.5734,locality_name,low,"Ward name ""Byatarayanapura"" found in address",Byatarayanapura,nan,,,746,,,Apr 2021,2018
PRM/KA/RERA/1251/446/PR/180328/001791,Sreepadam Grand,Seven Hills Constructions,ongoing,13.038376,77.77353,locality_name,low,"Village name ""Seegehalli"" found in address",Seegehalli,nan,,,3900,,,Jan 2021,2018
PRM/KA/RERA/1251/310/PR/180328/002065,Silicon Indraprastha,M/S. Silicon Properties,ongoing,12.923394,77.485696,locality_name,low,"Ward name ""Kengeri"" found in address",Kengeri,nan,,,836,,,Dec 2017,2018
PRM/KA/RERA/1251/309/PR/180328/002345,Agastya Chirayu,Jaganatha Uday Shankar,new,13.113955,77.600872,locality_name,low,"Village name ""Yelahanka"" found in address",Kempegowda Ward,nan,,,1932,,,Apr 2019,2018
PRM/KA/RERA/1251/310/PR/180328/001840,E Golden Abode,Sree Krishna Rachana Developers,ongoing,12.865129,77.672507,locality_name,low,"Village name ""Konappana Agrahara"" found in address",Konappana Agrahara,nan,,,4040,,,Jul 2018,2018
PRM/KA/RERA/1251/446/PR/180328/001650,Temple Tree,Arv Infrastructres,done,12.965158,77.733568,locality_name,low,"Ward name ""Whitefield"" found in address",Whitefield,nan,,,4047,,,Dec 2017,2018
PRM/KA/RERA/1251/446/PR/180328/002069,Fortuna Krrish,Fortuna Constructions India Private Limited,ongoing,13.056222,77.677626,village_centroid,medium,"Village Kalkere (Bangalore South), match 1.00, area 5.4 sq km",Kalkere,nan,,,6849,,,Dec 2018,2018
PRM/KA/RERA/1251/308/PR/180328/002366,Sipani Royal Heritage Phase-I,Sipani Properties Pvt Ltd,new,12.796358,77.706115,village_centroid,medium,"Village Iggalur (Anekal), match 0.88, area 4.1 sq km",Iggalur,560099,,,39406,,,Jun 2023,2018
PRM/KA/RERA/1251/308/PR/180328/001784,Infrany Trinity,Infrany Ventures,ongoing,12.831716,77.667571,village_centroid,medium,"Village Thirupalya (Anekal), match 1.00, area 1.0 sq km",Thirupalya,nan,,,7461,,,Dec 2018,2018
PRM/KA/RERA/1251/446/PR/180328/000920,Neeladri Paradise,Neeladri Smart Homes Pvt Ltd,done,12.990093,77.703331,locality_name,low,"Ward name ""Garudachar Playa"" found in address",Garudachar Playa,nan,,,1995,,,Mar 2017,2018
PRM/KA/RERA/1251/446/PR/180328/002632,Sumadhura Eden Garden,Sumadhura Infracon Private Limited,done,13.051712,77.753475,village_centroid,medium,"Village Doddabanahalli (Bangalore South), match 1.00, area 1.8 sq km",Doddabanahalli,nan,,,56114,,,Sep 2022,2018
PRM/KA/RERA/1251/446/PR/180319/001797,Bm Pristine,B M Developers,ongoing,12.946203,77.740145,village_centroid,low,"Village Gunjur (Bangalore South), match 1.00, area 9.5 sq km",Varthuru,nan,,,9004,,,Jul 2016,2018
PRM/KA/RERA/1251/310/PR/180319/001495,Valagerahalli Phase 5,Bangalore Development Authority,ongoing,13.139577,77.941812,locality_name,low,"Village name ""Gerahalli"" found in address",Gerahalli,nan,,,19975,,,Mar 2018,2018
PRM/KA/RERA/1251/308/PR/180319/002414,One&Only (Phase 1 Of Gr Santhrupthi),Gr Constructions,done,12.890186,77.677101,portal_boundary,high,,Rayasandra,nan,,,6500,,,Aug 2022,2018
PRM/KA/RERA/1251/446/PR/180319/002336,Dhruvam,Eswar Constructions,done,13.101494,77.665328,village_centroid,medium,"Village Chikkagubbi (Bangalore South), match 1.00, area 1.7 sq km",Chikkagubbi,nan,,,2227,,,Dec 2020,2018
PRM/KA/RERA/1251/446/PR/180319/001760,Nakshatra Nestilo,Spad Classic Developers,new,12.991657,77.755276,village_centroid,medium,"Village White Field Og (Bangalore South), match 0.91, area 1.9 sq km",Belathur,nan,,,3902,,,Sep 2021,2018
PRM/KA/RERA/1251/446/PR/180319/001522,Doddabanahalli Phase 2,Bangalore Development Authority,done,13.051712,77.753475,locality_name,low,"Village name ""Doddabanahalli"" found in address",Doddabanahalli,nan,,,32413,,,Mar 2017,2018
PRM/KA/RERA/1251/310/PR/180319/001665,Sri Ramaa Nilaya,Shreenivas Sriramalu,ongoing,12.912506,77.570692,locality_name,low,"Ward name ""Banashankari Temple ward"" found in address",Banashankari Temple ward,nan,,,490,,,Jun 2019,2018
PRM/KA/RERA/1251/446/PR/180319/002842,Gallery Central,Ezzy Central,ongoing,12.953408,77.74473,pin_centroid,low,PIN 560001 median of 5 located projects,Varthuru,560001,,,1836,,,Jun 2021,2018
PRM/KA/RERA/1251/446/PR/180319/001966,Uber Signature,Ubercorp Infrastructure Llp,new,13.036141,77.549338,ward_centroid,low,BBMP ward 38 J P Park,J P Park,nan,,,1011,,,Dec 2020,2018
PRM/KA/RERA/1251/309/PR/180319/002441,Adithya Tranquil,Adithya Developers,new,13.120922,77.608106,portal_boundary,high,,Kempegowda Ward,nan,,,7436,,,Jan 2023,2018
PRM/KA/RERA/1251/308/PR/180319/001808,Vrr Golden Enclave Phase – I,H. N. Vijaya Raghava Reddy & Co.,done,12.834861,77.646911,village_centroid,medium,"Village Hulimangala (Anekal), match 1.00, area 6.6 sq km",Hulimangala,nan,,,28328,,,May 2021,2018
PRM/KA/RERA/1251/446/PR/180319/001378,Newark Springs,Newark Projects,ongoing,12.918997,77.677399,locality_name,low,"Village name ""Kasavanahalli"" found in address",Doddakanahalli,nan,,,4137,,,Dec 2017,2018
PRM/KA/RERA/1251/446/PR/180319/001484,Moonstone,Cmrs Builders,ongoing,12.97327,77.742654,pin_centroid,low,PIN 560066 median of 49 located projects,Whitefield,560066,,,6723,,,Dec 2017,2018
PRM/KA/RERA/1251/309/PR/180319/001533,Slv Serenity,Slv Infrastructures,ongoing,13.094486,77.612329,village_centroid,medium,"Village Jakkuru (Bangalore North), match 0.92, area 2.5 sq km",Kogilu,nan,,,3700,,,Jul 2016,2018
PRM/KA/RERA/1251/310/PR/180319/001589,Davik Prasad,Daivik Developers,done,12.857085,77.618803,locality_name,low,"Village name ""Mylasandra"" found in address",Mylasandra,nan,,,3290,,,Aug 2018,2018
PRM/KA/RERA/1251/446/PR/180319/000564,Venus Gardenia,Venus Homes,ongoing,12.991657,77.755276,village_centroid,medium,"Village White Field Og (Bangalore South), match 0.91, area 1.9 sq km",Belathur,nan,,,2648,,,Nov 2016,2018
PRM/KA/RERA/1251/446/PR/180319/000926,Nd Laurel,Nd Developers Pvt Ltd,ongoing,12.991066,77.415329,locality_name,low,"Village name ""Varthur"" found in address",Varthur,nan,,,5397,,,Dec 2017,2018
PRM/KA/RERA/1250/304/PR/180319/001492,Misty Winds,Chennam Rangaswamy,ongoing,13.459417,77.464035,village_centroid,medium,"Village Hosakote (Dod Ballapur), match 1.00, area 3.4 sq km",Hosakote,nan,,,8208,,,Mar 2020,2018
PRM/KA/RERA/1251/446/PR/180319/002730,Maarq Alpha,Maarq Spaces Private Limited,new,12.914134,77.702275,portal_boundary,high,,Munnekollala,nan,,,8070,,,Nov 2023,2018
PRM/KA/RERA/1251/446/PR/180319/001089,Aditi Tropica,Aditi Tropica,ongoing,12.931445,77.668066,village_centroid,medium,"Village Ambalipura (Bangalore South), match 1.00, area 1.3 sq km",Bellanduru,nan,,,4009,,,Dec 2020,2018
PRM/KA/RERA/1251/309/PR/180313/002719,Sashank Aavaas,M.Ramesh,new,13.104235,77.547198,portal_boundary,high,,Chikkabettahalli,nan,,,5363,,,Dec 2019,2018
PRM/KA/RERA/1251/310/PR/180313/002531,Opera Canopus,Opera Structures,new,13.191598,77.681597,village_centroid,medium,"Village Begur (Bangalore North), match 1.00, area 1.4 sq km",Begur,nan,,,1452,,,Dec 2019,2018
PRM/KA/RERA/1251/310/PR/180313/001980,Ds-Max Star Line,Ds-Max Properties Private Limited,done,12.874533,77.678504,locality_name,low,"Village name ""Doddanagamangala"" found in address",Doddanagamangala,nan,,,4747,,,Sep 2021,2018
PRM/KA/RERA/1251/446/PR/180313/002398,Ahad Excellencia,Ahad Builders Pvt Ltd,done,12.902678,77.69576,village_centroid,medium,"Village Chikkanayakanahalli (Bangalore South), match 0.92, area 2.1 sq km",Chikkanayakanahalli,nan,,,26622,,,Aug 2020,2018
PRM/KA/RERA/1251/310/PR/180313/002149,Chaitrashree Royale,Chaitrashree Developers,done,12.944359,77.524478,locality_name,low,"Ward name ""Nayandahalli"" found in address",Nayandahalli,nan,,,4045,,,Dec 2019,2018
PRM/KA/RERA/1251/309/PR/180313/001387,Pine Ridge,Svr Housing,ongoing,13.081329,77.596296,village_centroid,medium,"Village Byatarayanapura Og (Bangalore North), match 0.93, area 1.6 sq km",Byatarayanapura,nan,,,1300,,,Dec 2017,2018
PRM/KA/RERA/1251/309/PR/180313/002625,Lgcl Happy Days - Phase 1,Lgcl Urban Homes (India) Llp,new,13.06283,77.653874,pin_centroid,low,PIN 560077 median of 39 located projects,Amani Byrathikhane,560077,,,12444,,,Dec 2021,2018
PRM/KA/RERA/1251/308/PR/180313/001839,Psr Krish Kamal,Sree & Sree Builders & Promoters,ongoing,12.861975,77.654002,village_centroid,medium,"Village Doddathoguru (Bangalore South), match 1.00, area 5.0 sq km",Begur,nan,,,16901,,,Dec 2020,2018
PRM/KA/RERA/1251/446/PR/180313/002496,Svs Signature,M/S Svs Developers,new,13.038376,77.77353,locality_name,low,"Village name ""Seegehalli"" found in address",Seegehalli,nan,,,7992,,,Sep 2023,2018
PRM/KA/RERA/1251/310/PR/180313/000661,Nd Passion Elite,Nd Develoers Pvt Ltd,ongoing,12.901251,77.657676,village_centroid,medium,"Village Kudlu (Anekal), match 1.00, area 3.5 sq km",Doddakanahalli,nan,,,11432,,,Dec 2019,2018
PRM/KA/RERA/1251/310/PR/180313/001730,Comfot Heights,Comfort Builders And Developers,ongoing,12.910969,77.560548,village_centroid,medium,"Village Vasanthapura (Bangalore South), match 1.00, area 1.4 sq km",Padmanabha Nagar,nan,,,8100,,,Jul 2021,2018
PRM/KA/RERA/1251/310/PR/180313/002634,Prestige Park Square,Prestige Southcity Holdings,new,12.852525,77.592475,village_centroid,medium,"Village Basavanapura (Bangalore South), match 0.92, area 1.6 sq km",Gottigere,nan,,,32881,,,Feb 2023,2018
PRM/KA/RERA/1251/446/PR/180313/001375,Rs Sanchike,Rs Properties,ongoing,12.929049,77.469162,locality_name,low,"Village name ""Kommaghatta"" found in address",Kommaghatta,nan,,,6067,,,Aug 2018,2018
PRM/KA/RERA/1251/446/PR/180313/001627,Anjan Iris,Anjan Citicon Pvt.Ltd,ongoing,13.335095,77.747484,locality_name,low,"Village name ""Narayanapura"" found in address",Narayanapura,nan,,,1011,,,Dec 2017,2018
PRM/KA/RERA/1251/308/PR/180313/002442,Trillium Apartments,S And S Builders And Developers,done,12.86702,77.690938,portal_boundary,high,,Chikkanagamangala,560099,,,5743,,,Jan 2021,2018
PRM/KA/RERA/1251/310/PR/180313/001982,V2 Rishi Rathna,M/S. V2 Holdings Housing Development Private Limited,done,12.958211,77.571179,pin_centroid,low,PIN 560018 median of 1 located projects,Chamrajapet,560018,,,1029,,,Jun 2017,2018
PRM/KA/RERA/1251/310/PR/180313/002715,Manya Elite,M Mohan Reddy,new,12.874502,77.65184,locality_name,low,"Village name ""Chikkathoguru"" found in address",HSR - Singasandra,nan,,,3864,,,Oct 2021,2018
PRM/KA/RERA/1250/303/PR/180313/002418,"Building No 9,10,11,12 And 13",Lakepoint Builders Private Limited,done,13.2373,77.700414,village_centroid,medium,"Village Prasannahalli (Devanhalli), match 1.00, area 0.3 sq km",Prasannahalli,562110,,,9870,,,Apr 2019,2018
PRM/KA/RERA/1251/309/PR/180227/001096,Shriram Suvilas Garden Of Joy,Suvilas Properties Private Limited,ongoing,13.056186,77.57522,ward_centroid,low,BBMP ward 12 Kodigehalli,Kodigehalli,560090,,,8095,,,Apr 2022,2018
PRM/KA/RERA/1251/310/PR/180227/001792,V2 Sneha,Heritage Properties,ongoing,12.939442,77.544974,locality_name,low,"Ward name ""Girinagar"" found in address",Girinagar,nan,,,1328,,,Aug 2018,2018
PRM/KA/RERA/1251/309/PR/180227/002649,Lgcl Happy Days - Phase 2,Lgcl Urban Homes (India) Llp,new,13.06283,77.653874,pin_centroid,low,PIN 560077 median of 39 located projects,Amani Byrathikhane,560077,,,12444,,,Sep 2022,2018
PRM/KA/RERA/1251/309/PR/180227/001973,Hanging Gardens,Prisha Properties India Pvt. Ltd.,ongoing,13.063762,77.624982,village_centroid,medium,"Village Nagavara (Bangalore North), match 1.00, area 1.3 sq km",Jakkuru,nan,,,10926,,,Mar 2021,2018
PRM/KA/RERA/1251/446/PR/180227/002333,Saranya Soham,Saranya Properties Pvt Ltd,done,12.97255,77.726651,locality_name,low,"Village name ""Thubarahalli"" found in address",Whitefield,nan,,,8802,,,Sep 2021,2018
PRM/KA/RERA/1251/309/PR/180227/002505,Renaissance Woods 3,Renaissance Holdings And Developers Private Limited,done,13.113955,77.600872,locality_name,low,"Village name ""Yelahanka"" found in address",Kempegowda Ward,nan,,,783,,,Apr 2020,2018
PRM/KA/RERA/1251/308/PR/180227/002801,Aswani Vamani,Aswani Properties India Pvt Ltd,new,12.775393,77.722744,village_centroid,low,"Village Madivala (Anekal), match 1.00, area 8.0 sq km",Madivala,nan,,,20638,,,Dec 2023,2018
PRM/KA/RERA/1251/310/PR/180227/002592,Sobha Forest Edge,Sobha Limited,new,12.910816,77.588973,ward_centroid,low,BBMP ward 198 J P Nagar,J P Nagar,nan,,,13091,,,Jun 2023,2018
PRM/KA/RERA/1251/308/PR/180227/001335,Aratt Amora,Arattukulam Developers Llp,ongoing,12.773702,77.679374,village_centroid,medium,"Village Lingapura (Anekal), match 1.00, area 2.9 sq km",Lingapura,nan,,,38401,,,Jul 2019,2018
PRM/KA/RERA/1251/309/PR/180227/002657,Concorde Spring Meadows,Concorde Housing Corporation Pvt Ltd,new,13.11541,77.709986,village_centroid,medium,"Village Chikkasandra (Bangalore South), match 1.00, area 1.3 sq km",Chikkasandra,nan,,,13147,,,Jul 2023,2018
PRM/KA/RERA/1251/446/PR/180222/002210,Soundarya Kamakshi,Soundarya Constructions,ongoing,12.986642,77.533408,locality_name,low,"Ward name ""Kamakshipalya"" found in address",Kamakshipalya,nan,,,3678,,,Mar 2020,2018
PRM/KA/RERA/1251/309/PR/180222/002433,Axis Vanam,Axis Concept Construction Pvt Ltd,done,12.87974,77.583638,portal_boundary,high,,Chunchaghatta,nan,,,911,,,Oct 2019,2018
PRM/KA/RERA/1251/309/PR/180222/002428,Legacy Calista,Legacy Global Projects Private Limited,new,13.116775,77.567005,village_centroid,medium,"Village Atturu (Bangalore North), match 1.00, area 2.0 sq km",Chowdeswari Ward,nan,,,3900,,,Jul 2023,2018
PRM/KA/RERA/1251/308/PR/180222/002616,Nvt Mystic Garden,Nvt Quality Lifestyle Projects Private Limited,done,12.792026,77.779891,portal_boundary,high,,Attibele,nan,,,28732,,,Mar 2022,2018
PRM/KA/RERA/1251/446/PR/180222/002509,Sequoia,Marvel Infrabuild Pvt Ltd,done,13.212432,77.507617,locality_name,low,"Village name ""Channasandra"" found in address",Channasandra,nan,,,10991,,,Dec 2019,2018
PRM/KA/RERA/1251/310/PR/180222/002519,Mahaveer Jasper,Reddy Housing Private Limited,new,13.089742,77.654458,village_centroid,medium,"Village Kothanur (Bangalore South), match 0.93, area 1.1 sq km",Kothanur,nan,,,2283,,,Mar 2021,2018
PRM/KA/RERA/1251/310/PR/180222/001775,V 6 Builders,V 6 Builders,done,12.947346,77.49079,portal_boundary,high,,Ullal,nan,,,3339,,,Dec 2017,2018
PRM/KA/RERA/1251/446/PR/180222/002547,Kr Grand View Heights,K R Constructions,done,13.310483,77.769409,village_centroid,medium,"Village Kondenahalli (Devanhalli), match 0.92, area 1.8 sq km",Kondenahalli,nan,,,7595,,,Oct 2021,2018
PRM/KA/RERA/1251/309/PR/180217/002254,Dhruva Bliss,Dhruva Developers & Promoters,done,13.037334,77.504442,portal_boundary,high,,Chokkasandra,nan,,,1641,,,Sep 2017,2018
PRM/KA/RERA/1251/446/PR/180217/002121,Kings Square,Suvastu Housing Pvt Ltd,ongoing,12.893931,77.707871,portal_boundary,high,,Bengaluru East,nan,,,7993,,,Dec 2018,2018
PRM/KA/RERA/1251/309/PR/180217/001266,Vaishnavi North 24,Vaishnavi Anushka Infrastructure Llp,new,13.061318,77.633645,ward_centroid,low,BBMP ward 7 Thanisandra,Thanisandra,nan,,,11014,,,Jun 2022,2018
PRM/KA/RERA/1251/310/PR/180217/002476,Provident Park Square Phase - 1,Puravankara Limited,new,12.863268,77.542291,portal_boundary,high,,Hemmigepura,nan,,,29791,,,Sep 2023,2018
PRM/KA/RERA/1251/309/PR/180217/002404,Affinity Harmony,Affinity Projects,done,13.113955,77.600872,locality_name,low,"Village name ""Yelahanka"" found in address",Kempegowda Ward,nan,,,837,,,Nov 2019,2018
PRM/KA/RERA/1251/310/PR/180217/001423,Sai Samraksha,Sri Ranjani Properties,new,12.876371,77.621056,village_centroid,medium,"Village Yelenahalli (Bangalore South), match 1.00, area 1.8 sq km",Kalena Agrahara,nan,,,3989,,,May 2021,2018
PRM/KA/RERA/1251/310/PR/180217/001271,Vaishnavi Oasis,Vaishnavi Infrastructure Private Ltd,new,12.882644,77.570798,village_centroid,medium,"Village Alahalli (Bangalore South), match 1.00, area 1.7 sq km",Anjanapura,nan,,,11937,,,Jun 2022,2018
PRM/KA/RERA/1251/308/PR/180217/002240,V R Meadows,M C Varadaraju,ongoing,13.058658,77.696222,village_centroid,medium,"Village Maragondanahalli (Bangalore South), match 1.00, area 2.0 sq km",Maragondanahalli,nan,,,4148,,,Jun 2018,2018
PRM/KA/RERA/1250/303/PR/180217/001623,Nacons Augusta,Nazeer Ahmed,ongoing,13.217987,77.651394,village_centroid,medium,"Village Pujanahalli (Devanhalli), match 1.00, area 1.2 sq km",Pujanahalli,nan,,,3444,,,May 2021,2018
PRM/KA/RERA/1251/446/PR/180217/001836,Mounika Park Vesta,Shri Sai Balaji Constructions,ongoing,13.052436,77.507462,locality_name,low,"Ward name ""Defence Colony"" found in address",Defence Colony,nan,,,1930,,,Dec 2018,2018
PRM/KA/RERA/1251/446/PR/180217/002481,Vikyath Paradise,Vikyath Infra,new,13.007988,77.717496,portal_boundary,high,,Basavanapura,nan,,,1003,,,Sep 2019,2018
PRM/KA/RERA/1251/309/PR/180217/002477,Ozone Urbana Prime,Ozone Infra Developers Private Limited,new,13.048654,77.771644,village_centroid,medium,"Village Kannamangala (Bangalore South), match 1.00, area 2.7 sq km",Kannamangala,nan,,,35256,,,Dec 2023,2018
PRM/KA/RERA/1251/309/PR/180208/002313,Deccan Habitat,Sri. V. Ranganath,new,13.117288,77.545772,portal_boundary,high,,Shamarajapura,nan,,,6274,,,Sep 2021,2018
PRM/KA/RERA/1251/310/PR/180208/001354,Hm Indigo 3.0(Lavender-Phase Ii Of Hm World City),Global Associates,done,12.89248,77.587262,village_centroid,medium,"Village Kothnur (Bangalore South), match 1.00, area 6.2 sq km",Vinayakanagar,nan,,,3726,,,Jan 2017,2018
PRM/KA/RERA/1251/309/PR/180208/001441,Rr Signature,Msr Infraa,ongoing,13.190963,77.539979,locality_name,low,"Village name ""Chokkanahalli"" found in address",Chokkanahalli,nan,,,8616,,,Mar 2019,2018
PRM/KA/RERA/1251/446/PR/180208/000548,Suncity Gloria,Corporate Leisure And Property Developments Pvt Ltd,done,12.92901,77.699256,locality_name,low,"Village name ""Doddakannalli"" found in address",Munnekollala,nan,,,40266,,,Jul 2018,2018
PRM/KA/RERA/1250/304/PR/180208/002233,Atco Sapphire,"Atco Projects Pvt Ltd.,",ongoing,12.871261,77.787979,village_centroid,low,"Village Sarjapura (Anekal), match 1.00, area 8.3 sq km",Sarjapura,nan,,,6896,,,Feb 2021,2018
PRM/KA/RERA/1251/446/PR/180208/001560,Propulsive Pinnacle,Propulsive Properties,ongoing,13.029052,77.763148,locality_name,low,"Village name ""Belathur"" found in address",Belathur,nan,,,4350,,,Jun 2018,2018
PRM/KA/RERA/1251/446/PR/180208/001741,Oracle Heaven,Vbc Developers,ongoing,12.986349,77.374662,locality_name,low,"Village name ""Nagenahalli"" found in address",Nagenahalli,nan,,,2514,,,Mar 2019,2018
PRM/KA/RERA/1251/310/PR/180208/002231,Axis Antara,Axis Concept Construction Pvt Ltd,new,12.876371,77.621056,village_centroid,medium,"Village Yelenahalli (Bangalore South), match 1.00, area 1.8 sq km",Kalena Agrahara,nan,,,5263,,,Jun 2021,2018
PRM/KA/RERA/1250/303/PR/180208/001511,Midas Park Ii Midas Exotica,Concept City Developers,ongoing,13.202997,77.60503,portal_boundary,high,,Kudragere,nan,,,16773,,,Jul 2021,2018
PRM/KA/RERA/1251/308/PR/180208/001786,Surya Elegance Apartments,Karnataka Housing Board,ongoing,12.783038,77.772885,locality_name,low,"Village name ""Attibele"" found in address",Attibele,nan,,,25683,,,Dec 2017,2018
PRM/KA/RERA/1251/310/PR/180208/001329,Hm Indigo 4.0(Peach-Phase Ii Of Hm World City),Global Associates,ongoing,12.89248,77.587262,village_centroid,medium,"Village Kothnur (Bangalore South), match 1.00, area 6.2 sq km",Vinayakanagar,nan,,,3726,,,Apr 2018,2018
PRM/KA/RERA/1251/309/PR/180208/002196,Legend Opal,Legend Properties,new,13.204798,77.418954,village_centroid,medium,"Village Puttenahalli (Dod Ballapur), match 1.00, area 1.2 sq km",Puttenahalli,nan,,,824,,,Dec 2019,2018
PRM/KA/RERA/1251/446/PR/180131/001313,Samhita Elite,R Pratap Kumar Reddy,done,13.035392,77.704282,portal_boundary,high,,I T I Notified Area,nan,,,5669,,,Aug 2019,2018
PRM/KA/RERA/1251/446/PR/180131/001332,Oceanus Vista Ii T7,Oceanus Dwellings Pvt Ltd,ongoing,12.918997,77.677399,village_centroid,medium,"Village Kasavanahalli (Bangalore South), match 1.00, area 2.7 sq km",Doddakanahalli,nan,,,2731,,,Dec 2017,2018
PRM/KA/RERA/1251/446/PR/180131/002326,Whitestone Rosario,Whitestone Projects,done,13.013803,77.735211,portal_boundary,high,,Bengaluru East,nan,,,9914,,,Sep 2022,2018
PRM/KA/RERA/1251/308/PR/180131/001789,Shriram Summitt,P. Badarinath,ongoing,12.852073,77.673656,village_centroid,medium,"Village Veerasandra (Anekal), match 1.00, area 2.1 sq km",Veerasandra,562107,,,1300,,,Dec 2019,2018
PRM/KA/RERA/1251/446/PR/180131/001781,Sk Silvermist,Sk Properties,done,12.88031,77.649009,portal_boundary,high,,HSR - Singasandra,nan,,,1585,,,Mar 2019,2018
PRM/KA/RERA/1251/308/PR/180131/001343,Nvt Arcot Vaksana,Nvt Quality Lifestyle Project Private Limited,done,12.871261,77.787979,locality_name,low,"Village name ""Sarjapura"" found in address",Sarjapura,nan,,,29301,,,Dec 2017,2018
PRM/KA/RERA/1251/308/PR/180131/001867,Tulasi Premier,M/S Tulasi Infra Projects,ongoing,12.901968,77.767962,village_centroid,medium,"Village Chambenahalli (Anekal), match 0.92, area 2.4 sq km",Chambenahalli,nan,,,1957,,,Nov 2017,2018
PRM/KA/RERA/1251/446/PR/180131/000544,Meadow In The Sun,Inner Spaces,ongoing,12.91433,77.666587,village_centroid,medium,"Village Haralur (Bangalore South), match 1.00, area 3.3 sq km",Doddakanahalli,nan,,,19523,,,Dec 2020,2018
PRM/KA/RERA/1251/446/PR/180131/001516,Green Earth Atrium,Green Earth Ventures,ongoing,12.999716,77.773302,village_centroid,medium,"Village Nagondahalli (Bangalore South), match 0.92, area 0.9 sq km",Kadugodi,nan,,,3340,,,Mar 2018,2018
PRM/KA/RERA/1251/309/PR/180131/002490,Prestige Msr Heights,Prestige Estates Projects Limited,new,13.097809,77.555033,ward_centroid,low,BBMP ward 4 Atturu Layout,Atturu Layout,nan,,,3419,,,Mar 2021,2018
PRM/KA/RERA/1251/308/PR/180131/001828,Shriram Summitt,P. Krishnaiah Chetty,ongoing,12.852073,77.673656,village_centroid,medium,"Village Veerasandra (Anekal), match 1.00, area 2.1 sq km",Veerasandra,562107,,,538,,,Dec 2019,2018
PRM/KA/RERA/1251/310/PR/180131/001914,Parvi Shelterss,Parvi Shelterss,ongoing,12.964493,77.534036,portal_boundary,high,,Attiguppe,nan,,,446,,,Feb 2018,2018
PRM/KA/RERA/1251/309/PR/180130/001975,Alpine Pyramid Efgh,Alpine Housing Development Corporation Limited,ongoing,13.106284,77.751331,village_centroid,medium,"Village Kodigehalli (Bangalore South), match 1.00, area 0.8 sq km",Kodigehalli,nan,,,21583,,,May 2020,2018
PRM/KA/RERA/1251/310/PR/180130/002120,Amarachandra Royal,Sai Ramineni Builders,done,12.89095,77.653475,portal_boundary,high,,Kudlu,nan,,,1451,,,Aug 2017,2018
PRM/KA/RERA/1251/446/PR/180130/001181,Slv Central Park,Slv Infrastructures,new,13.056811,77.751635,village_centroid,medium,"Village Bidarena Agrahara (Bangalore South), match 0.96, area 1.1 sq km",Bidarena Agrahara,nan,,,18008,,,Jun 2022,2018
PRM/KA/RERA/1251/446/PR/180130/002413,Arsis Green Hills,Arsis Developers Pvt Ltd,new,13.020181,77.706458,portal_boundary,high,,Medahalli,nan,,,17582,,,Sep 2024,2018
PRM/KA/RERA/1251/446/PR/180130/002283,Magnolia,N.D Ventures,new,12.999716,77.773302,village_centroid,medium,"Village Nagondahalli (Bangalore South), match 0.92, area 0.9 sq km",Kadugodi,nan,,,7215,,,Aug 2021,2018
PRM/KA/RERA/1251/310/PR/180130/002211,Soundarya Paradise,Canopy Homes & Holdings Llp,ongoing,12.882644,77.570798,locality_name,low,"Village name ""Alahalli"" found in address",Anjanapura,nan,,,3026,,,Mar 2020,2018
PRM/KA/RERA/1251/308/PR/180130/002201,Vizipa Optima,Vizipa Constructions Private Limited,ongoing,12.92901,77.699256,village_centroid,medium,"Village Doddakannalli (Bangalore South), match 0.92, area 4.1 sq km",Munnekollala,nan,,,4812,,,Sep 2019,2018
PRM/KA/RERA/1251/310/PR/180130/002142,Happy Valley Pearl,Happy Valley Developers,done,12.915906,77.549117,locality_name,low,"Village name ""Uttarahalli"" found in address",Uttarahalli,nan,,,2317,,,Aug 2017,2018
PRM/KA/RERA/1251/446/PR/180130/001562,Ankshu Ecstasy,Tgr Projects India Pvt Ltd,done,13.038376,77.77353,village_centroid,medium,"Village Seegehalli (Bangalore South), match 1.00, area 3.3 sq km",Seegehalli,nan,,,10150,,,Sep 2021,2018
PRM/KA/RERA/1251/446/PR/180130/002203,Asr Octave,Asr Constructions,ongoing,12.895332,77.694562,portal_boundary,high,,Chikkanayakanahalli,nan,,,1719,,,Dec 2018,2018
PRM/KA/RERA/1251/308/PR/180130/002243,Ashish Green,Aashish Developer And Builders,done,13.198801,77.688176,locality_name,low,"Village name ""Chikkanahalli"" found in address",Chikkanahalli,nan,,,7388,,,Sep 2021,2018
PRM/KA/RERA/1251/310/PR/180130/002180,Kvn Enclave,Kvn Constructions,ongoing,12.890925,77.5615,portal_boundary,high,,Vasanthpura,nan,,,1284,,,Mar 2018,2018
PRM/KA/RERA/1251/310/PR/180130/002225,Princeville - Tower 3 (A Tower),Platinum Properties,ongoing,12.857085,77.618803,locality_name,low,"Village name ""Mylasandra"" found in address",Mylasandra,nan,,,3701,,,Sep 2022,2018
PRM/KA/RERA/1251/310/PR/180122/001429,Ds Max Star Nest,K V Satish,done,12.917341,77.494284,village_centroid,low,"Village Kengeri Og (Bangalore South), match 0.88, area 8.3 sq km",Bande Mutt,nan,,,4198,,,Jan 2021,2018
PRM/KA/RERA/1251/309/PR/180122/001890,Parvi Shelterss,Parvi Shelters,ongoing,12.961454,77.499165,portal_boundary,high,,Nalvadi Krishnaraja Wadior Park,nan,,,894,,,Jan 2019,2018
PRM/KA/RERA/1251/310/PR/180122/001652,Ds-Max Stone Scape,K V Satish,done,13.351007,77.417032,locality_name,low,"Village name ""Bommanahalli"" found in address",Bommanahalli,nan,,,4047,,,Jun 2021,2018
PRM/KA/RERA/1251/310/PR/180120/001454,Oracle Ridge,Vijaya Bhaskara Constructions,ongoing,12.878382,77.663446,village_centroid,medium,"Village Beratena Agrahara (Bangalore South), match 0.93, area 1.2 sq km",Naganathapura,nan,,,5007,,,May 2017,2018
PRM/KA/RERA/1251/308/PR/180120/001239,Avantikaa,S2 Homes,done,12.861566,77.777157,locality_name,low,"Village name ""Chikkadunnasandra"" found in address",Chikkadunnasandra,nan,,,5566,,,Aug 2017,2018
PRM/KA/RERA/1251/446/PR/180120/001200,Maa Nivasam,Maa Bhoomi Developers,ongoing,12.997849,77.722034,pin_centroid,low,PIN 560048 median of 10 located projects,Hudi,560048,,,1672,,,May 2019,2018
PRM/KA/RERA/1251/446/PR/180120/002090,Kumari Amaranthine,T. Narasimhulu,ongoing,13.163942,77.892444,locality_name,low,"Village name ""Bisanahalli"" found in address",Bisanahalli,nan,,,4553,,,Dec 2018,2018
PRM/KA/RERA/1251/309/PR/180120/001403,Ds Max Sonata,Ds Max Properties Pvt Ltd,done,13.11541,77.709986,village_centroid,medium,"Village Chikkasandra (Bangalore South), match 1.00, area 1.3 sq km",Chikkasandra,nan,,,5911,,,Sep 2021,2018
PRM/KA/RERA/1251/446/PR/180120/001633,Avila,Lybiana Infrastructure And Projects,done,13.09219,77.672986,village_centroid,medium,"Village Doddagubbi (Bangalore South), match 0.95, area 2.8 sq km",Doddagubbi,nan,,,6678,,,Mar 2018,2018
PRM/KA/RERA/1251/308/PR/180120/001659,Motzkin Park Terrace,Motzkin Ventures,ongoing,12.831987,77.769335,locality_name,low,"Village name ""Handenahalli"" found in address",Handenahalli,nan,,,8337,,,Dec 2020,2018
PRM/KA/RERA/1251/309/PR/180120/001707,Ds Max Splendid,Ds Max Properties Pvt Ltd,done,12.999257,77.493002,village_centroid,medium,"Village Herohalli (Bangalore North), match 1.00, area 5.6 sq km",Herohalli,nan,,,3158,,,Mar 2019,2018
PRM/KA/RERA/1251/309/PR/180120/001807,Chinmayi Homes,Vijaykumar Raju,new,12.882644,77.570798,village_centroid,medium,"Village Alahalli (Bangalore South), match 0.94, area 1.7 sq km",Anjanapura,nan,,,484,,,Dec 2019,2018
PRM/KA/RERA/1251/310/PR/180120/001735,Sai Vihar,Shree Sainath Constructions,ongoing,12.911126,77.52146,locality_name,low,"Ward name ""Rajarajeshwari Nagar"" found in address",Rajarajeshwari Nagar,nan,,,3419,,,Mar 2018,2018
PRM/KA/RERA/1251/308/PR/180120/002409,Evershine Greenwood,Evershine Dwellings Pvt Ltd,done,12.871261,77.787979,locality_name,low,"Village name ""Sarjapura"" found in address",Sarjapura,nan,,,4856,,,Oct 2022,2018
PRM/KA/RERA/1251/310/PR/180120/001486,Chamundi Amberwoods,Chamundi Builders,ongoing,13.023926,77.594914,locality_name,low,"Ward name ""Chamundi Nagara"" found in address",Chamundi Nagara,nan,,,3017,,,Aug 2019,2018
PRM/KA/RERA/1251/309/PR/180120/002020,"8 Siddeshwar, String Estates",Vinod Ml Kumar,done,13.080773,77.502483,locality_name,low,"Village name ""Sidedahalli"" found in address",Sidedahalli,nan,,,2938,,,Mar 2018,2018
PRM/KA/RERA/1251/310/PR/180120/001819,Ds Max Satellite,Ds-Max Properties Private Limited,done,12.923394,77.485696,locality_name,low,"Ward name ""Kengeri"" found in address",Kengeri,nan,,,5086,,,Sep 2021,2018
PRM/KA/RERA/1251/308/PR/180120/002528,Sowparnika Flamenco,Sowparnika Projects And Infrastructure Pvt. Ltd.,new,12.871261,77.787979,village_centroid,low,"Village Sarjapura (Anekal), match 1.00, area 8.3 sq km",Sarjapura,nan,,,8774,,,Sep 2022,2018
PRM/KA/RERA/1251/310/PR/180120/002138,Poorvi Srinivasa Grand,Poorvi Housing Development Company Private Limited,new,12.901621,77.550964,village_centroid,medium,"Village Gabbalalu (Bangalore South), match 0.89, area 1.8 sq km",Vasanthpura,nan,,,2135,,,Dec 2018,2018
PRM/KA/RERA/1251/446/PR/180120/001680,B.M.Magnolia Park,B.M.Developers,ongoing,12.989141,77.768033,village_centroid,medium,"Village Hagadur (Bangalore South), match 0.93, area 3.0 sq km",Kadugodi,nan,,,19091,,,Dec 2018,2018
PRM/KA/RERA/1251/310/PR/180120/002173,Neeladri Kota Hills,Neeladri Properties,done,12.893827,77.535238,portal_boundary,high,,Subramanyapura,nan,,,3938,,,Dec 2018,2018
PRM/KA/RERA/1251/310/PR/180120/001783,Niranjan Tridha,Niranjan Developers,ongoing,13.191598,77.681597,village_centroid,medium,"Village Begur (Bangalore North), match 1.00, area 1.4 sq km",Begur,nan,,,2210,,,Aug 2018,2018
PRM/KA/RERA/1251/309/PR/180120/001585,Seasons Avenue,Asit Mavjibhai Lakum,new,13.217958,77.56164,village_centroid,medium,"Village Suradenpura (Bangalore North), match 0.95, area 2.2 sq km",Suradenpura,nan,,,3237,,,Mar 2024,2018
PRM/KA/RERA/1251/308/PR/180120/001520,Ds Max Sky Classic,Ds Max Properties Pvt Ltd,new,12.831716,77.667571,village_centroid,medium,"Village Thirupalya (Anekal), match 1.00, area 1.0 sq km",Thirupalya,nan,,,12039,,,Sep 2023,2018
PRM/KA/RERA/1251/310/PR/180120/001594,Ds Max - Spark Nest,K V Satish,done,13.190963,77.539979,locality_name,low,"Village name ""Chokkanahalli"" found in address",Chokkanahalli,nan,,,3871,,,Mar 2021,2018
PRM/KA/RERA/1251/446/PR/180120/001718,Adonai Glory,Adonai Shelters Pvt Ltd,ongoing,13.082447,77.72356,locality_name,low,"Village name ""Bidarahalli"" found in address",Bidarahalli,nan,,,2501,,,Aug 2020,2018
PRM/KA/RERA/1251/446/PR/180120/002506,Land Capital Primero,Landcapital Estates Pvt Ltd,done,12.92901,77.699256,village_centroid,medium,"Village Doddakannalli (Bangalore South), match 0.88, area 4.1 sq km",Munnekollala,nan,,,3779,,,Sep 2021,2018
PRM/KA/RERA/1251/309/PR/180120/001878,Dsmax Skycity,Ds Max Properties Pvt Ltd,done,13.098786,77.638715,village_centroid,medium,"Village Chokkanahalli (Bangalore North), match 1.00, area 1.8 sq km",Kogilu,560064,,,11530,,,Dec 2021,2018
PRM/KA/RERA/1251/446/PR/180120/002280,United Meadows,United Builders,new,12.965861,77.722629,portal_boundary,high,,Whitefield,nan,,,11532,,,Apr 2021,2018
PRM/KA/RERA/1251/308/PR/180119/002451,Manasum Avighna,Manasum Buildtech Llp,new,12.757473,77.678562,village_centroid,medium,"Village Soppahalli (Anekal), match 1.00, area 2.6 sq km",Soppahalli,nan,,,4046,,,Feb 2021,2018
PRM/KA/RERA/1251/446/PR/180119/000870,Prime Manshion,Green Manshion Builders,ongoing,12.993746,77.76843,locality_name,low,"Ward name ""Kadugodi"" found in address",Kadugodi,nan,,,3383,,,Jan 2019,2018
PRM/KA/RERA/1251/446/PR/180119/000936,Chaithanya Samarth,"M/S.Chaithanya Projects (P) Ltd.,",ongoing,13.099951,77.737377,village_centroid,medium,"Village Mandur (Bangalore South), match 1.00, area 4.6 sq km",Mandur,nan,,,137086,,,Mar 2024,2018
PRM/KA/RERA/1251/446/PR/180119/000948,Arcadia,Corporate Leisure And Property Developments Pvt Ltd,ongoing,12.930036,77.72178,locality_name,low,"Village name ""Chikkabellandur"" found in address",Varthuru,nan,,,19221,,,Dec 2019,2018
PRM/KA/RERA/1251/308/PR/180119/001034,Vestaa Lushes,Vestaa,ongoing,12.861593,77.737435,village_centroid,medium,"Village Gopasandra (Anekal), match 0.95, area 1.8 sq km",Gopasandra,nan,,,2580,,,Mar 2018,2018
PRM/KA/RERA/1251/446/PR/180119/002124,Fortius Vivo,Fortius Infradevelopers Llp,new,13.177028,77.720095,village_centroid,medium,"Village Singahalli (Bangalore North), match 0.89, area 2.5 sq km",Singahalli,nan,,,35814,,,Jun 2023,2018
PRM/KA/RERA/1251/309/PR/180111/001636,Ncn Dimaond,N.Surendra Naidu,ongoing,13.060692,77.603468,locality_name,low,"Ward name ""Amrutahalli"" found in address",Amrutahalli,nan,,,4000,,,Jun 2019,2018
PRM/KA/RERA/1251/310/PR/180111/000358,Birla Apple Spire,Apple Spire India Llp,ongoing,12.944359,77.524478,locality_name,low,"Ward name ""Nayandahalli"" found in address",Nayandahalli,nan,,,9918,,,Sep 2019,2018
PRM/KA/RERA/1251/446/PR/171230/001956,Alpine Fiesta Abdf,Alpine Housing Development Corporation Limited,ongoing,12.997051,77.721404,portal_boundary,high,,Hudi,nan,,,9102,,,Aug 2018,2017
PRM/KA/RERA/1251/446/PR/171230/001943,Nethaniah,Carbon Developers Pvt Ltd,done,12.92901,77.699256,village_centroid,medium,"Village Doddakannalli (Bangalore South), match 0.93, area 4.1 sq km",Munnekollala,nan,,,3959,,,Dec 2017,2017
PRM/KA/RERA/1251/308/PR/171230/002053,Vivansaa Aurigaa,Viijcon Properties,ongoing,12.901968,77.767962,village_centroid,medium,"Village Chambenahalli (Anekal), match 1.00, area 2.4 sq km",Chambenahalli,nan,,,3028,,,Dec 2019,2017
PRM/KA/RERA/1251/308/PR/171230/001846,Shriram Summitt,P.Ramamurthy,ongoing,12.852073,77.673656,village_centroid,medium,"Village Veerasandra (Anekal), match 1.00, area 2.1 sq km",Veerasandra,562107,,,2776,,,Dec 2019,2017
PRM/KA/RERA/1251/310/PR/171230/002103,Krishna Arya Elegance,Hamar Narayan Raju,done,13.016529,77.547824,portal_boundary,high,,Marappana Palya,nan,,,2362,,,Feb 2017,2017
PRM/KA/RERA/1251/446/PR/171230/001969,Alpine Fiesta C E,Alpine Housing Development Corporation Limited,done,12.996719,77.721501,portal_boundary,high,,Hudi,nan,,,5058,,,Sep 2021,2017
PRM/KA/RERA/1251/309/PR/171229/001916,Klsr Thunga Elite,Klsr Urban Properties Pvt Ltd,ongoing,13.113955,77.600872,locality_name,low,"Village name ""Yelahanka"" found in address",Kempegowda Ward,nan,,,1537,,,Aug 2018,2017
PRM/KA/RERA/1251/308/PR/171223/002274,Nash Ville,East North Vvs Realty,ongoing,12.796358,77.706115,village_centroid,medium,"Village Iggalur (Anekal), match 1.00, area 4.1 sq km",Iggalur,nan,,,5463,,,Jun 2021,2017
PRM/KA/RERA/1251/308/PR/171223/002381,Aryan Golden Arena - D,Aryan Hometec Pvt Ltd,new,12.814944,77.790244,village_centroid,medium,"Village Bidaraguppe (Anekal), match 1.00, area 6.2 sq km",Bidaraguppe,nan,,,2273,,,Sep 2023,2017
PRM/KA/RERA/1251/446/PR/171223/001978,Dnr Casablanca,"Mascot Constructions, Micro Infrastructure, Anushka Investments",done,12.999767,77.690752,locality_name,low,"Ward name ""Devasandra"" found in address",Devasandra,nan,,,9290,,,Jun 2022,2017
PRM/KA/RERA/1251/308/PR/171223/002372,Aryan Golden Arena - K,Aryan Hometec Pvt Ltd,new,12.814944,77.790244,village_centroid,medium,"Village Bidaraguppe (Anekal), match 0.91, area 6.2 sq km",Bidaraguppe,nan,,,2236,,,Sep 2022,2017
PRM/KA/RERA/1251/446/PR/171223/002017,Prestige Fontaine Bleau,Prestige Estates Projects Limited,new,12.965158,77.733568,locality_name,low,"Ward name ""Whitefield"" found in address",Whitefield,nan,,,4265,,,Dec 2021,2017
PRM/KA/RERA/1251/310/PR/171223/001745,Rajsri,Vishnu Sri Builders & Developers,ongoing,12.911126,77.52146,locality_name,low,"Ward name ""Rajarajeshwari Nagar"" found in address",Rajarajeshwari Nagar,nan,,,9297,,,Sep 2023,2017
PRM/KA/RERA/1251/310/PR/171223/002046,Red Tree Rain Drops,Red Tree Estates Private Limited,done,12.894195,77.56637,locality_name,low,"Village name ""Doddakallasandra"" found in address",Konanakunte,nan,,,1104,,,Sep 2020,2017
PRM/KA/RERA/1251/446/PR/171223/001587,Sky Court,Excel Stone Developers Private Limited,done,12.942471,77.679806,locality_name,low,"Village name ""Bellandur"" found in address",Bellanduru,nan,,,4191,,,Sep 2021,2017
PRM/KA/RERA/1251/310/PR/171223/002221,Columbia Belleza,Jankal Sankalpa Ventures,new,12.694034,77.706065,locality_name,low,"Village name ""Singasandra"" found in address",Singasandra,nan,,,6210,,,Sep 2022,2017
PRM/KA/RERA/1251/446/PR/171223/002237,Rohan Iksha Block B,Rohan Procon Llp,done,12.931226,77.711778,pin_centroid,low,PIN 560103 median of 17 located projects,Munnekollala,560103,,,10732,,,Mar 2022,2017
PRM/KA/RERA/1251/310/PR/171223/002016,Templetree,S B Urbanscapes,ongoing,12.902518,77.626809,portal_boundary,high,,Hongasandra,nan,,,9053,,,Mar 2023,2017
PRM/KA/RERA/1251/308/PR/171223/002379,Aryan Golden Arena - G,Aryan Hometec Pvt Ltd,new,12.814944,77.790244,village_centroid,medium,"Village Bidaraguppe (Anekal), match 1.00, area 6.2 sq km",Bidaraguppe,nan,,,2126,,,Sep 2022,2017
PRM/KA/RERA/1251/446/PR/171222/001301,Srimitra Life Style,Srimitra Properties,done,13.044189,77.666132,locality_name,low,"Village name ""Horamavu"" found in address",Kalkere,nan,,,8195,,,Sep 2021,2017
PRM/KA/RERA/1251/308/PR/171222/000909,Banashree Arka Forest View - Vijaya Wing,Banashree Shelters Pvt Ltd,ongoing,12.745118,77.668034,locality_name,low,"Village name ""Suragajakkanahalli"" found in address",Suragajakkanahalli,nan,,,7542,,,Sep 2021,2017
PRM/KA/RERA/1251/308/PR/171222/001455,M J Lifestyle - Avershine,M J Infrastructure & Builders India Pvt Ltd,ongoing,12.867654,77.692087,village_centroid,medium,"Village Chikkanagamangala (Anekal), match 1.00, area 3.7 sq km",Chikkanagamangala,nan,,,6400,,,Sep 2017,2017
PRM/KA/RERA/1251/446/PR/171222/001162,Skand Avani C99,Dhriti Properties,done,12.930036,77.72178,locality_name,low,"Village name ""Chikkabellandur"" found in address",Varthuru,nan,,,10926,,,Dec 2018,2017
PRM/KA/RERA/1251/308/PR/171222/001500,Sovereign Santhinivasa,Sovereign Builders,ongoing,12.871261,77.787979,locality_name,low,"Village name ""Sarjapura"" found in address",Sarjapura,nan,,,5614,,,Dec 2018,2017
PRM/KA/RERA/1251/310/PR/171222/000914,Cityville Valmark,Valmark Developers Pvt Ltd,ongoing,12.921071,77.800312,locality_name,low,"Village name ""Kamanahalli"" found in address",Kamanahalli,nan,,,112602,,,Sep 2022,2017
PRM/KA/RERA/1251/446/PR/171222/001233,Aratt Cityscapes,Aratt Cityscapes Project Llp,new,13.133732,77.433602,village_centroid,medium,"Village Huskur (Bangalore North), match 1.00, area 4.3 sq km",Huskur,nan,,,41881,,,Mar 2024,2017
PRM/KA/RERA/1251/446/PR/171222/000996,Ruchira Lilium,Ruchira Projects Private Limited,ongoing,12.997278,77.763127,portal_boundary,high,,Kadugodi,nan,,,4036,,,Apr 2018,2017
PRM/KA/RERA/1251/446/PR/171222/000840,Anuraag Abode,Anuraag Constructions,done,12.991066,77.415329,locality_name,low,"Village name ""Varthur"" found in address",Varthur,nan,,,3692,,,Jun 2019,2017
PRM/KA/RERA/1251/308/PR/171222/001477,Ds Max Starry,Ds Max Properties Pvt Ltd,done,13.058658,77.696222,village_centroid,medium,"Village Maragondanahalli (Bangalore South), match 1.00, area 2.0 sq km",Maragondanahalli,nan,,,5186,,,Sep 2021,2017
PRM/KA/RERA/1251/310/PR/171222/001006,Dhiraan Newyork Meadows,Dhiraan Infrsdtructure Pvt .Ltd,ongoing,12.796358,77.706115,village_centroid,medium,"Village Iggalur (Anekal), match 1.00, area 4.1 sq km",Iggalur,nan,,,6458,,,Dec 2019,2017
PRM/KA/RERA/1251/309/PR/171222/000748,Cocoon,Whitecoral Constructions Llp,ongoing,13.113955,77.600872,locality_name,low,"Village name ""Yelahanka"" found in address",Kempegowda Ward,nan,,,841,,,Dec 2017,2017
PRM/KA/RERA/1251/446/PR/171222/000817,Olympia Enchante,Ksm Niketan Pvt Lted,done,12.989141,77.768033,village_centroid,medium,"Village Hagadur (Bangalore South), match 1.00, area 3.0 sq km",Kadugodi,nan,,,18210,,,Sep 2017,2017
PRM/KA/RERA/1251/310/PR/171215/000858,Malleshwaram Enclave,Sri Vinayaka Builders,ongoing,13.002433,77.566197,locality_name,low,"Ward name ""Kadu Malleshwara"" found in address",Kadu Malleshwara,nan,,,1095,,,Apr 2018,2017
PRM/KA/RERA/1251/446/PR/171215/001583,Ponne Heritage,Ponne Builders & Developers,ongoing,13.082447,77.72356,locality_name,low,"Village name ""Bidarahalli"" found in address",Bidarahalli,nan,,,2226,,,Sep 2019,2017
PRM/KA/RERA/1251/310/PR/171215/001612,Taran Enclave,Taran Projects,ongoing,12.861975,77.654002,village_centroid,medium,"Village Doddathoguru (Bangalore South), match 0.95, area 5.0 sq km",Begur,nan,,,3577,,,Mar 2018,2017
PRM/KA/RERA/1251/446/PR/171215/000878,Sai Cambridge Residency,Kruthi Developers,new,13.02425,77.610571,ward_centroid,low,BBMP ward 75 Kushal Nagar,Kushal Nagar,nan,,,1979,,,Oct 2020,2017
PRM/KA/RERA/1251/446/PR/171215/001418,Gk Tropical Spring,G K Shelters Private Limited,ongoing,13.212432,77.507617,village_centroid,medium,"Village Channasandra (Bangalore North), match 1.00, area 0.5 sq km",Channasandra,nan,,,12955,,,Dec 2020,2017
PRM/KA/RERA/1251/308/PR/171215/001283,Woodstock,Vishnu Developers,ongoing,13.058658,77.696222,locality_name,low,"Village name ""Maragondanahalli"" found in address",Maragondanahalli,nan,,,3246,,,Jan 2018,2017
PRM/KA/RERA/1251/310/PR/171215/001671,Trayam,Av6 Ventures,ongoing,12.919584,77.642347,village_centroid,medium,"Village Yellukunte Og (Bangalore South), match 0.91, area 1.1 sq km",Agara,nan,,,2050,,,Dec 2017,2017
PRM/KA/RERA/1250/304/PR/171215/000699,Pinnacle,Landstar Homes,ongoing,13.06366,77.731497,village_centroid,medium,"Village Hirandahalli (Bangalore South), match 0.91, area 4.5 sq km",Hirandahalli,nan,,,5694,,,Mar 2019,2017
PRM/KA/RERA/1251/446/PR/171215/001615,Ncn Srivari,Shreevaridevelopers,ongoing,12.978205,77.734663,locality_name,low,"Village name ""Siddapura"" found in address",Belathur,nan,,,3064,,,Jun 2019,2017
PRM/KA/RERA/1251/308/PR/171215/001314,Tanmathra Meadows,Tanmathra Ventures,ongoing,12.851033,77.790432,village_centroid,medium,"Village Billapura (Anekal), match 1.00, area 1.3 sq km",Billapura,nan,,,6677,,,Dec 2019,2017
PRM/KA/RERA/1251/308/PR/171215/000713,Pioneer Sunblossom B Block,Pioneer Sunblossom B Block,ongoing,13.058658,77.696222,village_centroid,medium,"Village Maragondanahalli (Bangalore South), match 1.00, area 2.0 sq km",Maragondanahalli,nan,,,3895,,,Feb 2022,2017
PRM/KA/RERA/1251/446/PR/171214/001529,Keerthi Regalia,Keerthi Estates Pvt Ltd,ongoing,12.92901,77.699256,village_centroid,medium,"Village Doddakannalli (Bangalore South), match 0.96, area 4.1 sq km",Munnekollala,nan,,,5059,,,Dec 2018,2017
PRM/KA/RERA/1251/310/PR/171214/001461,Naksha Hydepark,Naksha Project Pvt Ltd,done,12.917341,77.494284,village_centroid,low,"Village Kengeri Og (Bangalore South), match 0.88, area 8.3 sq km",Bande Mutt,nan,,,2311,,,May 2019,2017
PRM/KA/RERA/1251/446/PR/171214/001322,Oceanus Vista Ii,Oceanus Dwellings Pvt Ltd,ongoing,12.918997,77.677399,village_centroid,medium,"Village Kasavanahalli (Bangalore South), match 1.00, area 2.7 sq km",Doddakanahalli,nan,,,8176,,,Mar 2021,2017
PRM/KA/RERA/1251/309/PR/171214/001545,Skygold Elegance,Skygold Properties Pvt Ltd,ongoing,13.190963,77.539979,village_centroid,medium,"Village Chokkanahalli (Bangalore North), match 1.00, area 1.8 sq km",Chokkanahalli,nan,,,2023,,,Jul 2019,2017
PRM/KA/RERA/1251/446/PR/171214/001861,Punnami Bilss Annex,Punnami Properties,ongoing,12.954635,77.713511,locality_name,low,"Village name ""Panathur"" found in address",Munnekollala,nan,,,911,,,Oct 2017,2017
PRM/KA/RERA/1251/310/PR/171214/001485,Radiant Silver Oak,Radiant Properties,ongoing,12.876371,77.621056,village_centroid,medium,"Village Yelenahalli (Bangalore South), match 1.00, area 1.8 sq km",Kalena Agrahara,nan,,,10912,,,Dec 2019,2017
PRM/KA/RERA/1251/309/PR/171214/001226,Krsna Laburnum,Dr. K. Balaraman,ongoing,13.088596,77.319095,village_centroid,medium,"Village Chikmaranahalli (Nelamagala), match 0.94, area 5.6 sq km",Chikmaranahalli,nan,,,2793,,,Aug 2018,2017
PRM/KA/RERA/1251/308/PR/171214/000908,Subha 9 Sky Vue,Subha Builders And Developers,done,12.759501,77.702899,portal_boundary,high,,Byagadadenahalli,nan,,,5463,,,Mar 2020,2017
PRM/KA/RERA/1251/446/PR/171214/001250,Frontier Heights,Frontier Shelters Pvt Ltd,new,12.91433,77.666587,village_centroid,medium,"Village Haralur (Bangalore South), match 1.00, area 3.3 sq km",Doddakanahalli,nan,,,10163,,,Nov 2020,2017
PRM/KA/RERA/1251/310/PR/171214/001435,Pvr Mithra,Sree Pvr Developers,done,12.888451,77.621719,portal_boundary,high,,Begur,nan,,,1240,,,Dec 2018,2017
PRM/KA/RERA/1251/310/PR/171214/001473,Hamilton Homes Ph-Ii,Hamilton Projects Llp,ongoing,12.503557,77.333896,village_centroid,medium,"Village Attihalli (Kankapura), match 0.95, area 2.1 sq km",Attihalli,nan,,,19099,,,Jun 2019,2017
PRM/KA/RERA/1251/310/PR/171214/001740,Arun Constructions,Arun Constructions,new,12.694034,77.706065,locality_name,low,"Village name ""Singasandra"" found in address",Singasandra,nan,,,1003,,,May 2019,2017
PRM/KA/RERA/1251/310/PR/171214/001617,Pristine Symphony,Pristine Builders,done,13.099554,77.717957,locality_name,low,"Village name ""Kammasandra"" found in address",Kammasandra,nan,,,1467,,,Nov 2021,2017
PRM/KA/RERA/1251/446/PR/171214/001381,Basava Pride,S &S Infratech,ongoing,12.852525,77.592475,locality_name,low,"Village name ""Basavanapura"" found in address",Gottigere,nan,,,1416,,,Apr 2019,2017
PRM/KA/RERA/1251/446/PR/171214/001190,Desai Radiant,Desai Developers,done,12.978108,77.756866,portal_boundary,high,,Hagadur,nan,,,5971,,,Jan 2018,2017
PRM/KA/RERA/1251/446/PR/171214/001051,Parimala Skyview,Vishnu Priya Group Of Builders And Developers,ongoing,12.965158,77.733568,locality_name,low,"Ward name ""Whitefield"" found in address",Whitefield,nan,,,4048,,,Dec 2018,2017
PRM/KA/RERA/1251/310/PR/171214/001023,Windsor Troika,Windsor Edifices Private Limited,ongoing,12.865302,77.620781,portal_boundary,high,,Mylasandra,nan,,,19698,,,Jun 2020,2017
PRM/KA/RERA/1251/309/PR/171214/001851,Nature'S Nest,Sai Ashrivad Constructions,ongoing,13.104005,77.552932,village_centroid,medium,"Village Chikkabettahalli (Bangalore North), match 1.00, area 2.1 sq km",Chikkabettahalli,nan,,,3919,,,Aug 2019,2017
PRM/KA/RERA/1250/303/PR/171214/001482,Bijith Krupa,T U Balan,ongoing,13.290712,77.697317,village_centroid,medium,"Village Devanahalli (Devanhalli), match 1.00, area 0.5 sq km",Devanahalli,nan,,,9611,,,Mar 2019,2017
PRM/KA/RERA/1251/310/PR/171214/001934,S V Springwoods,Sri Vinayaka Infra,ongoing,12.910816,77.588973,ward_centroid,low,BBMP ward 198 J P Nagar,J P Nagar,nan,,,2202,,,Jan 2019,2017
PRM/KA/RERA/1251/309/PR/171214/001186,Silver Oak Residences,Hilltop Arcade Residency,done,13.04608,77.505692,portal_boundary,high,,Defence Colony,nan,,,2332,,,Dec 2018,2017
PRM/KA/RERA/1251/446/PR/171214/001929,Purple Woods,Purple Estates & Holdings Pvt Ltd.,ongoing,13.048769,77.694859,locality_name,low,"Village name ""Varanasi"" found in address",Varanasi,nan,,,6641,,,Dec 2017,2017
PRM/KA/RERA/1251/310/PR/171214/001927,S V Luxuria,Sri Vinayaka Infra,ongoing,12.876353,77.540952,village_centroid,medium,"Village Thalaghattapura (Bangalore South), match 0.96, area 2.0 sq km",Hemmigepura,nan,,,3590,,,Sep 2019,2017
PRM/KA/RERA/1251/446/PR/171214/001027,Oceanus Classic,Oceanus Dwellings Pvt Ltd,ongoing,13.106284,77.751331,village_centroid,medium,"Village Kodigehalli (Bangalore South), match 1.00, area 0.8 sq km",Kodigehalli,nan,,,10669,,,Mar 2021,2017
PRM/KA/RERA/1251/446/PR/171214/001859,Narya 5 Elements,Narya Constructions And Developers,new,13.029052,77.763148,village_centroid,medium,"Village Belathur (Bangalore South), match 0.92, area 1.3 sq km",Belathur,nan,,,6376,,,Feb 2021,2017
PRM/KA/RERA/1251/310/PR/171214/001864,Advaitha Aksha,Advaitha Ventures Pvt Ltd,done,12.958916,77.628957,locality_name,low,"Village name ""Koramangala"" found in address",Agaram,nan,,,14264,,,Jul 2021,2017
PRM/KA/RERA/1251/446/PR/171214/001077,Silver Bells,Vaishno Projects,ongoing,12.934445,77.742511,locality_name,low,"Ward name ""Varthuru"" found in address",Varthuru,nan,,,4046,,,Jul 2018,2017
PRM/KA/RERA/1251/446/PR/171214/000803,Chick Cottage Residences,Tree Of Life Dwellings Llp,ongoing,13.1919,77.303694,locality_name,low,"Village name ""Kodihalli"" found in address",Kodihalli,nan,,,1281,,,May 2021,2017
PRM/KA/RERA/1251/446/PR/171214/001767,Punnami Bliss,Punnami Properties,ongoing,12.954635,77.713511,village_centroid,medium,"Village Panathur (Bangalore South), match 1.00, area 3.3 sq km",Munnekollala,nan,,,911,,,Oct 2017,2017
PRM/KA/RERA/1251/446/PR/171214/001710,Sai Charita Green Oaks Phase Ii,Sai Charita Builders,done,13.033689,77.662203,pin_centroid,low,PIN 560043 median of 17 located projects,Kalkere,560043,,,5669,,,Dec 2016,2017
PRM/KA/RERA/1250/304/PR/171208/002001,Daiwik Sparsh,Daiwik Housing Private Limited,done,12.948239,77.7713,portal_boundary,high,,Muthasandra,nan,,,8903,,,Dec 2016,2017
PRM/KA/RERA/1251/310/PR/171208/001189,Majestic Fortune,Majestic Property Developers Private Limited,ongoing,12.898745,77.582572,village_centroid,medium,"Village Chunchaghatta (Bangalore South), match 1.00, area 1.0 sq km",Puttenahalli - Sarakki Lake,nan,,,18109,,,Oct 2021,2017
PRM/KA/RERA/1251/308/PR/171208/002181,Snr Verity,Snr Square Pvt Ltd,done,12.867888,77.809499,village_centroid,medium,"Village Thindlu (Anekal), match 1.00, area 3.1 sq km",Thindlu,nan,,,4047,,,Mar 2019,2017
PRM/KA/RERA/1250/304/PR/171208/001069,M1 Properties Terra Alegria,M1 Properties,done,13.12548,77.776485,village_centroid,medium,"Village Shankanipura (Hoskote), match 0.91, area 0.6 sq km",Shankanipura,nan,,,30705,,,Sep 2021,2017
PRM/KA/RERA/1251/446/PR/171208/000644,Orchard In Bloom,Innerspaces Properties Pvt Ltd,done,12.931445,77.668066,village_centroid,medium,"Village Ambalipura (Bangalore South), match 1.00, area 1.3 sq km",Bellanduru,nan,,,1623,,,Oct 2018,2017
PRM/KA/RERA/1251/446/PR/171208/001050,Definer Kingdom 2,Definer Ventures,ongoing,13.073542,77.746797,portal_boundary,high,,Cheemasandra,nan,,,2630,,,Aug 2018,2017
PRM/KA/RERA/1251/310/PR/171208/001113,Nandi Forest View,Nandi Developers,ongoing,12.900908,77.522956,portal_boundary,high,,Rajarajeshwari Nagar,560098,,,3803,,,Mar 2019,2017
PRM/KA/RERA/1251/446/PR/171208/001157,Vogue,Sjr Prime Corporation Pvt Ltd,ongoing,13.214128,77.494878,locality_name,low,"Village name ""Sonnenahalli"" found in address",Sonnenahalli,nan,,,6807,,,Jun 2019,2017
PRM/KA/RERA/1251/446/PR/171208/001241,Adithya Esquina,Adithya Constructions,done,12.948387,77.757318,portal_boundary,high,,Varthuru,nan,,,6172,,,Jun 2019,2017
PRM/KA/RERA/1251/446/PR/171208/002015,Prestige Dolce Vita,Prestige Estates Projects Limited,new,13.109408,77.626051,locality_name,low,"Village name ""Agrahara"" found in address",Agrahara,nan,,,5566,,,Mar 2021,2017
PRM/KA/RERA/1251/310/PR/171208/000925,Nandi Citadel,Nandi Housing Private Limited,done,12.949618,77.51703,locality_name,low,"Ward name ""Chandra Layout"" found in address",Chandra Layout,nan,,,51799,,,Dec 2020,2017
PRM/KA/RERA/1251/446/PR/171208/001237,Skanda Avani C99,Dhriti Properties,ongoing,12.930036,77.72178,locality_name,low,"Village name ""Chikkabellandur"" found in address",Varthuru,nan,,,18817,,,Jun 2019,2017
PRM/KA/RERA/1251/446/PR/171208/001281,Mahalakshmi Misty Meadows,Mahalakshmi Builders And Developers,done,12.999716,77.773302,village_centroid,medium,"Village Nagondahalli (Bangalore South), match 0.92, area 0.9 sq km",Kadugodi,nan,,,9915,,,Sep 2022,2017
PRM/KA/RERA/1251/310/PR/171208/000894,Vista Tribute,Vista Merez,ongoing,12.967153,77.600483,portal_boundary,high,,Shantala Nagar,nan,,,1560,,,Jul 2020,2017
PRM/KA/RERA/1251/446/PR/171208/001196,Blue Waters Phase 1,Sjr Prime Corporation Private Limited,ongoing,12.901251,77.657676,village_centroid,medium,"Village Kudlu (Anekal), match 1.00, area 3.5 sq km",Doddakanahalli,nan,,,65659,,,Jun 2019,2017
PRM/KA/RERA/1251/310/PR/171208/000574,Linea Sunflower,Linea Properties,ongoing,12.923394,77.485696,locality_name,low,"Ward name ""Kengeri"" found in address",Kengeri,nan,,,6173,,,Feb 2018,2017
PRM/KA/RERA/1251/446/PR/171208/000187,Meda Eternity,Meda Eternity,done,13.036038,77.706667,portal_boundary,high,,I T I Notified Area,nan,,,4755,,,Mar 2019,2017
PRM/KA/RERA/1251/309/PR/171208/001221,Skav Asstha,Garuda Developers Pvt Ltd,ongoing,12.831791,77.596904,locality_name,low,"Village name ""Laxmipura"" found in address",Laxmipura,nan,,,3075,,,Aug 2019,2017
PRM/KA/RERA/1251/446/PR/171208/001195,Sjr Primecorporation Pvt Ltd Palazzacity,Sjr Primecorporation Pvt Ltd,ongoing,12.976444,77.463697,locality_name,low,"Village name ""Kannahalli"" found in address",Kannahalli,nan,,,42705,,,May 2019,2017
PRM/KA/RERA/1251/446/PR/171208/001234,Garuda Royal Homes,Garuda Royal Homes,done,13.048683,77.348628,locality_name,low,"Village name ""Bhattarahalli"" found in address",Bhattarahalli,nan,,,10626,,,Jul 2019,2017
PRM/KA/RERA/1251/446/PR/171208/001047,Vishwam Projects,Vishwam Projects,ongoing,12.92901,77.699256,village_centroid,medium,"Village Doddakannalli (Bangalore South), match 0.93, area 4.1 sq km",Munnekollala,nan,,,9973,,,Dec 2017,2017
PRM/KA/RERA/1251/446/PR/171208/001156,Obel Villas,Obel Builders,ongoing,12.957527,77.731926,village_centroid,medium,"Village Balagere (Bangalore South), match 0.89, area 2.0 sq km",Whitefield,nan,,,5226,,,Jul 2018,2017
PRM/KA/RERA/1251/446/PR/171208/001164,Gcn Brindavan,Gcn Projects Private Limited,ongoing,13.036958,77.748892,locality_name,low,"Village name ""Dommasandra"" found in address",Dommasandra,nan,,,7842,,,Dec 2018,2017
PRM/KA/RERA/1251/309/PR/171208/001036,Aarushi Residency - 'The Rising Sun',Mehi Developers,ongoing,13.108556,77.55814,locality_name,low,"Village name ""Doddabettahalli"" found in address",Doddabettahalli,nan,,,2023,,,Apr 2020,2017
PRM/KA/RERA/1251/446/PR/171208/001039,White Lotus Tamara,White Lotus Smart Homes Llp,ongoing,12.976287,77.641709,portal_boundary,high,,Old Thippasandra,nan,,,584,,,May 2018,2017
PRM/KA/RERA/1251/308/PR/171208/001249,Mjr Clique Hercules,Mjr Builders Pvt Ltd,done,13.161706,77.726327,village_centroid,medium,"Village Gollahalli (Bangalore North), match 1.00, area 0.6 sq km",Gollahalli,nan,,,13962,,,Dec 2018,2017
PRM/KA/RERA/1250/304/PR/171208/001131,Sowparnika Purple Rose,Sowparnika Projects And Infrastructure Pvt. Ltd.,done,13.115833,77.812852,village_centroid,medium,"Village Yelachanayakanapura (Hoskote), match 1.00, area 0.7 sq km",Yelachanayakanapura,nan,,,7891,,,Jun 2017,2017
PRM/KA/RERA/1251/310/PR/171208/000986,Gopalan Olympia,Gopalan Enterprises,ongoing,12.883823,77.450232,village_centroid,medium,"Village Kumbalagodu (Bangalore South), match 0.95, area 7.2 sq km",Kumbalagodu,nan,,,64952,,,Jun 2021,2017
PRM/KA/RERA/1251/446/PR/171208/001260,Samruddhi Rhythm,Samruddhi Realty Ltd,ongoing,13.09219,77.672986,village_centroid,medium,"Village Doddagubbi (Bangalore South), match 1.00, area 2.8 sq km",Doddagubbi,nan,,,10752,,,Mar 2019,2017
PRM/KA/RERA/1251/446/PR/171208/000997,Oceanus Tranquil,Oceanus Dwellings (P) Ltd,ongoing,13.058658,77.696222,village_centroid,medium,"Village Maragondanahalli (Bangalore South), match 0.97, area 2.0 sq km",Maragondanahalli,nan,,,15176,,,Mar 2021,2017
PRM/KA/RERA/1251/308/PR/171208/001274,Gopalan Lakefront,Gopalan Enterprises,ongoing,12.852073,77.673656,village_centroid,medium,"Village Veerasandra (Anekal), match 0.91, area 2.1 sq km",Veerasandra,nan,,,16693,,,Jun 2020,2017
PRM/KA/RERA/1251/309/PR/171208/001088,Vasathi Avante,Vasathi Housing Ltd,ongoing,13.078525,77.629199,village_centroid,medium,"Village Rachenahalli (Bangalore South), match 1.00, area 2.6 sq km",Jakkuru,nan,,,21499,,,Sep 2019,2017
PRM/KA/RERA/1251/446/PR/171208/000975,Pujitha Orchid,Pujitha Homes,ongoing,13.082447,77.72356,locality_name,low,"Village name ""Bidarahalli"" found in address",Bidarahalli,nan,,,1012,,,Aug 2018,2017
PRM/KA/RERA/1251/310/PR/171207/002367,Adarsh Palm Retreat Mayberry-Phase 1,Akarsh Residence Pvt Ltd,new,12.91,77.69,portal_boundary,high,,Doddakanahalli,nan,,,12749,,,Aug 2023,2017
PRM/KA/RERA/1251/310/PR/171207/002357,Palm Meadows Annexe,Adarsh Developers,new,12.9575,77.74,portal_boundary,high,,Whitefield,nan,,,3716,,,Aug 2021,2017
PRM/KA/RERA/1251/446/PR/171207/002464,Casagrand Royce,Casa Grande Garden City Builders Pvt Ltd,done,13.003198,77.720628,portal_boundary,high,,Hudi,nan,,,16281,,,Jun 2020,2017
PRM/KA/RERA/1251/310/PR/171205/002311,Shilpa Laksh,Shilpa Enterprises,done,12.993974,77.531183,ward_centroid,low,BBMP ward 57 Shakthi Ganapathi Nagar,Shakthi Ganapathi Nagar,nan,,,2139,,,Oct 2019,2017
PRM/KA/RERA/1251/446/PR/171205/002251,Shilpa Dacha,Shilpa Enterprises,ongoing,13.193445,77.915945,locality_name,low,"Village name ""Kondrahalli"" found in address",Kondrahalli,nan,,,15117,,,Sep 2017,2017
PRM/KA/RERA/1251/310/PR/171205/001376,Palm Groves,Karsten Homes Pvt Ltd,ongoing,12.811442,77.714221,locality_name,low,"Village name ""Chandapura"" found in address",Chandapura,nan,,,15117,,,Jan 2018,2017
PRM/KA/RERA/1251/310/PR/171201/001548,Ashraya,Pragna Estates,ongoing,12.791732,77.642919,locality_name,low,"Village name ""Jigani"" found in address",Jigani,nan,,,1115,,,Sep 2018,2017
PRM/KA/RERA/1251/310/PR/171201/001508,Aryan Golden Arena - F,Aryan Hometec Pvt Ltd,ongoing,12.814944,77.790244,village_centroid,medium,"Village Bidaraguppe (Anekal), match 1.00, area 6.2 sq km",Bidaraguppe,nan,,,2187,,,Sep 2021,2017
PRM/KA/RERA/1251/446/PR/171201/001747,Garden Residency - Whitefield,It Estates,ongoing,13.082447,77.72356,locality_name,low,"Village name ""Bidarahalli"" found in address",Bidarahalli,nan,,,4756,,,Dec 2020,2017
PRM/KA/RERA/1251/309/PR/171201/001316,Vinyaas Virtue,Vinyaas Project Private Limited,done,12.882644,77.570798,village_centroid,medium,"Village Alahalli (Bangalore South), match 0.94, area 1.7 sq km",Anjanapura,nan,,,5768,,,Dec 2017,2017
PRM/KA/RERA/1251/310/PR/171201/000630,Uniworth Serenity,Uniworth Finvest Private Limited,done,12.897818,77.48708,locality_name,low,"Village name ""Doddabele"" found in address",Hemmigepura,nan,,,2160,,,Jun 2018,2017
PRM/KA/RERA/1251/310/PR/171201/001685,Gurupriya Carnation,Gurupriya Housing (P) Ltd,done,12.877502,77.6388,pin_centroid,low,PIN 560068 median of 45 located projects,Rupenaagrahara,560068,,,2469,,,Apr 2017,2017
PRM/KA/RERA/1251/446/PR/171201/001919,Palm Vistas,Pearl Community One Developers Pvt Ltd,ongoing,13.067126,77.75174,village_centroid,medium,"Village Bandapura (Bangalore South), match 1.00, area 1.0 sq km",Bandapura,nan,,,16598,,,Jun 2019,2017
PRM/KA/RERA/1251/446/PR/171201/001693,The Trillium,Galaxy Constructions,ongoing,12.957527,77.731926,village_centroid,medium,"Village Balagere (Bangalore South), match 1.00, area 2.0 sq km",Whitefield,nan,,,3237,,,Dec 2019,2017
PRM/KA/RERA/1251/308/PR/171201/001932,My Nest,E P Mohan Babu,done,13.161706,77.726327,locality_name,low,"Village name ""Gollahalli"" found in address",Gollahalli,nan,,,3262,,,Oct 2017,2017
PRM/KA/RERA/1251/309/PR/171201/001530,The Orchard,Shivparvati Constructions,ongoing,12.882644,77.570798,locality_name,low,"Village name ""Alahalli"" found in address",Anjanapura,nan,,,8037,,,Mar 2018,2017
PRM/KA/RERA/1251/308/PR/171201/001750,Urban Eco Space,Urban Eco Space,ongoing,12.832422,77.802353,village_centroid,medium,"Village Adigarakallahalli (Anekal), match 1.00, area 2.3 sq km",Adigarakallahalli,nan,,,8094,,,Mar 2018,2017
PRM/KA/RERA/1251/310/PR/171201/001377,Palm Groves,Karsten Homes Pvt Ltd,ongoing,12.811442,77.714221,locality_name,low,"Village name ""Chandapura"" found in address",Chandapura,nan,,,3457,,,Sep 2021,2017
PRM/KA/RERA/1251/446/PR/171201/001675,Sai Sunshine,B Veenavani,ongoing,12.882644,77.570798,locality_name,low,"Village name ""Alahalli"" found in address",Anjanapura,nan,,,6728,,,Dec 2018,2017
PRM/KA/RERA/1251/308/PR/171201/001217,Damden Vivo,Damden Properties,ongoing,12.871261,77.787979,locality_name,low,"Village name ""Sarjapura"" found in address",Sarjapura,nan,,,3538,,,Feb 2021,2017
PRM/KA/RERA/1251/446/PR/171201/000906,Legacy Saviero,Chitrakut Estates Private Limited,ongoing,13.044189,77.666132,locality_name,low,"Village name ""Horamavu"" found in address",Kalkere,nan,,,6804,,,Mar 2021,2017
PRM/KA/RERA/1251/446/PR/171201/000402,Orchid Whitefield,Goyal Hariyana Constructions,done,12.963664,77.757236,portal_boundary,high,,Hagadur,nan,,,26429,,,Sep 2021,2017
PRM/KA/RERA/1251/309/PR/171201/000444,Mantri Manyata Lithos,Mantri Technology Constellations Pvt. Ltd.,done,13.078525,77.629199,locality_name,low,"Village name ""Rachenahalli"" found in address",Jakkuru,nan,,,24603,,,Jul 2020,2017
PRM/KA/RERA/1250/303/PR/171201/000575,Under The Sun,Fortius Land Developers Llp,done,13.290712,77.697317,locality_name,low,"Village name ""Devanahalli"" found in address",Devanahalli,nan,,,19129,,,Jun 2021,2017
PRM/KA/RERA/1251/446/PR/171201/001578,Samruddhi Winter Green,Samruddhi Realty Limited,ongoing,12.942471,77.679806,locality_name,low,"Village name ""Bellandur"" found in address",Bellanduru,nan,,,13142,,,Dec 2019,2017
PRM/KA/RERA/1251/310/PR/171201/001362,Palm Groves,Karsten Homes Pvt Ltd,ongoing,12.811442,77.714221,locality_name,low,"Village name ""Chandapura"" found in address",Chandapura,nan,,,7476,,,Sep 2021,2017
PRM/KA/RERA/1251/310/PR/171201/001483,Eternity Aspire,Yashmu Projects,ongoing,12.917341,77.494284,village_centroid,low,"Village Kengeri Og (Bangalore South), match 0.88, area 8.3 sq km",Bande Mutt,nan,,,3236,,,Sep 2021,2017
PRM/KA/RERA/1251/446/PR/171201/001881,Sai Sowbagya,Sowbagya Developerrs Private Limited,ongoing,12.918018,77.683958,locality_name,low,"Village name ""Junnasandra"" found in address",Doddakanahalli,nan,,,2235,,,May 2019,2017
PRM/KA/RERA/1251/308/PR/171201/001625,Garden Residency,It Estates,ongoing,12.420848,77.368804,locality_name,low,"Village name ""Nayakanahalli"" found in address",Nayakanahalli,nan,,,8904,,,Mar 2018,2017
PRM/KA/RERA/1251/446/PR/171201/000442,Windfields,Paranjape Schemes Bangalore,ongoing,13.11276,77.503171,village_centroid,medium,"Village Kempapura (Bangalore North), match 1.00, area 1.2 sq km",Kempapura,nan,,,11534,,,Apr 2019,2017
PRM/KA/RERA/1251/446/PR/171201/000751,Srs White Pearl,Srs Shelters,ongoing,13.054543,77.709125,village_centroid,medium,"Village Halehalli (Bangalore South), match 1.00, area 1.2 sq km",Halehalli,560049,,,3879,,,Oct 2018,2017
PRM/KA/RERA/1251/310/PR/171201/001752,Mayaindradhanush,Maya Ventures Pvt Ltd,ongoing,13.012519,77.404654,village_centroid,medium,"Village Mallasandra (Bangalore North), match 1.00, area 2.4 sq km",Mallasandra,nan,,,7638,,,Dec 2018,2017
PRM/KA/RERA/1251/310/PR/171201/001380,Palm Groves,Karsten Homes Pvt Ltd,ongoing,12.811442,77.714221,locality_name,low,"Village name ""Chandapura"" found in address",Chandapura,nan,,,4098,,,Dec 2020,2017
PRM/KA/RERA/1251/310/PR/171201/001079,G R Lotus,G R Promoters,done,12.932604,77.531754,village_centroid,medium,"Village Halagevaderahalli Og (Bangalore South), match 0.94, area 4.8 sq km",Jnana Bharathi,nan,,,3237,,,Aug 2018,2017
PRM/KA/RERA/1251/446/PR/171201/001699,Jr Elegance,Jr Constructions,done,13.028233,77.659367,portal_boundary,high,,Horamavu,nan,,,3753,,,Jul 2023,2017
PRM/KA/RERA/1251/308/PR/171130/000629,Pragathi Amber,Slv Concretes,ongoing,13.099554,77.717957,locality_name,low,"Village name ""Kammasandra"" found in address",Kammasandra,nan,,,9319,,,May 2023,2017
PRM/KA/RERA/1251/446/PR/171125/000520,Suncrest Pebbles,Suncrest Structures Llp,new,12.957527,77.731926,village_centroid,medium,"Village Balagere (Bangalore South), match 1.00, area 2.0 sq km",Whitefield,nan,,,1291,,,Sep 2021,2017
PRM/KA/RERA/1251/308/PR/171125/000624,Gomati Iris,Gomati Infratech,ongoing,12.826878,77.690339,locality_name,low,"Village name ""Bommasandra"" found in address",Bommasandra,nan,,,9307,,,Jul 2019,2017
PRM/KA/RERA/1251/446/PR/171125/000347,Samprasiddhi Greenedge,Samprasiddhi Infratech,done,13.078525,77.629199,locality_name,low,"Village name ""Rachenahalli"" found in address",Jakkuru,nan,,,6355,,,Jul 2017,2017
PRM/KA/RERA/1251/310/PR/171125/000383,Birla Apple Aroma,Apple Spire India Llp,ongoing,12.882644,77.570798,village_centroid,medium,"Village Alahalli (Bangalore South), match 1.00, area 1.7 sq km",Anjanapura,nan,,,9191,,,Mar 2020,2017
PRM/KA/RERA/1251/446/PR/171125/000597,Grandeur Park,Gvg Infrastructure Pvt Ltd,ongoing,12.991066,77.415329,locality_name,low,"Village name ""Varthur"" found in address",Varthur,nan,,,13221,,,Sep 2021,2017
PRM/KA/RERA/1251/310/PR/171125/000528,Raheja Vivarea,Chalet Hotels Limited,ongoing,13.036034,77.606304,ward_centroid,low,BBMP ward 68 Vishwanath Nagenahalli,Vishwanath Nagenahalli,nan,,,33285,,,Apr 2024,2017
PRM/KA/RERA/1251/310/PR/171125/000640,Manjunatha Classic,Manjunathaproperties,ongoing,12.870422,77.606089,locality_name,low,"Village name ""Kammanahalli"" found in address",Hulimavu,nan,,,773,,,Sep 2018,2017
PRM/KA/RERA/1251/446/PR/171125/000783,Sanvi Sankalpam,Sanvi Properties,ongoing,12.999716,77.773302,village_centroid,medium,"Village Nagondahalli (Bangalore South), match 0.92, area 0.9 sq km",Kadugodi,nan,,,3896,,,Dec 2018,2017
PRM/KA/RERA/1250/303/PR/171125/000498,Ewest Skyway,Shashi Kiran C. N.,ongoing,13.084734,77.625915,village_centroid,medium,"Village Sriramapura (Bangalore North), match 0.95, area 1.1 sq km",Kogilu,nan,,,2608,,,Dec 2018,2017
PRM/KA/RERA/1251/310/PR/171125/000517,A Few Honest Words,Total Environment Constructions Private Limited,done,12.936828,77.569018,locality_name,low,"Ward name ""Basavanagudi"" found in address",Basavanagudi,560004,,,1095,,,Dec 2018,2017
PRM/KA/RERA/1251/309/PR/171125/000801,Shilpitha Snflower,Bvs Reddy,done,12.965158,77.733568,locality_name,low,"Ward name ""Whitefield"" found in address",Whitefield,nan,,,16279,,,Dec 2017,2017
PRM/KA/RERA/1251/310/PR/171125/000735,Manhattan,Svg Properteis Pvt Ltd,ongoing,13.111562,77.38992,locality_name,low,"Village name ""Visveswarapura"" found in address",Visveswarapura,nan,,,2408,,,Mar 2018,2017
PRM/KA/RERA/1251/446/PR/171123/000617,Radiant Lake View 3,Radiant Builders,ongoing,13.024075,77.703813,locality_name,low,"Ward name ""Medahalli"" found in address",Medahalli,nan,,,7091,,,Jan 2018,2017
PRM/KA/RERA/1251/309/PR/171123/000487,Maysons Udbhava,Maysonssjr Realty Pvt Ltd,done,13.113955,77.600872,locality_name,low,"Village name ""Yelahanka"" found in address",Kempegowda Ward,nan,,,1600,,,Dec 2018,2017
PRM/KA/RERA/1251/446/PR/171123/000704,Sumadhura Soham Phase-I,Sumadhura Infracon Private Limited,done,12.97923,77.63856,portal_boundary,high,,Hoysala Nagar,nan,,,16283,,,Dec 2018,2017
PRM/KA/RERA/1251/446/PR/171123/000477,Venkat Windsor East,Venkat Estates Private Limited,done,13.058692,77.718531,village_centroid,medium,"Village Kithiganur (Bangalore South), match 1.00, area 3.6 sq km",Kithiganur,nan,,,8093,,,Apr 2021,2017
PRM/KA/RERA/1251/310/PR/171123/000643,Yuva Eka,T Pramod Kumar,done,12.694034,77.706065,locality_name,low,"Village name ""Singasandra"" found in address",Singasandra,nan,,,3716,,,Sep 2018,2017
PRM/KA/RERA/1251/446/PR/171123/000874,Satwi'S Thavil,Satwi Infra,done,12.954635,77.713511,locality_name,low,"Village name ""Panathur"" found in address",Munnekollala,nan,,,8700,,,Sep 2021,2017
PRM/KA/RERA/1251/446/PR/171123/000745,Ahad Meadows,Ahad Builders Pvt Ltd,done,12.908393,77.715879,village_centroid,medium,"Village Kodathi (Bangalore South), match 1.00, area 7.2 sq km",Varthuru,nan,,,8145,,,Aug 2017,2017
PRM/KA/RERA/1251/310/PR/171123/000496,Vaastu Hill View 3,Vaastu Structures Pvt. Ltd.,done,12.959254,77.543651,ward_centroid,low,BBMP ward 160 Bapuji Nagar,Bapuji Nagar,nan,,,3431,,,Oct 2020,2017
PRM/KA/RERA/1251/310/PR/171123/000581,Shravanthi Oakridge,Shravanthi Shelters,ongoing,12.876353,77.540952,village_centroid,medium,"Village Thalaghattapura (Bangalore South), match 1.00, area 2.0 sq km",Hemmigepura,nan,,,16099,,,Dec 2018,2017
PRM/KA/RERA/1251/446/PR/171123/000625,Sbr Horizon,Sbr Group,ongoing,13.038376,77.77353,village_centroid,medium,"Village Seegehalli (Bangalore South), match 1.00, area 3.3 sq km",Seegehalli,nan,5,180,7283,,9,Jun 2021,2017
PRM/KA/RERA/1251/309/PR/171123/000731,Gs Lns Pride,Lnsinfra,ongoing,12.89248,77.587262,village_centroid,medium,"Village Kothnur (Bangalore South), match 1.00, area 6.2 sq km",Vinayakanagar,nan,,,2462,,,Dec 2018,2017
PRM/KA/RERA/1251/446/PR/171118/001031,Cansa Dhiya,Kansa Properties Llp,new,12.954635,77.713511,locality_name,low,"Village name ""Panathur"" found in address",Munnekollala,nan,,,6615,,,Apr 2021,2017
PRM/KA/RERA/1250/301/PR/171118/001868,Osadia Garden City,Country Club Hospitality & Holidays Ltd,ongoing,13.334766,77.711894,village_centroid,medium,"Village Hosahudya (Devanhalli), match 1.00, area 2.4 sq km",Hosahudya,nan,,,16002,,,Sep 2022,2017
PRM/KA/RERA/1251/310/PR/171118/001382,Aryan Golden Arena - B,Aryan Hometec Pvt Ltd,ongoing,12.814944,77.790244,village_centroid,medium,"Village Bidaraguppe (Anekal), match 1.00, area 6.2 sq km",Bidaraguppe,nan,,,2252,,,Dec 2019,2017
PRM/KA/RERA/1251/446/PR/171118/001319,R&S Koncept Lakeview,Saai Prithvi Properties,done,13.078525,77.629199,village_centroid,medium,"Village Rachenahalli (Bangalore South), match 1.00, area 2.6 sq km",Jakkuru,nan,,,4048,,,Nov 2017,2017
PRM/KA/RERA/1251/446/PR/171118/001184,Vista Highland,Vista Spaces Estates Llp,ongoing,12.986204,77.57792,portal_boundary,high,,Vasanth Nagar,nan,,,747,,,Aug 2018,2017
PRM/KA/RERA/1251/308/PR/171118/001135,Peninsula Prakruthi Phase - 2,"Peninsula Infra Developments Pvt. Ltd.,",done,12.871261,77.787979,village_centroid,low,"Village Sarjapura (Anekal), match 1.00, area 8.3 sq km",Sarjapura,nan,,,14973,,,Mar 2021,2017
PRM/KA/RERA/1251/446/PR/171118/001361,Skyhouses,Slv Builders,ongoing,13.109408,77.626051,locality_name,low,"Village name ""Agrahara"" found in address",Agrahara,nan,,,2023,,,Nov 2018,2017
PRM/KA/RERA/1251/309/PR/171118/001475,Ramky One North Phase-3,Ramky Estates And Farms Ltd,done,13.147778,77.562227,locality_name,low,"Village name ""Avalahalli"" found in address",Avalahalli,nan,,,2677,,,Sep 2019,2017
PRM/KA/RERA/1251/446/PR/171117/000808,Dsr Waterscape,Dsr Infrastructure Pvt Ltd,done,13.060561,77.685388,village_centroid,medium,"Village K Channasandra (Bangalore South), match 1.00, area 0.9 sq km",K Channasandra,nan,,,16440,,,Aug 2019,2017
PRM/KA/RERA/1251/310/PR/171117/001075,Windsor Amulyam,Windsor Gardens Private Limited,done,13.250942,77.614722,village_centroid,medium,"Village Doddachamanahalli (Devanhalli), match 0.88, area 2.7 sq km",Doddachamanahalli,nan,,,3642,,,Dec 2018,2017
PRM/KA/RERA/1251/309/PR/171117/000365,Tower 6 One Bangalore West,Palladium Constructions Pvt Ltd,done,13.002093,77.534861,locality_name,low,"Ward name ""Puneet Rajkumar"" found in address",Puneet Rajkumar,nan,,,67488,,,Dec 2019,2017
PRM/KA/RERA/1251/446/PR/171115/000790,Ssvr Tridax,Ssvr Builders,done,12.957527,77.731926,locality_name,low,"Village name ""Balagere"" found in address",Whitefield,nan,,,8800,,,Feb 2018,2017
PRM/KA/RERA/1251/309/PR/171115/002318,Gm Infinite Silver Spring Field,M/S.Gm Infinite Dwelling (India) Private Limited,ongoing,12.969368,77.832278,village_centroid,medium,"Village Medimallasandra (Hoskote), match 0.87, area 2.4 sq km",Medimallasandra,nan,,,16592,,,Jun 2018,2017
PRM/KA/RERA/1251/309/PR/171115/002276,Sobha Hrc Pristine Phase 1 Block 1,Sobha Limited,new,13.094486,77.612329,village_centroid,medium,"Village Jakkuru (Bangalore North), match 0.92, area 2.5 sq km",Kogilu,nan,,,11430,,,Apr 2023,2017
PRM/KA/RERA/1251/446/PR/171115/000553,La Vida,Unishire Builders Private Limited,ongoing,13.020217,77.654561,portal_boundary,high,,Babusab Palya,nan,,,2297,,,Apr 2022,2017
PRM/KA/RERA/1251/446/PR/171114/002123,Gajanana Sumuk,Samarth Realty Developers Private Limited,ongoing,13.061312,77.314001,locality_name,low,"Village name ""Mahadevapura"" found in address",Mahadevapura,nan,,,3571,,,Dec 2017,2017
PRM/KA/RERA/1251/310/PR/171114/002255,Vista Kewgarth,Vista Merez,ongoing,12.942414,77.572758,portal_boundary,high,,Basavanagudi,nan,,,577,,,Jan 2021,2017
PRM/KA/RERA/1251/309/PR/171104/002270,Sobha Hrc Pristine Phase 2 Block 2,Sobha Limited,new,13.094486,77.612329,village_centroid,medium,"Village Jakkuru (Bangalore North), match 0.92, area 2.5 sq km",Kogilu,nan,,,11391,,,Apr 2023,2017
PRM/KA/RERA/1251/309/PR/171104/002267,Sobha Hrc Pristine Phase 4 Block 4 And 5,Sobha Limited,done,13.094486,77.612329,village_centroid,medium,"Village Jakkuru (Bangalore North), match 0.92, area 2.5 sq km",Kogilu,nan,,,1557,,,Apr 2023,2017
PRM/KA/RERA/1251/309/PR/171104/002268,Sobha - Hrc Pristine Phase 3 Block 3,Sobha Limited,new,13.094486,77.612329,village_centroid,medium,"Village Jakkuru (Bangalore North), match 0.92, area 2.5 sq km",Kogilu,nan,,,6456,,,Apr 2023,2017
PRM/KA/RERA/1251/446/PR/171104/002215,Florenso,Whitestone Projects,done,13.059621,77.7621,portal_boundary,high,,Khajisonnenahalli,nan,,,4817,,,Dec 2020,2017
PRM/KA/RERA/1251/310/PR/171103/001748,Vistaas,Sona Heights,new,13.191598,77.681597,village_centroid,medium,"Village Begur (Bangalore North), match 1.00, area 1.4 sq km",Begur,nan,,,36725,,,Sep 2026,2017
PRM/KA/RERA/1251/308/PR/171103/001857,Shriram Summitt,P.Mohanmurthy,ongoing,12.852073,77.673656,village_centroid,medium,"Village Veerasandra (Anekal), match 1.00, area 2.1 sq km",Veerasandra,562107,,,1706,,,Dec 2019,2017
PRM/KA/RERA/1251/308/PR/171103/001823,Sai Ram Residency,Sr Developers,new,12.861593,77.737435,village_centroid,medium,"Village Gopasandra (Anekal), match 1.00, area 1.8 sq km",Gopasandra,nan,,,3902,,,Aug 2019,2017
PRM/KA/RERA/1251/446/PR/171103/001346,Nd Around The Mangoes,Nd Developers Pvt Ltd,ongoing,12.946203,77.740145,village_centroid,low,"Village Gunjur (Bangalore South), match 1.00, area 9.5 sq km",Varthuru,nan,,,79135,,,May 2022,2017
PRM/KA/RERA/1251/308/PR/171103/001517,The Green Terraces,Keya Homes Pvt Ltd,done,12.837776,77.664204,pin_centroid,low,PIN 560100 median of 23 located projects,Gollahalli,560100,,,8094,,,Dec 2019,2017
PRM/KA/RERA/1251/310/PR/171103/002009,Greenfinch Vallerian,Greenfinch Projects Private Limited,ongoing,12.878382,77.663446,village_centroid,medium,"Village Beratena Agrahara (Bangalore South), match 1.00, area 1.2 sq km",Naganathapura,nan,,,3788,,,Mar 2018,2017
PRM/KA/RERA/1251/310/PR/171102/001924,R F Twilight,Rf Developers,done,12.923394,77.485696,locality_name,low,"Ward name ""Kengeri"" found in address",Kengeri,nan,,,1513,,,Dec 2018,2017
PRM/KA/RERA/1251/308/PR/171102/002143,Five Rings,Oravia Projects Private Limited,new,12.875685,77.820129,locality_name,low,"Village name ""Gudighattanahalli"" found in address",Gudighattanahalli,nan,,,20133,,,Sep 2023,2017
PRM/KA/RERA/1251/446/PR/171102/001918,Silver Domicile,Shoban Constructions And Developers,ongoing,13.078525,77.629199,locality_name,low,"Village name ""Rachenahalli"" found in address",Jakkuru,nan,,,4411,,,Nov 2018,2017
PRM/KA/RERA/1251/310/PR/171102/001811,Sv Meadows,Sv Infrastructure,ongoing,12.917341,77.494284,village_centroid,low,"Village Kengeri Og (Bangalore South), match 0.88, area 8.3 sq km",Bande Mutt,nan,,,6046,,,Jan 2018,2017
PRM/KA/RERA/1251/310/PR/171102/001854,Mythri Arteor,Mythrielite Homes Pvt Ltd,ongoing,13.191598,77.681597,village_centroid,medium,"Village Begur (Bangalore North), match 1.00, area 1.4 sq km",Begur,nan,,,2222,,,Jan 2018,2017
PRM/KA/RERA/1251/446/PR/171102/001451,Buildmann Aaroha - 1 (Block 1),Sukritha Buildmann Pvt Ltd,ongoing,13.024105,77.708949,pin_centroid,low,PIN 560036 median of 14 located projects,Medahalli,560036,,,6877,,,Mar 2022,2017
PRM/KA/RERA/1250/304/PR/171102/001528,Nivasa,Namma Mane Housing Llp,ongoing,13.091198,77.81182,locality_name,low,"Village name ""Dandupalya"" found in address",Dandupalya,nan,,,5073,,,Dec 2019,2017
PRM/KA/RERA/1251/310/PR/171102/002197,Zest At Godrej Eternity,Godrej Home Constructions Private Limited,new,13.012519,77.404654,village_centroid,medium,"Village Mallasandra (Bangalore North), match 1.00, area 2.4 sq km",Mallasandra,nan,,,13746,,,Jul 2024,2017
PRM/KA/RERA/1251/310/PR/171102/001895,Skanda Lake Front,S B Urbanscapes,ongoing,12.898107,77.565055,portal_boundary,high,,Konanakunte,nan,,,12407,,,Nov 2021,2017
PRM/KA/RERA/1251/310/PR/171102/002199,Life+ At Godrej Eternity,Godrej Home Constructions Private Limited,new,13.012519,77.404654,village_centroid,medium,"Village Mallasandra (Bangalore North), match 0.92, area 2.4 sq km",Mallasandra,nan,,,23526,,,Jul 2023,2017
PRM/KA/RERA/1251/308/PR/171102/001879,Aratt Rolling Whites - Row Villas,Aratt Rolling Whites,done,12.757473,77.678562,village_centroid,medium,"Village Soppahalli (Anekal), match 0.91, area 2.6 sq km",Soppahalli,nan,,,10817,,,Jul 2019,2017
PRM/KA/RERA/1251/310/PR/171102/001911,R Emerald,R R S Builders And Developers,new,13.07207,77.541668,locality_name,low,"Ward name ""Kuvempunagar"" found in address",Kuvempunagar,nan,,,382,,,Sep 2018,2017
PRM/KA/RERA/1251/308/PR/171102/001048,Altius Ardour,Altius Realcon Development India Private Limited,ongoing,12.835588,77.76832,portal_boundary,high,,Handenahalli,nan,,,4451,,,Jun 2019,2017
PRM/KA/RERA/1251/310/PR/171102/001888,Shravanee Vista Gardenia,Shravanee Shelters,ongoing,12.936828,77.569018,locality_name,low,"Ward name ""Basavanagudi"" found in address",Basavanagudi,nan,,,1323,,,May 2021,2017
PRM/KA/RERA/1251/308/PR/171102/001592,Urban Serenity,Inner Urban Infraestate Pvt Ltd,done,12.871261,77.787979,locality_name,low,"Village name ""Sarjapura"" found in address",Sarjapura,nan,,,29440,,,Jun 2021,2017
PRM/KA/RERA/1251/310/PR/171102/001532,Navami Funique,Navami Funique,done,12.874502,77.65184,village_centroid,medium,"Village Chikkathoguru (Bangalore South), match 1.00, area 1.8 sq km",HSR - Singasandra,nan,,,7689,,,Dec 2022,2017
PRM/KA/RERA/1251/446/PR/171031/001303,The Ripple,Upscale Homes Pvt.Ltd.,ongoing,12.924763,77.730082,portal_boundary,high,,Varthuru,nan,,,3036,,,Mar 2018,2017
PRM/KA/RERA/1251/308/PR/171031/001129,Sipani Jardin,Sipani Properties Pvt Ltd,done,12.775393,77.722744,village_centroid,low,"Village Madivala (Anekal), match 1.00, area 8.0 sq km",Madivala,562106,,,8094,,,Dec 2017,2017
PRM/KA/RERA/1251/446/PR/171031/000545,Signifa Springs,Signifa Developers,ongoing,12.940504,77.699681,locality_name,low,"Ward name ""Marathahalli"" found in address",Marathahalli,nan,,,3845,,,Jun 2018,2017
PRM/KA/RERA/1251/446/PR/171031/001465,Keerthi Splendour,Keerthi Estates Pvt Ltd,ongoing,12.97255,77.726651,village_centroid,medium,"Village Thubarahalli (Bangalore South), match 1.00, area 1.3 sq km",Whitefield,nan,,,3339,,,Dec 2019,2017
PRM/KA/RERA/1251/309/PR/171031/001459,Ramky One North Phase-4,Ramky Estates And Farms Limited,done,13.147778,77.562227,locality_name,low,"Village name ""Avalahalli"" found in address",Avalahalli,nan,,,5059,,,Sep 2019,2017
PRM/KA/RERA/1251/309/PR/171031/001524,Manito Northlite,Manito Northlite,ongoing,13.186067,77.286158,village_centroid,medium,"Village Ananthapura (Nelamagala), match 1.00, area 0.5 sq km",Ananthapura,nan,,,1482,,,Jan 2018,2017
PRM/KA/RERA/1251/309/PR/171031/001152,Max Madhura,Maxworth Realty India Limited,ongoing,13.108556,77.55814,locality_name,low,"Village name ""Doddabettahalli"" found in address",Doddabettahalli,nan,,,5157,,,Feb 2020,2017
PRM/KA/RERA/1251/308/PR/171031/001087,Pearl Peridot,Bharat And Bharath Properties,ongoing,12.84627,77.737141,village_centroid,medium,"Village Muthanallur (Anekal), match 1.00, area 3.1 sq km",Muthanallur,nan,,,2654,,,Mar 2021,2017
PRM/KA/RERA/1251/310/PR/171031/001415,Samruddhi Sunshine,Samruddhi Realty Ltd,ongoing,12.887439,77.66952,locality_name,low,"Village name ""Naganathapura"" found in address",Kudlu,nan,,,3418,,,Jun 2018,2017
PRM/KA/RERA/1251/310/PR/171031/001509,Bonitas Candor,Bonitas Developers & Buildesr,ongoing,12.876353,77.540952,locality_name,low,"Village name ""Thalaghattapura"" found in address",Hemmigepura,nan,,,1534,,,Nov 2017,2017
PRM/KA/RERA/1251/310/PR/171031/001577,Sri Heights,Narmada Developers,ongoing,12.890188,77.682188,locality_name,low,"Village name ""Rayasandra"" found in address",Rayasandra,nan,,,2410,,,Nov 2019,2017
PRM/KA/RERA/1251/310/PR/171031/001438,Aryan Golden Arena - C,Aryan Hometec Pvt Ltd,ongoing,12.814944,77.790244,village_centroid,medium,"Village Bidaraguppe (Anekal), match 1.00, area 6.2 sq km",Bidaraguppe,nan,,,2187,,,Dec 2019,2017
PRM/KA/RERA/1251/309/PR/171031/001305,Shell Northgate,Shell Promoters And Infra Pvt Ltd,done,13.089742,77.654458,locality_name,low,"Village name ""Kothanur"" found in address",Kothanur,nan,,,7795,,,Dec 2018,2017
PRM/KA/RERA/1251/308/PR/171031/000239,Signature Classic,Signature Dwellings Private Limited,ongoing,12.878494,77.774567,village_centroid,medium,"Village Sompura (Anekal), match 1.00, area 2.3 sq km",Sompura,nan,,,8700,,,Apr 2019,2017
PRM/KA/RERA/1251/309/PR/171031/001417,Kbr Elite,Kbr Homes (India) Pvt. Ltd,ongoing,13.11276,77.503171,locality_name,low,"Village name ""Kempapura"" found in address",Kempapura,nan,,,2935,,,Sep 2019,2017
PRM/KA/RERA/1251/310/PR/171031/001686,Pariwar Pragathi,Pariwar Housing Corporation,new,12.855195,77.594546,portal_boundary,high,,Kalena Agrahara,nan,,,17279,,,Sep 2021,2017
PRM/KA/RERA/1251/310/PR/171031/001515,Aryan Fountain Square,Aryan Hometec Pvt Ltd,ongoing,12.799937,77.779014,village_centroid,medium,"Village Indlabele (Anekal), match 1.00, area 3.8 sq km",Indlabele,nan,,,9611,,,Apr 2018,2017
PRM/KA/RERA/1251/308/PR/171031/001664,Shriline Avanti,Shriline Properties Pvt.Ltd,new,12.717,77.719927,portal_boundary,high,,Kurubarahatti,nan,,,8599,,,Sep 2023,2017
PRM/KA/RERA/1251/446/PR/171031/001412,Pavani Divine,"Sai Sravanthi Infra Projects Pvt. Ltd.,",done,13.214128,77.494878,village_centroid,medium,"Village Sonnenahalli (Bangalore North), match 1.00, area 6.3 sq km",Sonnenahalli,nan,,,11411,,,Apr 2021,2017
PRM/KA/RERA/1251/446/PR/171031/001467,Sobha Dream Acres - Tropical Greens Phase 18 Wing 39 And 40,Sobha Limited,done,12.991066,77.415329,locality_name,low,"Village name ""Varthur"" found in address",Varthur,nan,,,6923,,,Jul 2023,2017
PRM/KA/RERA/1251/446/PR/171031/001452,Sobha Dream Acres - Palm Springs Phase 17 Wing 54,Sobha Limited,done,12.991066,77.415329,locality_name,low,"Village name ""Varthur"" found in address",Varthur,nan,,,3922,,,Jan 2023,2017
PRM/KA/RERA/1251/308/PR/171031/001150,Sowparnika Swastika Phase Ii,Sowparnika Projects And Infrastructure Private Limited,ongoing,12.814944,77.790244,village_centroid,medium,"Village Bidaraguppe (Anekal), match 1.00, area 6.2 sq km",Bidaraguppe,nan,,,11630,,,Dec 2017,2017
PRM/KA/RERA/1251/446/PR/171031/001679,J S Carnation,J S Estates And Projects Private Limited,done,13.024536,77.676801,portal_boundary,high,,Kalkere,nan,,,7081,,,Aug 2021,2017
PRM/KA/RERA/1251/310/PR/171031/001736,Venkataramana Venture Venkatadri Hills,Venkataramana Venture Properties Llp,new,12.959254,77.543651,ward_centroid,low,BBMP ward 160 Bapuji Nagar,Bapuji Nagar,nan,,,763,,,May 2018,2017
PRM/KA/RERA/1251/308/PR/171031/001173,Peninsula Solitaire,"Peninsula Infra Developments Pvt. Ltd.,",done,12.867888,77.809499,village_centroid,medium,"Village Thindlu (Anekal), match 1.00, area 3.1 sq km",Thindlu,nan,,,40771,,,Dec 2019,2017
PRM/KA/RERA/1251/310/PR/171031/001174,Vista Vera,Vista Spaces Estates Llp,done,13.002766,77.566637,portal_boundary,high,,Kadu Malleshwara,nan,,,669,,,Jun 2019,2017
PRM/KA/RERA/1251/309/PR/171031/001009,Link Ornate,M Ramachandra,done,13.080966,77.633257,portal_boundary,high,,Kogilu,nan,,,7312,,,Aug 2018,2017
PRM/KA/RERA/1251/308/PR/171031/001765,Abhee Lotus,Abhee Developers,done,12.911267,77.679066,locality_name,low,"Ward name ""Doddakanahalli"" found in address",Doddakanahalli,nan,,,885,,,Jul 2017,2017
PRM/KA/RERA/1251/446/PR/171031/001506,Saroj Harmony,Saroj Developers,done,12.991066,77.415329,locality_name,low,"Village name ""Varthur"" found in address",Varthur,nan,,,7349,,,Dec 2019,2017
PRM/KA/RERA/1251/446/PR/171031/001080,Myhna Maple,Myhna Properties Private Limited,done,12.991066,77.415329,village_centroid,medium,"Village Varthur (Bangalore South), match 1.00, area 1.2 sq km",Varthur,nan,,,22510,,,Mar 2022,2017
PRM/KA/RERA/1251/446/PR/171031/001037,Mvs Paradise,Mvs Developers,ongoing,13.212432,77.507617,village_centroid,medium,"Village Channasandra (Bangalore North), match 1.00, area 0.5 sq km",Channasandra,nan,,,2008,,,Dec 2018,2017
PRM/KA/RERA/1251/310/PR/171031/001262,Raja Woods Parkk,Raja Housing Limited,ongoing,12.855041,77.586237,locality_name,low,"Ward name ""Gottigere"" found in address",Gottigere,nan,,,12139,,,Aug 2022,2017
PRM/KA/RERA/1251/310/PR/171031/001714,Windermere,Sri Parvata Builders Private Limited,done,12.694034,77.706065,village_centroid,medium,"Village Singasandra (Anekal), match 1.00, area 2.5 sq km",Singasandra,nan,,,2731,,,Aug 2017,2017
PRM/KA/RERA/1251/308/PR/171031/001549,Baldota Sernity,Mc Baldota,ongoing,12.890188,77.682188,village_centroid,medium,"Village Rayasandra (Anekal), match 0.95, area 2.0 sq km",Rayasandra,nan,,,5362,,,Sep 2018,2017
PRM/KA/RERA/1251/310/PR/171031/001471,Parkway Homes Ph-Ii,Parkway Homes Llp,ongoing,12.874533,77.678504,village_centroid,medium,"Village Doddanagamangala (Bangalore South), match 1.00, area 2.3 sq km",Doddanagamangala,nan,,,37457,,,Jun 2019,2017
PRM/KA/RERA/1250/303/PR/171031/001621,Amulya Valais,Amulya Constructions,done,13.242184,77.786056,village_centroid,medium,"Village Palya (Devanhalli), match 1.00, area 1.9 sq km",Palya,nan,,,7807,,,Dec 2019,2017
PRM/KA/RERA/1251/446/PR/171031/001407,Whitestone Milano,Whitestone Projects,done,12.8726,77.74294,village_centroid,medium,"Village Kommasandra (Anekal), match 0.96, area 3.8 sq km",Kommasandra,nan,,,2529,,,Dec 2017,2017
PRM/KA/RERA/1251/309/PR/171031/001300,Orchids,Prisha Properties India Private Limited,ongoing,13.190963,77.539979,village_centroid,medium,"Village Chokkanahalli (Bangalore North), match 1.00, area 1.8 sq km",Chokkanahalli,nan,,,10825,,,Jul 2020,2017
PRM/KA/RERA/1251/309/PR/171031/001277,Sidvin Grace,Sidvin Developers,new,12.960469,77.498123,portal_boundary,high,,Nalvadi Krishnaraja Wadior Park,nan,,,4755,,,Jun 2020,2017
PRM/KA/RERA/1251/310/PR/171031/000905,Sk Daisy,Sk Structures Llp,done,12.832389,77.648962,portal_boundary,high,,Hulimangala,nan,,,7892,,,Dec 2018,2017
PRM/KA/RERA/1250/304/PR/171031/001084,Emprasa Startup City - Residential,Hoskote Neo Homes Limited,ongoing,13.120065,77.805332,portal_boundary,high,,Sompura,562129,,,34195,,,Sep 2021,2017
PRM/KA/RERA/1251/308/PR/171031/001134,Sumo Sonnet,Sumo Properties,ongoing,12.871261,77.787979,locality_name,low,"Village name ""Sarjapura"" found in address",Sarjapura,nan,,,7378,,,Jun 2018,2017
PRM/KA/RERA/1251/446/PR/171031/001137,Urban Forest,Shreno Ltd,ongoing,13.034697,77.671876,ward_centroid,low,BBMP ward 83 Kalkere,Kalkere,nan,,,37438,,,Dec 2018,2017
PRM/KA/RERA/1251/310/PR/171031/001725,Pristine Temple Bells,Pristine Builders,ongoing,13.099554,77.717957,village_centroid,medium,"Village Kammasandra (Bangalore South), match 1.00, area 1.6 sq km",Kammasandra,nan,,,1113,,,Apr 2023,2017
PRM/KA/RERA/1251/309/PR/171031/001505,Sruthika Springfields,Sruthika Builders & Developers,done,13.077289,77.541056,portal_boundary,high,,Kuvempunagar,nan,,,16190,,,Mar 2020,2017
PRM/KA/RERA/1251/308/PR/171031/001426,M J Lifestyle - Astro,Anil Kumar,ongoing,12.867654,77.692087,village_centroid,medium,"Village Chikkanagamangala (Anekal), match 1.00, area 3.7 sq km",Chikkanagamangala,nan,,,13810,,,Apr 2018,2017
PRM/KA/RERA/1251/308/PR/171031/001060,Aratt Milano,Arattukulam Developers Llp,ongoing,12.884358,77.698324,village_centroid,medium,"Village Gattahalli (Anekal), match 1.00, area 3.2 sq km",Gattahalli,nan,,,6981,,,Mar 2019,2017
PRM/KA/RERA/1251/310/PR/171031/001082,Smd Altezz,Shree Maheshwara Developers,ongoing,12.998652,77.676808,portal_boundary,high,,Mahadevapura,nan,,,11251,,,Mar 2021,2017
PRM/KA/RERA/1251/309/PR/171031/001199,Pyramid Bilberry,Pyramid Homes Private Limited,done,13.190963,77.539979,village_centroid,medium,"Village Chokkanahalli (Bangalore North), match 1.00, area 1.8 sq km",Chokkanahalli,nan,,,8451,,,Sep 2021,2017
PRM/KA/RERA/1251/446/PR/171031/000634,Ohana,A One Shelters Private Limited,ongoing,12.503705,77.345496,village_centroid,medium,"Village Medanahalli (Kankapura), match 0.90, area 1.0 sq km",Medanahalli,nan,,,14229,,,Dec 2023,2017
PRM/KA/RERA/1251/446/PR/171031/001600,Keerthi Krishna Viva,Keerthi Estates Pvt Ltd,ongoing,12.92901,77.699256,village_centroid,medium,"Village Doddakannalli (Bangalore South), match 1.00, area 4.1 sq km",Munnekollala,nan,,,4857,,,Dec 2020,2017
PRM/KA/RERA/1251/309/PR/171031/001176,Whistling Woods,Pvr Properties,ongoing,13.143181,77.580244,village_centroid,medium,"Village Harohalli (Bangalore North), match 1.00, area 3.0 sq km",Harohalli,nan,,,3740,,,Dec 2018,2017
PRM/KA/RERA/1251/310/PR/171031/001773,Value Plus,Mv & Vajra Developers,ongoing,12.894195,77.56637,locality_name,low,"Village name ""Doddakallasandra"" found in address",Konanakunte,nan,,,7030,,,Mar 2019,2017
PRM/KA/RERA/1251/309/PR/171031/000974,Gvspl Gardens,Green Valleys Shelters (P) Ltd,ongoing,13.119102,77.618066,village_centroid,medium,"Village Kogilu (Bangalore North), match 1.00, area 3.6 sq km",Kogilu,nan,,,1026,,,Sep 2017,2017
PRM/KA/RERA/1251/310/PR/171031/001288,Aryan Golden Arena,Aryan Hometec Pvt Ltd,ongoing,12.814944,77.790244,village_centroid,medium,"Village Bidaraguppe (Anekal), match 1.00, area 6.2 sq km",Bidaraguppe,nan,,,2236,,,Dec 2021,2017
PRM/KA/RERA/1251/309/PR/171031/001519,Jingle Heights,Shri Sai Builders,ongoing,13.044189,77.666132,locality_name,low,"Village name ""Horamavu"" found in address",Kalkere,nan,,,3717,,,Dec 2018,2017
PRM/KA/RERA/1251/446/PR/171031/001543,Woodshire Emerson Park,Woodshire Developers Llp,ongoing,13.051712,77.753475,locality_name,low,"Village name ""Doddabanahalli"" found in address",Doddabanahalli,nan,,,7371,,,Jun 2018,2017
PRM/KA/RERA/1251/446/PR/171031/001384,Elv Marvel,Elv Builders,ongoing,12.965158,77.733568,locality_name,low,"Ward name ""Whitefield"" found in address",Whitefield,nan,,,3742,,,Aug 2018,2017
PRM/KA/RERA/1251/446/PR/171031/001738,Msr Gangothri Residency,Msr Builders & Developers,ongoing,13.082447,77.72356,locality_name,low,"Village name ""Bidarahalli"" found in address",Bidarahalli,nan,,,6200,,,Oct 2019,2017
PRM/KA/RERA/1251/309/PR/171031/001552,Aloha,Cubatic Shimul Ventures Private Limited,ongoing,13.066962,77.549435,locality_name,low,"Village name ""H M T Township"" found in address",Kuvempunagar,nan,,,7068,,,Mar 2019,2017
PRM/KA/RERA/1251/309/PR/171031/001449,Triguna Ashwatha,Triguna Projects Private Limited,done,13.093036,77.619275,portal_boundary,high,,Kogilu,nan,,,2580,,,Sep 2021,2017
PRM/KA/RERA/1251/446/PR/171031/001022,Chowriappa Constellation,Chowriappa Constructions Pvt. Ltd.,ongoing,13.065912,77.647171,village_centroid,medium,"Village Geddalahalli (Bangalore South), match 1.00, area 1.1 sq km",Horamavu,nan,,,5015,,,Dec 2018,2017
PRM/KA/RERA/1251/310/PR/171031/001697,Balaji Ashirvaad Elite,Savitri Ashirvaad Buildtech Limited,done,12.870422,77.606089,locality_name,low,"Village name ""Kammanahalli"" found in address",Hulimavu,nan,,,7980,,,Aug 2019,2017
PRM/KA/RERA/1251/310/PR/171031/001439,Aryan Golden Arena - E,Aryan Hometec Pvt Ltd,ongoing,12.814944,77.790244,village_centroid,medium,"Village Bidaraguppe (Anekal), match 1.00, area 6.2 sq km",Bidaraguppe,nan,,,2252,,,Sep 2021,2017
PRM/KA/RERA/1251/310/PR/171031/001038,Ss Carona,Ss Infrastructures,ongoing,12.923394,77.485696,locality_name,low,"Ward name ""Kengeri"" found in address",Kengeri,nan,,,1464,,,Dec 2018,2017
PRM/KA/RERA/1251/310/PR/171031/001474,Opera Springleaf,Opera Homes,ongoing,12.914198,77.621112,village_centroid,medium,"Village Kodichikkanahalli (Bangalore South), match 0.97, area 1.1 sq km",BTM Layout,nan,,,2323,,,Oct 2019,2017
PRM/KA/RERA/1251/310/PR/171031/001598,Keerthi Royal Palms-Phase-I,Keerthi Estates Pvt Ltd,ongoing,12.878382,77.663446,village_centroid,medium,"Village Beratena Agrahara (Bangalore South), match 1.00, area 1.2 sq km",Naganathapura,nan,,,18515,,,Mar 2019,2017
PRM/KA/RERA/1251/308/PR/171031/001360,Hamilton Homes,Hamilton Project Llp,done,12.503557,77.333896,village_centroid,medium,"Village Attihalli (Kankapura), match 0.95, area 2.1 sq km",Attihalli,nan,,,19099,,,Mar 2019,2017
PRM/KA/RERA/1251/310/PR/171031/001732,Nsr Breeze,Nsr Projects,done,12.885864,77.551406,locality_name,low,"Village name ""Vajarahalli"" found in address",Vasanthpura,nan,,,1400,,,Mar 2018,2017
PRM/KA/RERA/1251/446/PR/171031/001614,Sri Sai Essel,Ss Builders,ongoing,13.079941,77.677895,village_centroid,medium,"Village Bilishivale (Bangalore South), match 0.91, area 2.4 sq km",Bilishivale,nan,,,2024,,,Dec 2018,2017
PRM/KA/RERA/1251/309/PR/171031/001215,Rns Shrinikethan,Rns Infrastructure Ltd,ongoing,13.030545,77.541076,portal_boundary,high,,Chatrapati Shivaji,nan,,,19899,,,Mar 2021,2017
PRM/KA/RERA/1251/446/PR/171031/001436,Highcliff,Hiren Wahen Buildtech,new,12.954635,77.713511,village_centroid,medium,"Village Panathur (Bangalore South), match 1.00, area 3.3 sq km",Munnekollala,560102,,,4694,,,Jan 2021,2017
PRM/KA/RERA/1251/446/PR/171031/001701,Shakthi Kuteera,Shakthi Golden Home Properties,ongoing,13.015694,77.535113,locality_name,low,"Ward name ""Nandini Layout"" found in address",Nandini Layout,nan,,,566,,,Nov 2018,2017
PRM/KA/RERA/1251/446/PR/171030/000980,63 Degree East - Tower C & D,Apg Intelli Homes Private Limited,ongoing,12.908393,77.715879,village_centroid,medium,"Village Kodathi (Bangalore South), match 1.00, area 7.2 sq km",Varthuru,nan,,,28734,,,Dec 2021,2017
PRM/KA/RERA/1251/308/PR/171030/000953,Shri Balaji Ocean,M/S.Shri Balaji Builders,ongoing,12.84627,77.737141,locality_name,low,"Village name ""Muthanallur"" found in address",Muthanallur,nan,,,7689,,,Mar 2019,2017
PRM/KA/RERA/1251/446/PR/171030/000924,M C Sarovar Annex,M/S. M C Builders,ongoing,12.503705,77.345496,village_centroid,medium,"Village Medanahalli (Kankapura), match 0.90, area 1.0 sq km",Medanahalli,nan,,,4755,,,Dec 2018,2017
PRM/KA/RERA/1251/446/PR/171030/000697,Ark Cloud City Phase I,Ark Infra Developers Pvt Ltd,done,13.00485,77.762512,pin_centroid,low,PIN 560067 median of 73 located projects,Bengaluru East,560067,,,5721,,,Jun 2018,2017
PRM/KA/RERA/1251/446/PR/171030/000989,Lvs Gardenia Phase-2,Lvs Builders And Developers,ongoing,13.082447,77.72356,locality_name,low,"Village name ""Bidarahalli"" found in address",Bidarahalli,nan,,,4603,,,Mar 2019,2017
PRM/KA/RERA/1251/309/PR/171030/000993,Adi'S North Lake,Adi Developers,ongoing,13.109408,77.626051,village_centroid,medium,"Village Agrahara (Bangalore North), match 1.00, area 2.1 sq km",Agrahara,nan,,,5849,,,Sep 2018,2017
PRM/KA/RERA/1251/310/PR/171028/000895,Milestone Grand,Milestone Builders,ongoing,12.791732,77.642919,locality_name,low,"Village name ""Jigani"" found in address",Jigani,nan,,,3740,,,Oct 2018,2017
PRM/KA/RERA/1251/446/PR/171028/000887,Rohan Iksha Block A,Rohan Procon Llp,done,12.991066,77.415329,locality_name,low,"Village name ""Varthur"" found in address",Varthur,nan,,,12477,,,May 2019,2017
PRM/KA/RERA/1251/446/PR/171028/000807,Mahaveer Tranquil,Red Coral Properties,ongoing,12.965158,77.733568,locality_name,low,"Ward name ""Whitefield"" found in address",Whitefield,nan,,,10572,,,Dec 2017,2017
PRM/KA/RERA/1251/310/PR/171028/000684,Mjr Clique - Hydra,Mjr Builders Private Limited,done,13.161706,77.726327,locality_name,low,"Village name ""Gollahalli"" found in address",Gollahalli,nan,,,15479,,,Dec 2018,2017
PRM/KA/RERA/1251/308/PR/171028/000667,Svamitva Emerald Square,Shankeshwar Landmark Llp,done,12.820359,77.670221,village_centroid,medium,"Village Yarandahalli (Anekal), match 1.00, area 2.6 sq km",Yarandahalli,nan,,,11988,,,Mar 2022,2017
PRM/KA/RERA/1251/446/PR/171028/000901,Monarch Aqua - Block C,Monarch,ongoing,13.154149,77.545597,village_centroid,medium,"Village Krishnarajapura (Bangalore North), match 1.00, area 0.9 sq km",Krishnarajapura,nan,,,4779,,,Apr 2027,2017
PRM/KA/RERA/1251/446/PR/171028/000852,Ark Cloud City Phase-2,Ark Infra Developers Pvt Ltd,done,13.212432,77.507617,village_centroid,medium,"Village Channasandra (Bangalore North), match 1.00, area 0.5 sq km",Channasandra,nan,,,3814,,,Dec 2019,2017
PRM/KA/RERA/1251/308/PR/171027/000915,Subha Essence,Subha Essence,ongoing,12.794496,77.712956,portal_boundary,high,,Iggalur,nan,,,5008,,,Mar 2019,2017
PRM/KA/RERA/1251/446/PR/171027/000815,Middle Mist,Peony Projects,ongoing,13.036958,77.748892,locality_name,low,"Village name ""Dommasandra"" found in address",Dommasandra,nan,,,2125,,,Jan 2018,2017
PRM/KA/RERA/1251/310/PR/171027/000864,Prathamm Indraprastha,Prathamm Developers,ongoing,12.831791,77.596904,locality_name,low,"Village name ""Laxmipura"" found in address",Laxmipura,nan,,,6934,,,Sep 2021,2017
PRM/KA/RERA/1251/308/PR/171027/000041,Uniworld Resorts,Unitech Ltd,ongoing,12.852073,77.673656,village_centroid,medium,"Village Veerasandra (Anekal), match 1.00, area 2.1 sq km",Veerasandra,nan,,,32374,,,Dec 2023,2017
PRM/KA/RERA/1251/446/PR/171027/000931,Vrr Fortuna,H. N. Vijaya Raghava Reddy & Co.,done,12.92901,77.699256,village_centroid,medium,"Village Doddakannalli (Bangalore South), match 0.93, area 4.1 sq km",Munnekollala,nan,,,11634,,,Aug 2019,2017
PRM/KA/RERA/1250/304/PR/171027/000774,Saideep Hulas,Shri Saideep Estates,ongoing,13.042401,77.743103,portal_boundary,high,,Kurudusonnenahalli,nan,,,7966,,,Apr 2021,2017
PRM/KA/RERA/1251/309/PR/171026/000393,Mahaveer Cygnet,Red Coral Properties,ongoing,13.119102,77.618066,village_centroid,medium,"Village Kogilu (Bangalore North), match 1.00, area 3.6 sq km",Kogilu,nan,,,4545,,,Sep 2021,2017
PRM/KA/RERA/1251/446/PR/171026/000670,S.V.Legacy,Sv Constructions,done,12.965158,77.733568,locality_name,low,"Ward name ""Whitefield"" found in address",Whitefield,nan,,,9347,,,Mar 2021,2017
PRM/KA/RERA/1251/446/PR/171026/000405,Brigade Buena Vista,Brigade Enterprises Ltd.,ongoing,13.094216,77.750463,village_centroid,medium,"Village Bommenahalli (Bangalore South), match 1.00, area 2.6 sq km",Bommenahalli,nan,,,8475,,,Jun 2020,2017
PRM/KA/RERA/1251/308/PR/171026/000757,Shravanthi Pragathi,Shravanthi Shelters,ongoing,12.871261,77.787979,village_centroid,low,"Village Sarjapura (Anekal), match 0.94, area 8.3 sq km",Sarjapura,nan,,,4100,,,Mar 2019,2017
PRM/KA/RERA/1251/310/PR/171026/000453,Needs 3 Project276,M/S Ds & Jaks Constructions,ongoing,12.870698,77.594585,portal_boundary,high,,Kalena Agrahara,nan,,,9004,,,Sep 2021,2017
PRM/KA/RERA/1251/446/PR/171026/000855,Innovative Oak Garden Phase-2,M/S.Innovative Developers,ongoing,12.941678,77.706673,locality_name,low,"Village name ""Bhoganahalli"" found in address",Munnekollala,nan,,,4857,,,Aug 2019,2017
PRM/KA/RERA/1251/308/PR/171026/000689,Saibya Senary,Saibya Structures Pvt Ltd,done,12.867654,77.692087,village_centroid,medium,"Village Chikkanagamangala (Anekal), match 1.00, area 3.7 sq km",Chikkanagamangala,nan,,,9105,,,Sep 2018,2017
PRM/KA/RERA/1251/446/PR/171026/000866,Vasudha Springs,Vasudha Builders,ongoing,13.036958,77.748892,village_centroid,medium,"Village Dommasandra (Bangalore South), match 1.00, area 1.7 sq km",Dommasandra,nan,,,3238,,,Jul 2019,2017
PRM/KA/RERA/1251/446/PR/171026/000563,Sterling Ascentia,M/S Sterling Urban Ventures Pvt. Ltd,ongoing,12.931226,77.711778,pin_centroid,low,PIN 560103 median of 17 located projects,Munnekollala,560103,,,22915,,,Sep 2023,2017
PRM/KA/RERA/1251/446/PR/171026/000641,Candeur Carlisle,Candeur Constructions,ongoing,13.061312,77.314001,village_centroid,medium,"Village Mahadevapura (Nelamagala), match 1.00, area 2.4 sq km",Mahadevapura,nan,,,15586,,,Dec 2019,2017
PRM/KA/RERA/1251/309/PR/171026/000178,Sree Palace,Creative & Srivaru Builders,done,13.033369,77.593776,locality_name,low,"Ward name ""Hebbala"" found in address",Hebbala,nan,,,2653,,,Dec 2018,2017
PRM/KA/RERA/1251/309/PR/171026/000415,Mahaveer Celesse,Reddy Housing Private Limited,ongoing,13.165673,77.622747,village_centroid,medium,"Village Sonnappanahalli (Bangalore North), match 1.00, area 1.3 sq km",Sonnappanahalli,nan,,,21043,,,Mar 2022,2017
PRM/KA/RERA/1251/310/PR/171026/000296,Vedant Vayun,Vedant Developers,done,12.876371,77.621056,village_centroid,medium,"Village Yelenahalli (Bangalore South), match 0.96, area 1.8 sq km",Kalena Agrahara,nan,,,6124,,,Jul 2018,2017
PRM/KA/RERA/1251/308/PR/171026/000521,T G Epitome,Sandeep Kumar S,done,12.867654,77.692087,village_centroid,medium,"Village Chikkanagamangala (Anekal), match 1.00, area 3.7 sq km",Chikkanagamangala,nan,,,4754,,,Sep 2021,2017
PRM/KA/RERA/1251/309/PR/171026/000567,Divya Jsr Limelite,Divya Infra Properties Pvt Ltd,ongoing,13.073963,77.524878,locality_name,low,"Ward name ""Kammagondanahalli"" found in address",Kammagondanahalli,nan,,,14473,,,Dec 2019,2017
PRM/KA/RERA/1251/310/PR/171026/000862,I Towers Exente,Kolte Patil Developers Ltd,new,12.865129,77.672507,village_centroid,medium,"Village Konappana Agrahara (Bangalore South), match 1.00, area 3.6 sq km",Konappana Agrahara,nan,,,16337,,,Apr 2024,2017
PRM/KA/RERA/1251/310/PR/171026/000721,Mbr Shangrila,Mbr Homes Pvt.Ltd,done,13.147778,77.562227,village_centroid,medium,"Village Avalahalli (Bangalore North), match 0.87, area 3.1 sq km",Avalahalli,nan,,,11407,,,Jul 2018,2017
PRM/KA/RERA/1251/308/PR/171026/000266,Pioneer Kingstown,Pioneer Developers,ongoing,12.901251,77.657676,village_centroid,medium,"Village Kudlu (Anekal), match 1.00, area 3.5 sq km",Doddakanahalli,nan,,,4046,,,Sep 2022,2017
PRM/KA/RERA/1251/310/PR/171026/000675,Pinegrove,Janapriya Engineers Syndicate Private Limited,ongoing,12.874533,77.678504,village_centroid,medium,"Village Doddanagamangala (Bangalore South), match 1.00, area 2.3 sq km",Doddanagamangala,nan,,,20916,,,Sep 2025,2017
PRM/KA/RERA/1251/308/PR/171026/000631,Vmaks Heights,Vmaks Builders Pvt Ltd,ongoing,12.836766,77.69763,portal_boundary,high,,Bommasandra,nan,,,6224,,,May 2018,2017
PRM/KA/RERA/1251/446/PR/171026/000371,Bollineni Silas,Bollineni Developers Limited,done,13.020581,77.736691,village_centroid,medium,"Village Sadaramangala (Bangalore South), match 1.00, area 2.7 sq km",Sadaramangala,nan,,,25596,,,Dec 2019,2017
PRM/KA/RERA/1251/310/PR/171026/000426,Shravanthi Palladium,Shravanthi Shelters,ongoing,13.157384,77.65096,village_centroid,medium,"Village Hosahalli (Bangalore North), match 1.00, area 4.0 sq km",Hosahalli,nan,,,4278,,,Aug 2018,2017
PRM/KA/RERA/1251/446/PR/171026/000825,Amrutha Maple,Amrutha Constructions,ongoing,13.029052,77.763148,village_centroid,medium,"Village Belathur (Bangalore South), match 1.00, area 1.3 sq km",Belathur,nan,,,1729,,,Jan 2018,2017
PRM/KA/RERA/1251/309/PR/171026/000322,Nr Windgates,M/S Nr Greenwood Construction Pvt Ltd,done,13.190963,77.539979,locality_name,low,"Village name ""Chokkanahalli"" found in address",Chokkanahalli,nan,,,18124,,,Jun 2018,2017
PRM/KA/RERA/1251/309/PR/171026/000519,Navanaami Platina,Navanaami Projects Pvt Ltd,done,13.093185,77.63393,portal_boundary,high,,Kogilu,nan,,,6000,,,Jan 2021,2017
PRM/KA/RERA/1250/301/PR/171026/000612,Bollineni Nestor,Bollineni Developers Ltd,ongoing,13.252768,77.552406,village_centroid,medium,"Village Yellupura (Dod Ballapur), match 1.00, area 1.4 sq km",Yellupura,nan,,,8650,,,Sep 2022,2017
PRM/KA/RERA/1251/308/PR/171026/000626,The Hamptons,Saiven Developers And Constructions Pvt Ltd,done,12.8505,77.727447,village_centroid,medium,"Village Narayanaghatta (Anekal), match 1.00, area 2.3 sq km",Narayanaghatta,nan,,,8309,,,Dec 2019,2017
PRM/KA/RERA/1251/446/PR/171026/000642,Mittal Mermit Auriga,Wings Eco Homes Pvt Ltd,ongoing,12.95477,77.639652,portal_boundary,high,,Domlur,nan,,,931,,,Dec 2017,2017
PRM/KA/RERA/1251/446/PR/171025/000310,Sterling Infinia,Sterling Developers Private Limited,ongoing,12.842236,77.513782,village_centroid,medium,"Village Agara (Bangalore South), match 1.00, area 7.8 sq km",Agara,nan,,,19052,,,Sep 2023,2017
PRM/KA/RERA/1251/446/PR/171024/000590,Willow Park,Indes Projects (India) Pvt Ltd,ongoing,13.056222,77.677626,village_centroid,medium,"Village Kalkere (Bangalore South), match 1.00, area 5.4 sq km",Kalkere,nan,,,4596,,,Jul 2019,2017
PRM/KA/RERA/1250/304/PR/171024/000764,Sowparnika Columns,Sowparnika Projects And Infrastructure Pvt. Ltd.,ongoing,13.025631,77.804455,village_centroid,medium,"Village Naduvathi (Hoskote), match 0.94, area 2.4 sq km",Naduvathi,nan,,,12687,,,Sep 2022,2017
PRM/KA/RERA/1251/446/PR/171024/000722,Satyadeva Residency,Satyadeva Builders,done,13.290133,77.605383,locality_name,low,"Village name ""Beerasandra"" found in address",Beerasandra,nan,,,3945,,,Nov 2019,2017
PRM/KA/RERA/1251/310/PR/171024/000648,Saibya Sterling,Saibya Structures Pvt Ltd,done,12.908392,77.635337,village_centroid,medium,"Village Hongasandra Og (Bangalore South), match 0.92, area 3.0 sq km",Agara,nan,,,3628,,,Sep 2018,2017
PRM/KA/RERA/1251/446/PR/171023/000792,Aryav Crosswinds,Aryav Constructions,done,13.021297,77.671633,portal_boundary,high,,Kalkere,nan,,,3798,,,Dec 2019,2017
PRM/KA/RERA/1251/446/PR/171023/001139,Sowparnika Sanvi Phase Ii,Sowparnika Projects And Infrastructure Private Limited,done,12.989141,77.768033,village_centroid,medium,"Village Hagadur (Bangalore South), match 0.93, area 3.0 sq km",Kadugodi,nan,,,8192,,,Jun 2018,2017
PRM/KA/RERA/1251/309/PR/171023/001149,Mims Residency,Mims Builders Pvt Ltd,done,13.085995,77.621429,portal_boundary,high,,Jakkuru,nan,,,9443,,,Jun 2017,2017
PRM/KA/RERA/1250/303/PR/171023/001749,Salarpuria Sattva Park Cubix,Salarpuria Real Estates Private Limited,new,13.290712,77.697317,village_centroid,medium,"Village Devanahalli (Devanhalli), match 1.00, area 0.5 sq km",Devanahalli,562110,,,37416,,,Dec 2023,2017
PRM/KA/RERA/1251/446/PR/171023/001194,Gitanjali Aristocracy,Gitanjali Developers,ongoing,12.968892,77.739974,portal_boundary,high,,Whitefield,nan,,,1119,,,Jan 2019,2017
PRM/KA/RERA/1251/446/PR/171021/000827,Surya Elegance,Surya Homes,ongoing,13.109408,77.626051,locality_name,low,"Village name ""Agrahara"" found in address",Agrahara,nan,,,3642,,,Dec 2019,2017
PRM/KA/RERA/1250/304/PR/171021/001161,Artha Midas@Nsc,Artha Real Estate Corporation Limited,done,13.156361,77.860176,portal_boundary,high,,Bhemakkanahalli,nan,,,9249,,,Dec 2018,2017
PRM/KA/RERA/1251/446/PR/171021/000703,Sunny Verano,Smile Associates,done,12.915797,77.700793,locality_name,low,"Village name ""Chikkakannalli"" found in address",Munnekollala,nan,,,5297,,,Sep 2022,2017
PRM/KA/RERA/1251/308/PR/171021/001372,Omshri Opulence,Omshri Infrastructures,done,12.799937,77.779014,locality_name,low,"Village name ""Indlabele"" found in address",Indlabele,nan,,,3439,,,Jan 2020,2017
PRM/KA/RERA/1250/304/PR/171021/000954,Bhuvana Nivaath,Ajagondanahalli Homes Llp,done,12.985236,77.779062,village_centroid,medium,"Village Ajjagondahalli (Hoskote), match 0.93, area 0.7 sq km",Ajjagondahalli,nan,,,8093,,,May 2021,2017
PRM/KA/RERA/1251/310/PR/171021/000508,Brigade 7 Gardens,Brigade Enterprises Ltd,done,12.902776,77.536034,village_centroid,medium,"Village Thurahalli (Bangalore South), match 1.00, area 3.0 sq km",Subramanyapura,nan,,,26237,,,Jul 2022,2017
PRM/KA/RERA/1250/304/PR/171021/000584,Cynosure Whitespaces,Cynosure Homez,ongoing,12.965158,77.733568,locality_name,low,"Ward name ""Whitefield"" found in address",Whitefield,nan,,,5008,,,Sep 2018,2017
PRM/KA/RERA/1251/309/PR/171021/001218,Ultima,Sai Kalyan Builders And Developers Private Limited,ongoing,13.057378,77.627437,portal_boundary,high,,Jakkuru,nan,,,16181,,,Jan 2020,2017
PRM/KA/RERA/1251/310/PR/171021/001063,Garden Terraces,M/S. Dhammnagi Developerss Pvt Ltd,ongoing,12.988925,77.549978,ward_centroid,low,BBMP ward 143 Shivanagara,Shivanagara,nan,,,795,,,Jun 2019,2017
PRM/KA/RERA/1251/446/PR/171021/001025,Dhammanagi Zeus,M/S. Dhammanagi Developerss Pvt Ltd,ongoing,12.958353,77.676389,ward_centroid,low,BBMP ward 93 HAL Airport,HAL Airport,nan,,,928,,,Jun 2018,2017
PRM/KA/RERA/1251/446/PR/171021/001453,Buildmann Aaroha - 1 (Block 2),Sukritha Buildmann Pvt Ltd,ongoing,13.024105,77.708949,pin_centroid,low,PIN 560036 median of 14 located projects,Medahalli,560036,,,9917,,,Sep 2021,2017
PRM/KA/RERA/1251/310/PR/171021/000594,Suguna Upper Crest,Suguna Builders And Developers,new,12.911126,77.52146,locality_name,low,"Ward name ""Rajarajeshwari Nagar"" found in address",Rajarajeshwari Nagar,nan,,,10580,,,Oct 2019,2017
PRM/KA/RERA/1251/309/PR/171021/001130,Smr Vinay Estella,Smr Builders Private Limited,done,13.094831,77.542826,village_centroid,medium,"Village Singapura Og (Bangalore North), match 0.89, area 3.2 sq km",Atturu Layout,nan,,,18666,,,Apr 2021,2017
PRM/KA/RERA/1251/446/PR/171021/000069,Vdb Azure,Value Designbuild Private Limited,ongoing,12.946203,77.740145,village_centroid,low,"Village Gunjur (Bangalore South), match 1.00, area 9.5 sq km",Varthuru,nan,,,7689,,,Dec 2019,2017
PRM/KA/RERA/1251/446/PR/171021/001371,Buildmann Aaroha - 2,Sukritha Buildmann Pvt Ltd,ongoing,13.024105,77.708949,pin_centroid,low,PIN 560036 median of 14 located projects,Medahalli,560036,,,10724,,,Sep 2021,2017
PRM/KA/RERA/1251/309/PR/171021/001320,Triguna Palm Grove,Triguna Projects Private Limited,done,13.091192,77.620472,portal_boundary,high,,Kogilu,nan,,,1315,,,Jun 2019,2017
PRM/KA/RERA/1251/308/PR/171021/000272,S & G Luxuria,Shweta And Gita Constructions India Pvt Ltd,ongoing,12.786392,77.699489,portal_boundary,high,,Marasur,nan,,,9004,,,Jan 2019,2017
PRM/KA/RERA/1251/446/PR/171021/001068,Navya Nisarga,Navya Builders And Developers,done,13.034531,77.684156,portal_boundary,high,,I T I Notified Area,nan,,,4952,,,Nov 2018,2017
PRM/KA/RERA/1251/310/PR/171021/001046,Kritan Ira,Kritan Urbane Living,new,12.834861,77.646911,village_centroid,medium,"Village Hulimangala (Anekal), match 1.00, area 6.6 sq km",Hulimangala,nan,,,2529,,,Sep 2021,2017
PRM/KA/RERA/1251/310/PR/171019/000785,Alpine Square,Man Build Tech,ongoing,12.874533,77.678504,village_centroid,medium,"Village Doddanagamangala (Bangalore South), match 1.00, area 2.3 sq km",Doddanagamangala,nan,,,2099,,,Jun 2019,2017
PRM/KA/RERA/1251/309/PR/171019/000051,Sky Asta,Src Divakars,ongoing,13.107481,77.757653,village_centroid,medium,"Village Raghuvanahalli (Bangalore South), match 1.00, area 0.4 sq km",Raghuvanahalli,nan,,,2335,,,Dec 2017,2017
PRM/KA/RERA/1251/308/PR/171019/000912,Esteem Emblem,Esteem Emblem,done,13.133732,77.433602,locality_name,low,"Village name ""Huskur"" found in address",Huskur,nan,,,5205,,,Sep 2018,2017
PRM/KA/RERA/1251/308/PR/171019/000337,Janaadhar Shubha Ii Cluster 2,Janaadhar India Private Limited,done,12.74299,77.739384,village_centroid,medium,"Village M Medihalli (Anekal), match 0.90, area 1.2 sq km",M Medihalli,562107,,,4502,,,Jul 2018,2017
PRM/KA/RERA/1251/310/PR/171019/000788,Radiant Evoq,Radiant Structures Pvt Ltd,new,12.914198,77.621112,locality_name,low,"Village name ""Kodichikkanahalli"" found in address",BTM Layout,nan,,,4666,,,Dec 2020,2017
PRM/KA/RERA/1251/310/PR/171019/000773,Radiant Elitaire,Radiant Structures Pvt Ltd,ongoing,12.915906,77.549117,locality_name,low,"Village name ""Uttarahalli"" found in address",Uttarahalli,nan,,,6171,,,Mar 2019,2017
PRM/KA/RERA/1250/303/PR/171019/000287,Ozone Urbana,Ozone Urbana Infra Developers Pvt Ltd,ongoing,13.048654,77.771644,village_centroid,medium,"Village Kannamangala (Bangalore South), match 1.00, area 2.7 sq km",Kannamangala,nan,,,124521,,,Sep 2023,2017
PRM/KA/RERA/1251/310/PR/171019/000826,Arna Meadows,Arnashelters,ongoing,12.870422,77.606089,village_centroid,medium,"Village Kammanahalli (Bangalore South), match 0.92, area 2.6 sq km",Hulimavu,nan,,,5259,,,Dec 2018,2017
PRM/KA/RERA/1251/309/PR/171019/000449,Zefa Of Kessaku,Palladium Constructions Pvt Ltd,done,13.002093,77.534861,locality_name,low,"Ward name ""Puneet Rajkumar"" found in address",Puneet Rajkumar,nan,,,67488,,,Dec 2021,2017
PRM/KA/RERA/1251/309/PR/171019/000441,Mizu Of Kessaku,Palladium Constructions Pvt Ltd,done,13.002093,77.534861,locality_name,low,"Ward name ""Puneet Rajkumar"" found in address",Puneet Rajkumar,nan,,,67488,,,May 2019,2017
PRM/KA/RERA/1251/446/PR/171019/000614,Embassy Grove,Embassy Property Development Private Limited,ongoing,13.1919,77.303694,locality_name,low,"Village name ""Kodihalli"" found in address",Kodihalli,nan,,,32071,,,Mar 2021,2017
PRM/KA/RERA/1251/309/PR/171019/000265,Parth Gardenia,Parth Constructions Pvt Ltd,ongoing,13.106284,77.751331,locality_name,low,"Village name ""Kodigehalli"" found in address",Kodigehalli,nan,,,9109,,,Nov 2025,2017
PRM/KA/RERA/1251/309/PR/171019/000610,Sansidh Galaxy,Sansidh Constructions,done,13.078525,77.629199,village_centroid,medium,"Village Rachenahalli (Bangalore South), match 1.00, area 2.6 sq km",Jakkuru,nan,,,4047,,,Oct 2018,2017
PRM/KA/RERA/1251/446/PR/171019/000294,Alanoville,Goyal Hariyana Realty,ongoing,13.089013,77.659629,portal_boundary,high,,Byrathi,nan,,,19409,,,Mar 2019,2017
PRM/KA/RERA/1251/310/PR/171019/000671,Mahaveer Sitara,Sitara Developers Private Limited,ongoing,13.204798,77.418954,village_centroid,medium,"Village Puttenahalli (Dod Ballapur), match 1.00, area 1.2 sq km",Puttenahalli,nan,,,21068,,,Oct 2021,2017
PRM/KA/RERA/1251/446/PR/171019/000274,Bollineni Silas,Bollineni Developers Ltd,ongoing,13.020581,77.736691,village_centroid,medium,"Village Sadaramangala (Bangalore South), match 1.00, area 2.7 sq km",Sadaramangala,nan,,,25596,,,Dec 2019,2017
PRM/KA/RERA/1251/446/PR/171019/001142,Alaya,Essem18 Developers Private Limited,ongoing,12.931445,77.668066,village_centroid,medium,"Village Ambalipura (Bangalore South), match 1.00, area 1.3 sq km",Bellanduru,nan,,,7731,,,Jun 2020,2017
PRM/KA/RERA/1251/446/PR/171017/000978,Casa Grande Neona,Casa Grande Garden City Builders Pvt Ltd,ongoing,12.835434,77.76732,portal_boundary,high,,Handenahalli,nan,,,13173,,,Jun 2019,2017
PRM/KA/RERA/1251/308/PR/171017/000353,Janaadhar Shubha Ii Cluster 3,Janaadhar India Private Limited,done,12.74299,77.739384,village_centroid,medium,"Village M Medihalli (Anekal), match 0.90, area 1.2 sq km",M Medihalli,nan,,,8752,,,Dec 2019,2017
PRM/KA/RERA/1251/308/PR/171017/000947,Sipani Bliss,Sipani Properties Pvt Ltd,done,12.775393,77.722744,locality_name,low,"Village name ""Madivala"" found in address",Madivala,nan,,,8093,,,Dec 2017,2017
PRM/KA/RERA/1251/308/PR/171016/001257,Vakil Magnolia,Vakil Housing Development Corporation Private Limited,ongoing,12.775393,77.722744,village_centroid,low,"Village Madivala (Anekal), match 1.00, area 8.0 sq km",Madivala,nan,,,6070,,,Jun 2018,2017
PRM/KA/RERA/1251/446/PR/171016/001017,Shriram Luxor,Shriprop Builders Private Limited,ongoing,13.114041,77.657009,village_centroid,medium,"Village Kannur (Bangalore South), match 1.00, area 4.4 sq km",Kannur,nan,,,19324,,,Mar 2020,2017
PRM/KA/RERA/1251/308/PR/171016/000889,Vmaks Laurel,Vmaks Builders Pvt Ltd,ongoing,12.788988,77.777006,portal_boundary,high,,Attibele,nan,,,9525,,,Sep 2022,2017
PRM/KA/RERA/1251/446/PR/171016/000668,Sree Adithya Elite,Sree Adithya Developers,done,13.038376,77.77353,locality_name,low,"Village name ""Seegehalli"" found in address",Seegehalli,nan,,,3978,,,Nov 2018,2017
PRM/KA/RERA/1251/446/PR/171016/000973,Assetz Marq,Assetz Whitefiled Homes Private Limited,ongoing,13.048654,77.771644,locality_name,low,"Village name ""Kannamangala"" found in address",Kannamangala,nan,,,18700,,,Jun 2019,2017
PRM/KA/RERA/1251/310/PR/171016/000595,Ss South Crest,Shri Shabari Infrastructures,ongoing,13.080922,77.66557,locality_name,low,"Village name ""Kyalasanahalli"" found in address",Kyalasanahalli,nan,,,4934,,,Sep 2019,2017
PRM/KA/RERA/1251/309/PR/171016/000512,Greenleaf Vindhya,Greenleaf Projects Pvt. Ltd.,done,13.008847,77.567277,portal_boundary,high,,Malleswaram,nan,,,840,,,Aug 2019,2017
PRM/KA/RERA/1251/309/PR/171016/000958,Glenclassic,Antevorta Developers Private Limited,done,13.07207,77.541668,ward_centroid,low,BBMP ward 15 Kuvempunagar,Kuvempunagar,nan,,,2821,,,Jun 2021,2017
PRM/KA/RERA/1251/309/PR/171016/000485,Mantri Centrium,Mantri Developers Private Limited,ongoing,13.002433,77.566197,locality_name,low,"Ward name ""Kadu Malleshwara"" found in address",Kadu Malleshwara,nan,,,4694,,,Apr 2022,2017
PRM/KA/RERA/1250/304/PR/171016/000677,Vrushabadri Towers,Sai Projects And Developers,done,13.021666,77.787244,village_centroid,medium,"Village Koralur (Hoskote), match 0.93, area 2.5 sq km",Koralur,nan,,,3934,,,Jun 2019,2017
PRM/KA/RERA/1251/446/PR/171016/000420,The Icon North Tower F,Gcorp Homes Pvt Ltd,ongoing,13.104023,77.639697,ward_centroid,low,BBMP ward 6 Kogilu,Kogilu,nan,,,76889,,,Feb 2023,2017
PRM/KA/RERA/1251/446/PR/171016/000503,Brigade Lakefront - Crimson,Brigade Enterprises Ltd,done,13.214128,77.494878,village_centroid,medium,"Village Sonnenahalli (Bangalore North), match 1.00, area 6.3 sq km",Sonnenahalli,nan,,,18185,,,Jun 2019,2017
PRM/KA/RERA/1251/309/PR/171016/000952,Glengate,Antevorta Developers Private Limited,ongoing,13.07207,77.541668,ward_centroid,low,BBMP ward 15 Kuvempunagar,Kuvempunagar,nan,,,5512,,,May 2018,2017
PRM/KA/RERA/1251/446/PR/171016/000466,Monarch Aqua - Block A,Monarch,ongoing,13.154149,77.545597,village_centroid,medium,"Village Krishnarajapura (Bangalore North), match 1.00, area 0.9 sq km",Krishnarajapura,nan,,,7678,,,Nov 2024,2017
PRM/KA/RERA/1251/308/PR/171016/000674,Smart Neighbourhoods,Melange Prime Properties,ongoing,12.871261,77.787979,locality_name,low,"Village name ""Sarjapura"" found in address",Sarjapura,nan,,,13308,,,Mar 2019,2017
PRM/KA/RERA/1251/446/PR/171016/001020,Unicca Emporis,Unicca Emporis Private Limited,ongoing,12.972435,77.766685,village_centroid,medium,"Village Sorahunise (Bangalore South), match 0.90, area 1.8 sq km",Hagadur,nan,,,12646,,,Jun 2019,2017
PRM/KA/RERA/1251/446/PR/171016/000956,Hi Life Rio,Hi Life Ventures Pvt Ltd,new,12.910521,77.703272,village_centroid,medium,"Village Hadusiddapura (Bangalore South), match 0.92, area 0.9 sq km",Munnekollala,nan,,,3793,,,Jun 2019,2017
PRM/KA/RERA/1251/310/PR/171016/000604,Sumukha Tropical Garden,Sumukha Constructions,new,12.910535,77.608244,village_centroid,medium,"Village Bilekahalli Og (Bangalore South), match 0.92, area 2.8 sq km",N S Palya,nan,,,8010,,,Apr 2021,2017
PRM/KA/RERA/1251/309/PR/171016/000602,Embassy Lake Terraces,Embassy Property Development Private Limited,ongoing,13.11276,77.503171,locality_name,low,"Village name ""Kempapura"" found in address",Kempapura,nan,,,66277,,,Mar 2021,2017
PRM/KA/RERA/1251/310/PR/171016/000971,Queens Gate Block 4,Suadela Constructions Private Limited,done,13.191598,77.681597,village_centroid,medium,"Village Begur (Bangalore North), match 1.00, area 1.4 sq km",Begur,nan,,,2507,,,Aug 2022,2017
PRM/KA/RERA/1251/446/PR/171015/000455,Mahaveer Promenade,Reddy Structures Private Limited,ongoing,13.020581,77.736691,village_centroid,medium,"Village Sadaramangala (Bangalore South), match 1.00, area 2.7 sq km",Sadaramangala,nan,,,14568,,,Mar 2019,2017
PRM/KA/RERA/1251/308/PR/171015/000672,Icon Happy Living Projects,Icon Happy Living Projects,ongoing,13.099554,77.717957,village_centroid,medium,"Village Kammasandra (Bangalore South), match 1.00, area 1.6 sq km",Kammasandra,nan,,,7993,,,Sep 2018,2017
PRM/KA/RERA/1251/309/PR/171015/000683,Mittal Elanza,Mittal Universal Constructions Llp,ongoing,13.119102,77.618066,village_centroid,medium,"Village Kogilu (Bangalore North), match 1.00, area 3.6 sq km",Kogilu,nan,,,10595,,,Mar 2022,2017
PRM/KA/RERA/1251/309/PR/171015/000885,Legacy Vivienda,Legacy Global Projects Private Limited,ongoing,13.190207,77.655842,village_centroid,medium,"Village Doddajala (Bangalore North), match 1.00, area 1.9 sq km",Doddajala,nan,,,12140,,,Apr 2022,2017
PRM/KA/RERA/1251/310/PR/171015/000284,Parkwest - Sapphire- Tower 5,Relationship Properties Private Limited,ongoing,12.965867,77.558233,portal_boundary,high,,Binnipete,nan,,,16867,,,Sep 2023,2017
PRM/KA/RERA/1251/309/PR/171015/000472,Hoysala Ace-Ii,Hoysala Projects Private Limited,ongoing,13.081329,77.596296,village_centroid,medium,"Village Byatarayanapura Og (Bangalore North), match 0.93, area 1.6 sq km",Byatarayanapura,nan,,,7133,,,Jan 2020,2017
PRM/KA/RERA/1251/446/PR/171015/000598,Republic Of Whitefield (Phase I),Shyamaraju & Co (India) Private Limited,ongoing,12.990419,77.726273,village_centroid,medium,"Village Kundalhalli Og (Bangalore South), match 0.88, area 2.8 sq km",Hudi,nan,,,20025,,,Dec 2017,2017
PRM/KA/RERA/1251/309/PR/171015/000628,Embassy Boulevard,Embassy Property Development Private Limited,ongoing,13.113955,77.600872,locality_name,low,"Village name ""Yelahanka"" found in address",Kempegowda Ward,nan,,,203015,,,Jun 2019,2017
PRM/KA/RERA/1251/310/PR/171015/000401,Parkwest - Emerald - Tower 2,Relationship Properties Private Limited,done,12.967133,77.558233,portal_boundary,high,,Binnipete,nan,,,9263,,,Sep 2018,2017
PRM/KA/RERA/1251/310/PR/171015/000292,Parkwest - Mulberry - Tower 3,Relationship Properties Private Limited,done,12.967133,77.558233,portal_boundary,high,,Binnipete,nan,,,12198,,,Nov 2018,2017
PRM/KA/RERA/1251/446/PR/171015/000786,Ravoos Nandan,G.Sesha Rao,ongoing,13.009227,77.73901,portal_boundary,high,,Bengaluru East,nan,,,8024,,,Jul 2017,2017
PRM/KA/RERA/1251/308/PR/171015/000725,The Lake View Address- Phase 1,Indiabuild Realty Pvt Ltd,ongoing,12.840593,77.67785,village_centroid,medium,"Village Hebbagodi (Anekal), match 1.00, area 3.5 sq km",Hebbagodi,nan,,,14483,,,Apr 2021,2017
PRM/KA/RERA/1251/308/PR/171015/000701,The Greens Phase I,Sanchaya Land And Estate Pvt Ltd,ongoing,12.72,77.71,portal_boundary,high,,Kurubarahatti,nan,,,51040,,,Dec 2014,2017
PRM/KA/RERA/1251/308/PR/171015/000698,Concorde Epitome,Concorde Housing Corporation Private Limited,done,12.83778,77.694203,portal_boundary,high,,Kammasandra,nan,,,9814,,,Dec 2019,2017
PRM/KA/RERA/1251/310/PR/171015/000561,Opulent Spire,B And B Infrastructure Ltd,ongoing,12.921461,77.599782,portal_boundary,high,,Byrasandra,nan,,,6778,,,Jun 2022,2017
PRM/KA/RERA/1251/310/PR/171015/000467,Mahaveer Meridian,Reddy Structures Private Limited,ongoing,13.089742,77.654458,village_centroid,medium,"Village Kothanur (Bangalore South), match 1.00, area 1.1 sq km",Kothanur,nan,,,11220,,,Aug 2018,2017
PRM/KA/RERA/1251/446/PR/171015/000326,"The Icon North Towers C , D And E (Cluster Iii)",Gcorp Homes Pvt Ltd,done,13.104023,77.639697,ward_centroid,low,BBMP ward 6 Kogilu,Kogilu,nan,,,76889,,,May 2019,2017
PRM/KA/RERA/1251/309/PR/171015/000877,Legacy Salvador,Legacy Global Projects Private Limited,ongoing,13.119715,77.338714,locality_name,low,"Village name ""Kenchanahalli"" found in address",Kenchanahalli,nan,,,13152,,,Feb 2024,2017
PRM/KA/RERA/1251/308/PR/171015/001121,Shriram Summitt,Shriram Properties Private Limited,ongoing,12.852073,77.673656,village_centroid,medium,"Village Veerasandra (Anekal), match 1.00, area 2.1 sq km",Veerasandra,562107,,,56792,,,Sep 2021,2017
PRM/KA/RERA/1251/309/PR/171015/000429,Sobha City - Casa Paradiso Block 4,Sobha Limited,ongoing,13.190963,77.539979,village_centroid,medium,"Village Chokkanahalli (Bangalore North), match 1.00, area 1.8 sq km",Chokkanahalli,nan,,,10759,,,Dec 2018,2017
PRM/KA/RERA/1250/304/PR/171015/000556,Pashmina Brookwoods,Shashwati Realty Pvt Ltd,ongoing,13.099554,77.717957,village_centroid,medium,"Village Kammasandra (Bangalore South), match 1.00, area 1.6 sq km",Kammasandra,nan,,,41278,,,Jun 2022,2017
PRM/KA/RERA/1251/310/PR/171015/000277,Parkwest - Maple - Tower 4,Relationship Properties Private Limited,ongoing,12.967133,77.558233,portal_boundary,high,,Binnipete,nan,,,22052,,,Sep 2022,2017
PRM/KA/RERA/1251/310/PR/171015/000427,Mahaveer Ranches Phase Ii,Reddy Shelters Private Limited,ongoing,12.887439,77.66952,locality_name,low,"Village name ""Naganathapura"" found in address",Kudlu,nan,,,64952,,,Sep 2022,2017
PRM/KA/RERA/1251/446/PR/171015/000639,Dsr Lotus Towers,Dsr Infrastructure Pvt.Ltd.,done,13.007857,77.532527,ward_centroid,low,BBMP ward 54 Jai Maruthinagara,Jai Maruthinagara,nan,,,10930,,,Sep 2019,2017
PRM/KA/RERA/1251/310/PR/171015/000479,Arya Hamsa Grande,Arya Gruha Private Limited,done,12.89248,77.587262,village_centroid,medium,"Village Kothnur (Bangalore South), match 1.00, area 6.2 sq km",Vinayakanagar,nan,,,9105,,,Feb 2019,2017
PRM/KA/RERA/1251/446/PR/171015/000712,Lgcl High Street,Lgcl Properties Pvt. Ltd.,new,12.958353,77.676389,locality_name,low,"Ward name ""HAL Airport"" found in address",HAL Airport,nan,,,1112,,,Sep 2021,2017
PRM/KA/RERA/1251/309/PR/171015/000833,Legacy Eldora,Legacy Global Projects Private Limited,ongoing,13.119102,77.618066,village_centroid,medium,"Village Kogilu (Bangalore North), match 1.00, area 3.6 sq km",Kogilu,nan,,,4048,,,Aug 2020,2017
PRM/KA/RERA/1251/309/PR/171015/000578,Definer Hi Life,Definer Ventures,ongoing,13.036027,77.69375,portal_boundary,high,,I T I Notified Area,nan,,,10425,,,Dec 2018,2017
PRM/KA/RERA/1251/308/PR/171015/000559,Saiven Siesta,Saiven Developers And Constructions Pvt Ltd,done,12.901968,77.767962,village_centroid,medium,"Village Chambenahalli (Anekal), match 1.00, area 2.4 sq km",Chambenahalli,nan,,,4554,,,Dec 2020,2017
PRM/KA/RERA/1251/310/PR/171015/000787,Surataru,Sri Sumeru Realty Private Limited,ongoing,12.815385,77.513801,village_centroid,low,"Village Kaggalipura (Bangalore South), match 0.91, area 8.6 sq km",Kaggalipura,nan,,,3945,,,Jul 2018,2017
PRM/KA/RERA/1251/446/PR/171015/000760,Klassik Landmark Apartments - Phase Ii,Klassik Enterprises Private Limited,ongoing,12.918018,77.683958,village_centroid,medium,"Village Junnasandra (Bangalore South), match 0.91, area 1.1 sq km",Doddakanahalli,nan,,,10279,,,May 2020,2017
PRM/KA/RERA/1251/309/PR/171015/000834,Fortuna Acacia,Fortunaconstructions India Private Limited,ongoing,13.081329,77.596296,village_centroid,medium,"Village Byatarayanapura Og (Bangalore North), match 0.93, area 1.6 sq km",Byatarayanapura,nan,,,3924,,,Mar 2021,2017
PRM/KA/RERA/1251/310/PR/171015/000421,Mahaveer Ranches Phase I,Reddy Shelters Private Limited,ongoing,12.887439,77.66952,locality_name,low,"Village name ""Naganathapura"" found in address",Kudlu,nan,,,64952,,,Dec 2018,2017
PRM/KA/RERA/1251/310/PR/171015/000831,Meda Greens,Meda Greens,ongoing,12.920853,77.492301,portal_boundary,high,,Kengeri,nan,,,10424,,,Apr 2022,2017
PRM/KA/RERA/1251/310/PR/171015/000351,Century Central,Century Joint Development Private Limited,done,12.915906,77.549117,locality_name,low,"Village name ""Uttarahalli"" found in address",Uttarahalli,nan,,,11084,,,Jun 2019,2017
PRM/KA/RERA/1251/309/PR/171015/000315,Sansidh Galaxy,Sansidh Constructions,done,13.078525,77.629199,village_centroid,medium,"Village Rachenahalli (Bangalore South), match 1.00, area 2.6 sq km",Jakkuru,nan,,,4047,,,Oct 2018,2017
PRM/KA/RERA/1251/309/PR/171015/000386,Ozone Polestar,Ozone Realtors Private Limited,ongoing,13.063762,77.624982,village_centroid,medium,"Village Nagavara (Bangalore North), match 1.00, area 1.3 sq km",Jakkuru,nan,,,5622,,,Dec 2021,2017
PRM/KA/RERA/1251/308/PR/171015/000754,Banashree Arka Forest View - Jaya Wing,Banashree Shelters Pvt Ltd,ongoing,12.745118,77.668034,locality_name,low,"Village name ""Suragajakkanahalli"" found in address",Suragajakkanahalli,nan,,,7542,,,Sep 2021,2017
PRM/KA/RERA/1251/446/PR/171015/000829,Trendsquare Precioso,Svs Constructions,ongoing,13.056222,77.677626,village_centroid,medium,"Village Kalkere (Bangalore South), match 1.00, area 5.4 sq km",Kalkere,nan,,,7388,,,May 2018,2017
PRM/KA/RERA/1251/309/PR/171015/000431,Niwa Of Kessaku,Palladium Constructions Pvt Ltd,done,13.002093,77.534861,locality_name,low,"Ward name ""Puneet Rajkumar"" found in address",Puneet Rajkumar,nan,,,67488,,,May 2019,2017
PRM/KA/RERA/1251/310/PR/171015/000215,Svasa Homes,Stumpp Schuele And Somappa Private Limited,ongoing,12.950477,77.565727,portal_boundary,high,,Sunkenahalli,nan,,,11303,,,Aug 2019,2017
PRM/KA/RERA/1251/446/PR/171015/000854,Vaswani Menlo Park,Tranquil Realty Pvt Ltd,done,12.97255,77.726651,village_centroid,medium,"Village Thubarahalli (Bangalore South), match 0.95, area 1.3 sq km",Whitefield,nan,,,21956,,,Sep 2023,2017
PRM/KA/RERA/1251/446/PR/171015/000880,Athish Pride,Rgm Homes,done,13.056222,77.677626,village_centroid,medium,"Village Kalkere (Bangalore South), match 1.00, area 5.4 sq km",Kalkere,nan,,,1931,,,Jul 2019,2017
PRM/KA/RERA/1251/446/PR/171015/000781,Wf48,Ozone Elegant Developers Llp,ongoing,13.061312,77.314001,village_centroid,medium,"Village Mahadevapura (Nelamagala), match 0.95, area 2.4 sq km",Mahadevapura,nan,,,22067,,,Sep 2025,2017
PRM/KA/RERA/1251/308/PR/171015/000813,Commune,Commune Properties India Pvt Ltd,ongoing,12.777073,77.703358,village_centroid,medium,"Village Marasur (Anekal), match 1.00, area 6.1 sq km",Marasur,nan,,,21650,,,Dec 2019,2017
PRM/KA/RERA/1251/309/PR/171015/000454,Faia Of Kessaku,Palladium Constructions Pvt Ltd,done,13.002093,77.534861,locality_name,low,"Ward name ""Puneet Rajkumar"" found in address",Puneet Rajkumar,nan,,,67488,,,Dec 2021,2017
PRM/KA/RERA/1251/310/PR/171015/000794,Vista 450,Vista Spaces Llp,ongoing,13.011774,77.579119,portal_boundary,high,,Aramane Nagara,nan,,,1115,,,Oct 2018,2017
PRM/KA/RERA/1251/308/PR/171015/000303,Lgcl New Life,Lgcl Urban Homes (India) Llp,ongoing,12.902204,77.678651,village_centroid,medium,"Village Choodasandra (Anekal), match 1.00, area 1.6 sq km",Doddakanahalli,nan,,,37130,,,Sep 2021,2017
PRM/KA/RERA/1251/446/PR/171015/000396,Jain Heights East Parade Phase Ii,Metrik Infraprojects Pvt Ltd,ongoing,13.054957,77.660393,ward_centroid,low,BBMP ward 81 Horamavu,Horamavu,nan,,,6548,,,Nov 2019,2017
PRM/KA/RERA/1251/310/PR/171015/000847,Roshan Platinum Apartment,Rr. Enterprises,ongoing,13.208505,77.532345,village_centroid,medium,"Village Arakere (Bangalore North), match 0.92, area 4.3 sq km",Arakere,nan,,,8498,,,Sep 2019,2017
PRM/KA/RERA/1251/310/PR/171015/000492,Inspire South,Inspire Developers,done,12.906237,77.595703,portal_boundary,high,,J P Nagar,nan,,,711,,,Jul 2018,2017
PRM/KA/RERA/1251/308/PR/171015/000200,Sowparnika Tharangini Phase I,Sowparnika Projects And Infrastructure Pvt. Ltd.,ongoing,12.893303,77.79241,village_centroid,medium,"Village Ittangur (Anekal), match 1.00, area 2.0 sq km",Ittangur,nan,,,6724,,,Dec 2019,2017
PRM/KA/RERA/1251/446/PR/171015/000623,Republic Of Whitefield (Phase 2),Shyamaraju & Co (India) Private Limited,ongoing,12.990419,77.726273,village_centroid,medium,"Village Kundalhalli Og (Bangalore South), match 0.88, area 2.8 sq km",Hudi,nan,,,11577,,,Jun 2019,2017
PRM/KA/RERA/1251/308/PR/171015/000307,Breathe,Anand Azco Infracon India Private Limited,ongoing,12.841712,77.775513,village_centroid,medium,"Village Bilchikkanahalli (Anekal), match 1.00, area 0.4 sq km",Bilchikkanahalli,nan,,,80482,,,Dec 2019,2017
PRM/KA/RERA/1251/446/PR/171015/000804,Elements Of Nature,Eco Life Developers,done,12.957527,77.731926,locality_name,low,"Village name ""Balagere"" found in address",Whitefield,nan,,,15909,,,Feb 2020,2017
PRM/KA/RERA/1251/446/PR/171015/000828,Mahaveer Willet,Reddy Structures Private Limited,ongoing,13.026991,77.753623,village_centroid,medium,"Village Kumbena Agrahara (Bangalore South), match 1.00, area 1.2 sq km",Kumbena Agrahara,nan,,,6884,,,Dec 2017,2017
PRM/KA/RERA/1251/446/PR/171015/000317,Mana Tropicale,Mana Projects Private Limited,done,12.902678,77.69576,village_centroid,medium,"Village Chikkanayakanahalli (Bangalore South), match 0.97, area 2.1 sq km",Chikkanayakanahalli,nan,,,33386,,,Dec 2019,2017
PRM/KA/RERA/1251/310/PR/171015/000461,Mahaveer Zephyr Phase Ii,Reddy Housing Private Limited,ongoing,12.914198,77.621112,locality_name,low,"Village name ""Kodichikkanahalli"" found in address",BTM Layout,nan,,,15580,,,May 2018,2017
PRM/KA/RERA/1251/446/PR/171015/000647,Republic Of Whitefield (Phase 3),Shyamaraju & Co (India) Private Limited,ongoing,12.990419,77.726273,village_centroid,medium,"Village Kundalhalli Og (Bangalore South), match 0.88, area 2.8 sq km",Hudi,nan,,,16099,,,Jun 2019,2017
PRM/KA/RERA/1251/446/PR/171015/000842,Parthu Pride,Parthu Estates Pvt Ltd,new,12.968419,77.730849,portal_boundary,high,,Whitefield,nan,,,3812,,,Mar 2019,2017
PRM/KA/RERA/1251/446/PR/171015/000251,The Wisdom Tree Community,Expat Projects & Development Pvt Ltd,ongoing,13.335095,77.747484,village_centroid,medium,"Village Narayanapura (Devanhalli), match 0.91, area 1.4 sq km",Narayanapura,nan,,,15883,,,Dec 2018,2017
PRM/KA/RERA/1251/310/PR/171015/000863,Plumeria Phase 1 At Brigade Meadows,Brigade Enterprises Ltd,done,13.068282,77.601304,village_centroid,medium,"Village Hebbal (Bangalore North), match 1.00, area 1.1 sq km",Amrutahalli,nan,,,15866,,,Jul 2018,2017
PRM/KA/RERA/1251/446/PR/171015/000244,Lgcl United Towers,Lgcl Urban Homes (India) Llp,ongoing,12.954037,77.698983,village_centroid,medium,"Village Kadabeesanahalli (Bangalore South), match 0.93, area 1.2 sq km",Marathahalli,nan,,,2925,,,Jun 2020,2017
PRM/KA/RERA/1251/309/PR/171015/000416,Sora Of Kessaku,Palladium Construction Pvt. Ltd.,done,13.002093,77.534861,locality_name,low,"Ward name ""Puneet Rajkumar"" found in address",Puneet Rajkumar,nan,,,67488,,,May 2019,2017
PRM/KA/RERA/1251/310/PR/171015/000403,Purva Sunflower,Puravankara Limited,done,13.010853,77.513,ward_centroid,low,BBMP ward 25 Rajeshwari Nagar,Rajeshwari Nagar,nan,,,9855,,,Jun 2018,2017
PRM/KA/RERA/1251/310/PR/171015/000705,Roshan Gardenia Apartment,M. Ramu,ongoing,12.915906,77.549117,village_centroid,medium,"Village Uttarahalli (Bangalore South), match 0.95, area 2.8 sq km",Uttarahalli,nan,,,11734,,,Aug 2019,2017
PRM/KA/RERA/1251/446/PR/171015/000706,Vdb Willow Farm,Vdb Whitefield Development Private Limited,ongoing,13.208441,77.759833,locality_name,low,"Village name ""Nallur"" found in address",Nallur,nan,,,28227,,,Dec 2019,2017
PRM/KA/RERA/1251/446/PR/171015/000830,Umiya Woods,Umiya Builders And Developers,ongoing,13.154149,77.545597,locality_name,low,"Village name ""Krishnarajapura"" found in address",Krishnarajapura,nan,,,5219,,,Mar 2019,2017
PRM/KA/RERA/1251/310/PR/171014/000192,Vbhc Palmhaven 2,Vbhc Mumbai Value Homes Pvt. Ltd.,done,12.897818,77.48708,village_centroid,medium,"Village Doddabele (Bangalore South), match 1.00, area 1.6 sq km",Hemmigepura,nan,,,26701,,,Jun 2019,2017
PRM/KA/RERA/1251/309/PR/171014/000809,Classique Temple Tree,Mahabaleshwara Promoters And Builders Private Limited,done,13.113414,77.575412,portal_boundary,high,,Someshwara Ward,nan,,,836,,,May 2019,2017
PRM/KA/RERA/1251/446/PR/171014/000856,Raaga,Kolte Patil Developers Ltd,done,13.114041,77.657009,village_centroid,medium,"Village Kannur (Bangalore South), match 1.00, area 4.4 sq km",Kannur,nan,,,9129,,,Jan 2022,2017
PRM/KA/RERA/1251/309/PR/171014/000542,Radiance Iris,Radiance Realty Developers India Limited,done,13.078233,77.616966,portal_boundary,high,,Jakkuru,nan,,,15376,,,Aug 2019,2017
PRM/KA/RERA/1251/308/PR/171014/000313,Janaadhar Shubha Ii – Cluster 1,Janaadhar India Private Limited,done,12.790637,77.749708,pin_centroid,low,PIN 562107 median of 25 located projects,Krishnasagara,562107,,,11533,,,Jul 2018,2017
PRM/KA/RERA/1251/309/PR/171014/000188,Nikoo Homes Ii West,Bhartiya Urban Private Limited,ongoing,13.190963,77.539979,village_centroid,medium,"Village Chokkanahalli (Bangalore North), match 1.00, area 1.8 sq km",Chokkanahalli,nan,,,24440,,,Mar 2023,2017
PRM/KA/RERA/1251/446/PR/171014/000970,Casa Grande Luxus,Casa Grande Pvt Ltd,ongoing,13.033362,77.698967,portal_boundary,high,,I T I Notified Area,nan,,,33543,,,Apr 2018,2017
PRM/KA/RERA/1251/446/PR/171014/000327,Lgcl Stonescape,Lgcl Properties Pvt. Ltd,ongoing,13.101494,77.665328,village_centroid,medium,"Village Chikkagubbi (Bangalore South), match 1.00, area 1.7 sq km",Chikkagubbi,nan,,,7485,,,Dec 2018,2017
PRM/KA/RERA/1251/309/PR/171014/000350,Master Classic Residency,Master Ventures Private Limited,ongoing,12.72394,77.577572,village_centroid,low,"Village Shivanahalli (Anekal), match 1.00, area 10.5 sq km",Shivanahalli,nan,,,7321,,,Jun 2018,2017
PRM/KA/RERA/1251/309/PR/171014/000483,After The Rain- Phase 1,Total Environment Building Systems Pvt. Ltd,ongoing,13.172834,77.60802,village_centroid,medium,"Village Bettahalsoor (Bangalore North), match 0.92, area 6.1 sq km",Bettahalsoor,nan,,,51028,,,Mar 2021,2017
PRM/KA/RERA/1251/446/PR/171014/000798,R J Lake Gardenia,R.J. Rishikaran Projects Private Limited,ongoing,13.048683,77.348628,village_centroid,medium,"Village Bhattarahalli (Nelamagala), match 1.00, area 1.1 sq km",Bhattarahalli,nan,,,10717,,,Apr 2021,2017
PRM/KA/RERA/1251/446/PR/171014/000242,August Grand,August Ventures Private Limited,done,12.991066,77.415329,locality_name,low,"Village name ""Varthur"" found in address",Varthur,nan,,,4976,,,Dec 2018,2017
PRM/KA/RERA/1251/446/PR/171014/000301,Lapalazzo Residences,Krishna E Campus Pvt Ltd,ongoing,12.931445,77.668066,village_centroid,medium,"Village Ambalipura (Bangalore South), match 1.00, area 1.3 sq km",Bellanduru,nan,,,7663,,,Sep 2019,2017
PRM/KA/RERA/1251/308/PR/171014/000552,Bellezea-Annex,Nambiar Builders Pvt Ltd,done,12.8505,77.727447,village_centroid,medium,"Village Narayanaghatta (Anekal), match 0.96, area 2.3 sq km",Narayanaghatta,nan,,,30806,,,Sep 2024,2017
PRM/KA/RERA/1251/446/PR/171014/000273,Griha Unnathi,Griha Promoters Pvt. Ltd,ongoing,13.059095,77.659245,portal_boundary,high,,Horamavu,nan,,,3995,,,Jun 2020,2017
PRM/KA/RERA/1251/309/PR/171014/000523,Classique Ebony,Mahabaleshwara Promoters And Builders Private Limited,done,13.113945,77.57613,portal_boundary,high,,Someshwara Ward,nan,,,840,,,Mar 2018,2017
PRM/KA/RERA/1251/309/PR/171014/000423,Prestige Woodside,Prestige Aaa Investments,ongoing,13.147778,77.562227,village_centroid,medium,"Village Avalahalli (Bangalore North), match 0.91, area 3.1 sq km",Avalahalli,nan,,,53885,,,Jul 2020,2017
PRM/KA/RERA/1251/446/PR/171014/000797,Here And Now,Assetz Investments & Holdings Llp,ongoing,13.078525,77.629199,village_centroid,medium,"Village Rachenahalli (Bangalore South), match 1.00, area 2.6 sq km",Jakkuru,nan,,,12140,,,Feb 2022,2017
PRM/KA/RERA/1251/310/PR/171014/000859,Aswani Aaeesha B Wing,Aswani Properties,done,12.874533,77.678504,locality_name,low,"Village name ""Doddanagamangala"" found in address",Doddanagamangala,nan,,,5301,,,Mar 2019,2017
PRM/KA/RERA/1251/310/PR/171014/000064,"Divinity, A Project Jointly Promoted By Salarpuria And Sattva Group",Salarpuria Properties Private Limited,done,12.923394,77.485696,locality_name,low,"Ward name ""Kengeri"" found in address",Kengeri,nan,,,44009,,,Mar 2022,2017
PRM/KA/RERA/1251/308/PR/171014/000599,The Greens Phase Ii,Sanchaya Land And Estate Pvt Ltd,ongoing,12.72,77.71,portal_boundary,high,,Kurubarahatti,nan,,,20777,,,Mar 2016,2017
PRM/KA/RERA/1251/310/PR/171014/000248,Prestige Westwoods,Prestige Estates Projects Limited,done,12.982067,77.564327,locality_name,low,"Ward name ""Okalipuram"" found in address",Okalipuram,nan,,,29085,,,Aug 2018,2017
PRM/KA/RERA/1250/304/PR/171014/001220,Shriram Green Field Phase 2,Shrivision Towers Private Limited,ongoing,13.089352,77.490071,village_centroid,medium,"Village Thammenahalli (Bangalore North), match 0.92, area 1.5 sq km",Thammenahalli,nan,,,23344,,,Dec 2022,2017
PRM/KA/RERA/1251/310/PR/171014/000364,Shriram Southern Crest,Shriprop Projects Private Limited,ongoing,12.915906,77.549117,locality_name,low,"Village name ""Uttarahalli"" found in address",Uttarahalli,nan,,,15073,,,Mar 2023,2017
PRM/KA/RERA/1251/446/PR/171014/000162,"Renaissance Nature Walk Phase Iii (Building 04,Building 09 And Building 10)",Renaissance Holdings And Developers Pvt Ltd,ongoing,12.852525,77.592475,village_centroid,medium,"Village Basavanapura (Bangalore South), match 1.00, area 1.6 sq km",Gottigere,nan,,,11347,,,Jul 2020,2017
PRM/KA/RERA/1251/309/PR/171014/000197,Nikoo Homes Ii East,Bhartiya Urban Private Limited,done,13.190963,77.539979,locality_name,low,"Village name ""Chokkanahalli"" found in address",Chokkanahalli,nan,,,34249,,,Dec 2021,2017
PRM/KA/RERA/1251/446/PR/171014/000387,Disha Park West,Disha Dwellings Pvt Ltd,ongoing,12.954635,77.713511,village_centroid,medium,"Village Panathur (Bangalore South), match 1.00, area 3.3 sq km",Munnekollala,nan,,,6050,,,Oct 2018,2017
PRM/KA/RERA/1251/309/PR/171014/000283,Century Ethos,Century Real Estate Holdings Private Limited,ongoing,13.060692,77.603468,locality_name,low,"Ward name ""Amrutahalli"" found in address",Amrutahalli,nan,,,29574,,,Sep 2022,2017
PRM/KA/RERA/1251/446/PR/171014/000345,Pashmina Waterfront -Phase-I,Lily Realty Pvt Ltd,done,13.048683,77.348628,village_centroid,medium,"Village Bhattarahalli (Nelamagala), match 1.00, area 1.1 sq km",Bhattarahalli,nan,,,31363,,,Dec 2018,2017
PRM/KA/RERA/1251/310/PR/171014/000372,Hara Vijaya Heights,Vijaya Enterprises,done,12.863372,77.526736,portal_boundary,high,,Badamanavarthekaval,nan,,,14512,,,Apr 2018,2017
PRM/KA/RERA/1251/446/PR/171014/000658,Vijayasri Eldorado,Vijayasri Builders & Developers,ongoing,13.00485,77.762512,pin_centroid,low,PIN 560067 median of 73 located projects,Bengaluru East,560067,,,9412,,,Jul 2018,2017
PRM/KA/RERA/1251/309/PR/171014/000148,Sterling Pointe,Sterling Developers Private Limited,ongoing,13.061318,77.633645,ward_centroid,low,BBMP ward 7 Thanisandra,Thanisandra,nan,,,2733,,,Jun 2021,2017
PRM/KA/RERA/1251/310/PR/171014/000359,Experia,Axis Concepts Capstone Pvt Ltd,ongoing,12.89248,77.587262,village_centroid,medium,"Village Kothnur (Bangalore South), match 1.00, area 6.2 sq km",Vinayakanagar,nan,,,2299,,,Apr 2019,2017
PRM/KA/RERA/1251/309/PR/171014/000771,Arvind Skylands,Arvind Smartspaces Limited,done,12.72394,77.577572,village_centroid,low,"Village Shivanahalli (Anekal), match 1.00, area 10.5 sq km",Shivanahalli,nan,,,18706,,,Nov 2021,2017
PRM/KA/RERA/1251/446/PR/171014/001085,Shriram Chirping Woods,Shrivision Homes Private Limited,done,12.918997,77.677399,village_centroid,medium,"Village Kasavanahalli (Bangalore South), match 1.00, area 2.7 sq km",Doddakanahalli,nan,,,62928,,,Mar 2020,2017
PRM/KA/RERA/1251/310/PR/171014/000853,Calvin Royal Residency,R. Krupaker Reddy,done,12.921072,77.604309,ward_centroid,low,BBMP ward 194 Gurappanapalya,Gurappanapalya,nan,,,836,,,Aug 2018,2017
PRM/KA/RERA/1251/309/PR/171014/000245,Ltcel Raintree Boulevard Cl1,L&T Realty Developers Limited,done,13.078221,77.5734,locality_name,low,"Ward name ""Byatarayanapura"" found in address",Byatarayanapura,nan,,,4877,,,Dec 2020,2017
PRM/KA/RERA/1251/308/PR/171014/000263,Radiant Spencer Annex,Radiant Properties,ongoing,12.844424,77.694002,village_centroid,medium,"Village Kammasandra (Anekal), match 0.92, area 2.7 sq km",Kammasandra,nan,,,2023,,,May 2020,2017
PRM/KA/RERA/1251/446/PR/171014/000325,Nvt Life Square,Nvt Quality Lifestyle Projects Pvt. Ltd.,done,12.999716,77.773302,village_centroid,medium,"Village Nagondahalli (Bangalore South), match 0.92, area 0.9 sq km",Kadugodi,nan,,,19366,,,Jun 2021,2017
PRM/KA/RERA/1251/310/PR/171014/000576,Vijaya Nisarga,Vijaya Enterprises,done,12.819666,77.505984,portal_boundary,high,,Uttari,nan,,,3176,,,Dec 2017,2017
PRM/KA/RERA/1250/304/PR/171014/001213,Shriram Green Field Phase 1,Shrivision Towers Private Limited,ongoing,13.089352,77.490071,village_centroid,medium,"Village Thammenahalli (Bangalore North), match 0.92, area 1.5 sq km",Thammenahalli,nan,,,55467,,,Mar 2020,2017
PRM/KA/RERA/1251/446/PR/171014/000123,The Central Regency Address,Indiabuild Homes Private Limited,ongoing,12.931445,77.668066,village_centroid,medium,"Village Ambalipura (Bangalore South), match 1.00, area 1.3 sq km",Bellanduru,560102,,,6175,,,May 2022,2017
PRM/KA/RERA/1250/307/PR/171014/000171,New Haven Bengaluru Phase Iii,Smart Value Homes (Peenya Project) Private Limited,done,13.083322,77.437798,locality_name,low,"Village name ""Dasanapura"" found in address",Dasanapura,nan,,,8047,,,Sep 2019,2017
PRM/KA/RERA/1251/446/PR/171014/000841,Dsr White Waters Phase - Ii,Dsr Infrstructure Pvt Ltd,done,12.946203,77.740145,village_centroid,low,"Village Gunjur (Bangalore South), match 1.00, area 9.5 sq km",Varthuru,nan,,,10319,,,Sep 2019,2017
PRM/KA/RERA/1251/310/PR/171014/000876,24K Grazio,Ankit Enterprises,new,12.928165,77.636472,pin_centroid,low,PIN 560034 median of 10 located projects,Koramangala,560034,,,5444,,,May 2023,2017
PRM/KA/RERA/1251/310/PR/171014/000342,Snn Raj Spiritua,Snn Spiritua Developers,done,12.919103,77.580384,village_centroid,medium,"Village Jaraganahalli Og (Bangalore South), match 0.93, area 1.6 sq km",Shakambari Nagar,nan,,,3780,,,Jul 2018,2017
PRM/KA/RERA/1251/309/PR/171014/000509,Supertech Micasa,Supertech Limited,ongoing,13.110306,77.64499,locality_name,low,"Village name ""Bellahalli"" found in address",Bellahalli,nan,,,7115,,,Feb 2018,2017
PRM/KA/RERA/1251/310/PR/171014/000286,Lgcl Pueblo,Lgcl Properties Pvt. Ltd.,ongoing,12.887439,77.66952,village_centroid,medium,"Village Naganathapura (Bangalore South), match 1.00, area 1.7 sq km",Kudlu,nan,,,14096,,,Jun 2019,2017
PRM/KA/RERA/1251/309/PR/171014/000439,Mantri Manyata Energia,Buoyant Technology Constellations Private Limited,ongoing,13.078525,77.629199,locality_name,low,"Village name ""Rachenahalli"" found in address",Jakkuru,nan,,,46134,,,Feb 2023,2017
PRM/KA/RERA/1251/309/PR/171014/000407,Salarpuria-Sattva Anugraha,Sattva Developers Private Limited,done,12.971891,77.550347,locality_name,low,"Ward name ""Vijayanagar"" found in address",Vijayanagar,nan,,,48562,,,Mar 2022,2017
PRM/KA/RERA/1251/446/PR/171014/000211,Alpine Vistula,Alpine Housing Development Corporation Limited,done,12.965158,77.733568,locality_name,low,"Ward name ""Whitefield"" found in address",Whitefield,nan,,,21839,,,Jul 2021,2017
PRM/KA/RERA/1251/446/PR/171014/000379,The Gran Carmen Address,Indiabuild Villas Development Pvt Ltd,ongoing,12.921572,77.717494,village_centroid,medium,"Village Mulluru (Bangalore South), match 1.00, area 2.5 sq km",Varthuru,nan,,,3963,,,Jan 2020,2017
PRM/KA/RERA/1251/309/PR/171014/000161,Nikoo Homes I (Towers 1 - 6 & 10),Bhartiya City Developers Private Limited,done,13.190963,77.539979,village_centroid,medium,"Village Chokkanahalli (Bangalore North), match 1.00, area 1.8 sq km",Chokkanahalli,nan,,,44355,,,Jun 2018,2017
PRM/KA/RERA/1251/310/PR/171014/000777,Mahaveer Turquoise,Reddy Structures Private Limited,new,12.881863,77.648257,village_centroid,medium,"Village Basapura (Bangalore South), match 1.00, area 0.9 sq km",HSR - Singasandra,nan,,,14363,,,Sep 2022,2017
PRM/KA/RERA/1251/309/PR/171014/000527,Belvedere By Ukn Airport District -Phase 1,U.K.N. Properties Private Limited,ongoing,13.205988,77.632773,village_centroid,medium,"Village Navarathna Agrahara (Bangalore North), match 0.90, area 3.2 sq km",Navarathna Agrahara,nan,,,18717,,,Nov 2023,2017
PRM/KA/RERA/1251/446/PR/171014/000618,Df Silverline Queens Terraces,Df Silverline Constructions,done,12.98527,77.598707,portal_boundary,high,,Vasanth Nagar,nan,,,767,,,Dec 2018,2017
PRM/KA/RERA/1251/446/PR/171014/000328,Orchid Greens,Goyal Hariyana Realty,ongoing,13.088435,77.656254,portal_boundary,high,,Byrathi,nan,,,10496,,,Sep 2019,2017
PRM/KA/RERA/1251/446/PR/171014/000378,Disha Central Park,Disha Dwellings Pvt Ltd,ongoing,12.937574,77.713117,portal_boundary,high,,Munnekollala,nan,,,14366,,,Oct 2018,2017
PRM/KA/RERA/1251/309/PR/171014/000665,Lost In The Greens,Total Environment Building Systems Private Limited,done,12.953408,77.74473,pin_centroid,low,PIN 560001 median of 5 located projects,Varthuru,560001,,,960,,,Dec 2018,2017
PRM/KA/RERA/1251/310/PR/171014/000186,Golden Panorama,Golden Gate Properties Ltd,ongoing,12.915906,77.549117,locality_name,low,"Village name ""Uttarahalli"" found in address",Uttarahalli,nan,,,19990,,,Dec 2019,2017
PRM/KA/RERA/1251/310/PR/171014/000288,Ajmera Annex Residential,Ajmera Housing Corporation (Bangalore),done,12.861975,77.654002,village_centroid,medium,"Village Doddathoguru (Bangalore South), match 0.95, area 5.0 sq km",Begur,nan,,,3235,,,Sep 2023,2017
PRM/KA/RERA/1251/310/PR/171014/000201,Sobha Clovelly,Sobha Limited,ongoing,12.940504,77.699681,ward_centroid,low,BBMP ward 114 Marathahalli,Marathahalli,nan,,,13112,,,Oct 2020,2017
PRM/KA/RERA/1251/446/PR/171014/000374,Lgcl One Street,Lalith Gangadhar Constructions Pvt. Ltd.,ongoing,13.080922,77.66557,village_centroid,medium,"Village Kyalasanahalli (Bangalore South), match 1.00, area 2.9 sq km",Kyalasanahalli,nan,,,5451,,,Mar 2019,2017
PRM/KA/RERA/1251/308/PR/171014/000896,Aswani Sunshine,Aswani Properties India Pvt Ltd,ongoing,12.871261,77.787979,locality_name,low,"Village name ""Sarjapura"" found in address",Sarjapura,nan,,,4906,,,Jul 2019,2017
PRM/KA/RERA/1251/309/PR/171014/000344,Vaishnavi Ars Gardenia,Vaishnavi Infrastructure Private Limited,done,13.07207,77.541668,ward_centroid,low,BBMP ward 15 Kuvempunagar,Kuvempunagar,nan,,,33133,,,Dec 2019,2017
PRM/KA/RERA/1251/446/PR/171014/000891,Janajeeva Orchid,Jana Jeeva Estates Pvt Ld,ongoing,13.082447,77.72356,locality_name,low,"Village name ""Bidarahalli"" found in address",Bidarahalli,nan,,,7689,,,Jun 2017,2017
PRM/KA/RERA/1251/309/PR/171013/001159,Shriram Hebbal One,Shriram Properties Private Limited,ongoing,13.064094,77.609572,village_centroid,medium,"Village Hebbal Amanikere Og (Bangalore North), match 0.90, area 0.4 sq km",Jakkuru,560024,,,7284,,,Jan 2023,2017
PRM/KA/RERA/1251/310/PR/171013/000233,Godrej Eternity,Godrej Home Constructions Private Limited,done,13.012519,77.404654,village_centroid,medium,"Village Mallasandra (Bangalore North), match 1.00, area 2.4 sq km",Mallasandra,nan,,,33037,,,Jan 2022,2017
PRM/KA/RERA/1251/310/PR/171013/000819,Aswani Aaeesha A Wing,Aswani Properties,ongoing,12.874533,77.678504,locality_name,low,"Village name ""Doddanagamangala"" found in address",Doddanagamangala,nan,,,8174,,,Nov 2019,2017
PRM/KA/RERA/1251/309/PR/171010/001126,Shriram Sameeksha,Shriram Properties Private Limited,ongoing,13.094831,77.542826,village_centroid,medium,"Village Singapura Og (Bangalore North), match 0.89, area 3.2 sq km",Atturu Layout,nan,,,50805,,,Sep 2018,2017
PRM/KA/RERA/1251/309/PR/171010/000768,Arvind Sporcia,Arvind Smartspaces Limited,done,13.078525,77.629199,village_centroid,medium,"Village Rachenahalli (Bangalore South), match 1.00, area 2.6 sq km",Jakkuru,nan,,,19925,,,Mar 2019,2017
PRM/KA/RERA/1251/446/PR/171010/000003,Godrej United,United Oxygen Company Private Limited,done,12.965158,77.733568,locality_name,low,"Ward name ""Whitefield"" found in address",Whitefield,nan,,,31808,,,Feb 2022,2017
PRM/KA/RERA/1251/309/PR/171009/001493,Nitesh Madison Square,Nitesh Estates Limited,new,12.974916,77.589642,locality_name,low,"Ward name ""Sampangiram Nagar"" found in address",Sampangiram Nagar,nan,,,1952,,,Mar 2022,2017
PRM/KA/RERA/1251/446/PR/171006/001033,Preethi Woods,Rm Infra,done,13.058919,77.635567,portal_boundary,high,,Thanisandra,nan,,,4146,,,Mar 2018,2017
PRM/KA/RERA/1251/446/PR/171004/000957,Neeraja Sarovar,Neeraja Developers And Promoters,ongoing,13.058692,77.718531,village_centroid,medium,"Village Kithiganur (Bangalore South), match 0.89, area 3.6 sq km",Kithiganur,560036,,,8397,,,Dec 2017,2017
PRM/KA/RERA/1251/308/PR/170928/001289,Gm Global Techies Town Tower C,M/S.Gulam Mustafa Enterprises Pvt Ltd,ongoing,12.831716,77.667571,locality_name,low,"Village name ""Thirupalya"" found in address",Thirupalya,nan,,,33404,,,May 2023,2017
PRM/KA/RERA/1251/308/PR/170928/001476,Gm Elegance Tower-1 (E-12),M/S. Azeem Infinite Dwelling (India) Pvt Ltd,ongoing,12.834861,77.646911,village_centroid,medium,"Village Hulimangala (Anekal), match 1.00, area 6.6 sq km",Hulimangala,nan,,,12493,,,Nov 2021,2017
PRM/KA/RERA/1251/308/PR/170928/001304,Gm Global Techies Town Tower- A,M/S.Gulam Mustafa Enterprises Pvt Ltd,ongoing,12.831716,77.667571,village_centroid,medium,"Village Thirupalya (Anekal), match 1.00, area 1.0 sq km",Thirupalya,nan,,,33516,,,Nov 2023,2017
PRM/KA/RERA/1251/310/PR/170925/000903,Rohan Akriti Building 1,Rohan Gruh Nirman Llp,done,12.957316,77.616588,ward_centroid,low,BBMP ward 184 Vannarapete,Vannarapete,nan,,,7540,,,Sep 2021,2017
PRM/KA/RERA/1251/310/PR/170923/000384,Sobha Arena - The Plaza (Block 3),Sobha Limited,ongoing,12.876353,77.540952,village_centroid,medium,"Village Thalaghattapura (Bangalore South), match 1.00, area 2.0 sq km",Hemmigepura,nan,,,8156,,,Oct 2019,2017
PRM/KA/RERA/1251/309/PR/170923/000478,Ltcel Raintree Boulevard Cl 2,L&T Realty Developers Limited,done,13.078221,77.5734,locality_name,low,"Ward name ""Byatarayanapura"" found in address",Byatarayanapura,nan,,,3674,,,Dec 2020,2017
PRM/KA/RERA/1251/310/PR/170923/000226,Princeville,Platinum Properties,done,12.857085,77.618803,locality_name,low,"Village name ""Mylasandra"" found in address",Mylasandra,nan,,,3701,,,Jun 2018,2017
PRM/KA/RERA/1251/446/PR/170922/000838,Mirabilis,Kolte Patil Developers Ltd,done,13.056355,77.659691,locality_name,low,"Village name ""Horamavu Agara"" found in address",Horamavu,nan,,,28935,,,Oct 2021,2017
PRM/KA/RERA/1251/310/PR/170922/000583,Mars Mount,Mars Builders,done,12.9198,77.538075,portal_boundary,high,,Rajarajeshwari Nagar,nan,,,6477,,,Jun 2019,2017
PRM/KA/RERA/1251/309/PR/170921/000747,Salarpuria-Sattva Opus,Sattva Developers Private Limited,new,13.074095,77.614647,village_centroid,medium,"Village Dasarahalli (Bangalore South), match 1.00, area 2.3 sq km",Jakkuru,560057,,,10926,,,Mar 2023,2017
PRM/KA/RERA/1251/446/PR/170920/000406,Salarpuria-Sattva East Crest,Salarpuria Real Estates Private Limited,done,13.067126,77.75174,village_centroid,medium,"Village Bandapura (Bangalore South), match 1.00, area 1.0 sq km",Bandapura,560049,,,27417,,,Jun 2021,2017
PRM/KA/RERA/1251/310/PR/170920/000655,Snn Raj Etternia,Snn Properties Llp,done,12.901251,77.657676,village_centroid,medium,"Village Kudlu (Anekal), match 1.00, area 3.5 sq km",Doddakanahalli,nan,,,63029,,,Sep 2019,2017
PRM/KA/RERA/1251/310/PR/170920/000501,Salarpuria-Sattva Cadenza,Pluto Realtors Pvt. Ltd.,done,12.908392,77.635337,village_centroid,medium,"Village Hongasandra Og (Bangalore South), match 0.92, area 3.0 sq km",Agara,560068,,,24180,,,Jun 2019,2017
PRM/KA/RERA/1251/310/PR/170920/000621,Snn Raj Greenbay,Snn Homes Llp,done,12.874533,77.678504,village_centroid,medium,"Village Doddanagamangala (Bangalore South), match 1.00, area 2.3 sq km",Doddanagamangala,nan,,,64951,,,Sep 2019,2017
PRM/KA/RERA/1251/446/PR/170918/000782,Century Renata,Paraag Constructions And Developers,done,12.974916,77.589642,locality_name,low,"Ward name ""Sampangiram Nagar"" found in address",Sampangiram Nagar,nan,,,4607,,,Mar 2019,2017
PRM/KA/RERA/1251/309/PR/170918/000666,Snn Clermont,Ibrox Real Estate Development Pvt. Ltd.,done,13.063762,77.624982,village_centroid,medium,"Village Nagavara (Bangalore North), match 1.00, area 1.3 sq km",Jakkuru,nan,,,30856,,,Jul 2021,2017
PRM/KA/RERA/1251/310/PR/170918/000681,Snn Raj Grandeur,Snn Builders Pvt Ltd,ongoing,13.351007,77.417032,village_centroid,medium,"Village Bommanahalli (Dod Ballapur), match 1.00, area 3.0 sq km",Bommanahalli,nan,,,18210,,,Sep 2023,2017
PRM/KA/RERA/1251/310/PR/170917/000411,Sobha Arena - The Park ( Block 2 ),Sobha Limited,ongoing,12.876353,77.540952,village_centroid,medium,"Village Thalaghattapura (Bangalore South), match 1.00, area 2.0 sq km",Hemmigepura,nan,,,8145,,,May 2018,2017
PRM/KA/RERA/1251/309/PR/170917/000316,Gcorp Mahalakshmi,G Corp Buildwell Pvt Ltd,done,13.066232,77.616477,ward_centroid,low,BBMP ward 8 Jakkuru,Jakkuru,nan,,,8360,,,Mar 2019,2017
PRM/KA/RERA/1251/310/PR/170917/000412,Sobha Morzaria Grandeur 2 (W1),Sobha Limited,done,12.972703,77.523367,ward_centroid,low,BBMP ward 152 Mudalapalya,Mudalapalya,nan,,,2265,,,Feb 2022,2017
PRM/KA/RERA/1251/309/PR/170916/000446,Prestige Royale Gardens Phase 2,Prestige Estates Projects Limited,done,13.147778,77.562227,village_centroid,medium,"Village Avalahalli (Bangalore North), match 1.00, area 3.1 sq km",Avalahalli,nan,,,88373,,,Mar 2019,2017
PRM/KA/RERA/1251/310/PR/170916/000336,Prestige Lake Ridge Phase 2,Prestige Estates Projects Limited,done,12.915906,77.549117,village_centroid,medium,"Village Uttarahalli (Bangalore South), match 1.00, area 2.8 sq km",Uttarahalli,nan,,,61223,,,Dec 2022,2017
PRM/KA/RERA/1251/309/PR/170916/000324,Century Breeze,Century Real Estate Holdings Private Limited,ongoing,12.72394,77.577572,locality_name,low,"Village name ""Shivanahalli"" found in address",Shivanahalli,nan,,,23066,,,Sep 2021,2017
PRM/KA/RERA/1251/309/PR/170916/000146,New Haven Bengaluru Phase Ii,Smart Value Homes (Peenya Project) Private Limited,done,13.083322,77.437798,locality_name,low,"Village name ""Dasanapura"" found in address",Dasanapura,nan,,,15254,,,Dec 2019,2017
PRM/KA/RERA/1250/303/PR/170916/000462,Juniper At Brigade Orchards,Bcv Developers Pvt Ltd,ongoing,13.144605,77.74431,locality_name,low,"Village name ""Budigere"" found in address",Budigere,nan,,,21508,,,Dec 2019,2017
PRM/KA/RERA/1251/310/PR/170916/000334,Prestige Lake Ridge Phase 1,Prestige Estates Projects Limited,done,12.915906,77.549117,village_centroid,medium,"Village Uttarahalli (Bangalore South), match 1.00, area 2.8 sq km",Uttarahalli,nan,,,61223,,,Jan 2022,2017
PRM/KA/RERA/1251/446/PR/170916/000376,Century Infiniti,Vigneshwara Estates,done,12.918018,77.683958,locality_name,low,"Village name ""Junnasandra"" found in address",Doddakanahalli,nan,,,9319,,,Jun 2019,2017
PRM/KA/RERA/1251/446/PR/170916/000172,Cumins Genesis,Abraham & Thomas Engineers Pvt Ltd,done,13.056222,77.677626,village_centroid,medium,"Village Kalkere (Bangalore South), match 1.00, area 5.4 sq km",Kalkere,nan,,,8097,,,Jun 2019,2017
PRM/KA/RERA/1251/310/PR/170916/000125,Brigade Panorama,Brigade Enterprises Ltd,ongoing,12.891973,77.472558,village_centroid,medium,"Village Kambipura (Bangalore South), match 1.00, area 5.5 sq km",Kambipura,nan,,,37245,,,Apr 2019,2017
PRM/KA/RERA/1251/309/PR/170916/000459,Prestige Royal Gardens Phase-Iii,Prestige Estates Projects Ltd,ongoing,13.147778,77.562227,village_centroid,medium,"Village Avalahalli (Bangalore North), match 1.00, area 3.1 sq km",Avalahalli,nan,,,88373,,,Sep 2020,2017
PRM/KA/RERA/1251/309/PR/170916/000151,Coevolve Northern Star,Coevolve Estates Pvt. Ltd. (Formerly Asset Handlers Pvt. Ltd.),done,13.080744,77.624907,portal_boundary,high,,Jakkuru,nan,,,6677,,,Dec 2021,2017
PRM/KA/RERA/1251/446/PR/170916/000257,Sobha 25 Richmond,Sobha Limited,ongoing,12.970692,77.764379,ward_centroid,low,BBMP ward 111 Hagadur,Hagadur,nan,,,676,,,Jul 2019,2017
PRM/KA/RERA/1251/310/PR/170916/000117,Sobha Valley View - Heritage,Sobha Limited,ongoing,12.941217,77.542613,village_centroid,medium,"Village Hoskerehalli Og (Bangalore South), match 0.89, area 3.3 sq km",Girinagar,nan,,,12762,,,Feb 2019,2017
PRM/KA/RERA/1251/446/PR/170916/000231,Sobha Avenue,Sobha Limited,ongoing,13.051712,77.753475,village_centroid,medium,"Village Doddabanahalli (Bangalore South), match 0.97, area 1.8 sq km",Doddabanahalli,nan,,,11279,,,Jul 2019,2017
PRM/KA/RERA/1251/310/PR/170916/000230,Sound Of Water Phase 1 By Puravankara,Puravankara Ltd,ongoing,12.870422,77.606089,village_centroid,medium,"Village Kammanahalli (Bangalore South), match 1.00, area 2.6 sq km",Hulimavu,nan,,,78386,,,Dec 2019,2017
PRM/KA/RERA/1251/309/PR/170916/000285,Vajram Elina,Vajram Estates Private Limited,done,13.190963,77.539979,locality_name,low,"Village name ""Chokkanahalli"" found in address",Chokkanahalli,nan,,,4554,,,Jul 2018,2017
PRM/KA/RERA/1251/309/PR/170916/000650,Adarsh Palm Acres - Phase 1-Part A,Adarsh Nivaas Private Limited,ongoing,13.174816,77.658902,locality_name,low,"Village name ""Huttanahalli"" found in address",Huttanahalli,nan,,,47165,,,Aug 2021,2017
PRM/KA/RERA/1251/309/PR/170916/000445,Prestige Royale Gardens Phase-I,"Prestige Estates Projects Ltd.,",done,13.147778,77.562227,village_centroid,medium,"Village Avalahalli (Bangalore North), match 1.00, area 3.1 sq km",Avalahalli,nan,,,88373,,,Jul 2020,2017
PRM/KA/RERA/1250/303/PR/170916/000497,Brigade Atmosphere- Phase 1,Brigade Enterprises Ltd,ongoing,13.100297,77.533979,locality_name,low,"Village name ""Lakshmipura"" found in address",Lakshmipura,nan,,,24279,,,Feb 2020,2017
PRM/KA/RERA/1251/310/PR/170916/000235,Purva Coronation Square,Puravankara Limited,ongoing,12.89248,77.587262,village_centroid,medium,"Village Kothnur (Bangalore South), match 1.00, area 6.2 sq km",Vinayakanagar,nan,,,6966,,,Sep 2019,2017
PRM/KA/RERA/1251/309/PR/170916/000723,Adarsh Palm Acres - Phase 1-Part A,Bangalore Best Realty Private Limited,done,13.174816,77.658902,locality_name,low,"Village name ""Huttanahalli"" found in address",Huttanahalli,nan,,,47165,,,Aug 2021,2017
PRM/KA/RERA/1251/310/PR/170915/000204,Valmark Orchard Square,Sri Nakoda Construction Ltd,done,13.089742,77.654458,locality_name,low,"Village name ""Kothanur"" found in address",Kothanur,nan,,,13253,,,Sep 2021,2017
PRM/KA/RERA/1251/446/PR/170915/000221,Sobha Dream Acres - Rain Forest Phase 3 Wing 5 And 6,Sobha Limited,done,12.991066,77.415329,locality_name,low,"Village name ""Varthur"" found in address",Varthur,nan,,,7746,,,Jan 2021,2017
PRM/KA/RERA/1251/310/PR/170915/000183,Habitat Iluminar,Hv Ventures Projects Pvt Ltd,ongoing,12.857085,77.618803,village_centroid,medium,"Village Mylasandra (Bangalore South), match 0.95, area 3.7 sq km",Mylasandra,nan,,,19728,,,Jun 2022,2017
PRM/KA/RERA/1251/446/PR/170915/000216,Prestige Gulmohar,Prestige Southcity Holdings,done,13.044189,77.666132,village_centroid,medium,"Village Horamavu (Bangalore South), match 1.00, area 3.4 sq km",Kalkere,nan,,,13175,,,Dec 2019,2017
PRM/KA/RERA/1251/310/PR/170915/000332,Adarsh Citrine,M/S Adarsh Developers,done,13.204798,77.418954,village_centroid,medium,"Village Puttenahalli (Dod Ballapur), match 1.00, area 1.2 sq km",Puttenahalli,nan,,,5666,,,Aug 2018,2017
PRM/KA/RERA/1251/309/PR/170915/000457,Adarsh Palm Acres - Phase 2-Part A,Adarsh Nivaas Private Limited,ongoing,13.174816,77.658902,locality_name,low,"Village name ""Huttanahalli"" found in address",Huttanahalli,nan,,,19045,,,Aug 2021,2017
PRM/KA/RERA/1251/309/PR/170915/000219,Assetz 22 & Crest,Jain Heights And Structures Pvt Ltd,ongoing,13.017055,77.550242,portal_boundary,high,,Marappana Palya,nan,,,7275,,,Mar 2022,2017
PRM/KA/RERA/1251/446/PR/170915/000481,Adarsh Palm Retreat -Phase 3 Part B,Akarsh Residence Pvt Ltd,ongoing,12.945278,77.692858,locality_name,low,"Village name ""Devarabeesanahalli"" found in address",Bellanduru,nan,,,26547,,,Apr 2022,2017
PRM/KA/RERA/1251/309/PR/170915/000164,Sobha Palm Court,Sobha Limited,done,13.119102,77.618066,village_centroid,medium,"Village Kogilu (Bangalore North), match 1.00, area 3.6 sq km",Kogilu,nan,,,18413,,,Feb 2022,2017
PRM/KA/RERA/1251/446/PR/170915/000168,Sobha Dream Acres - Palm Springs Phase 12 Wing 48 And 49,Sobha Limited,done,12.991066,77.415329,locality_name,low,"Village name ""Varthur"" found in address",Varthur,nan,,,5818,,,Jul 2022,2017
PRM/KA/RERA/1251/310/PR/170915/000170,Sobha Dream Acres - Palm Springs Phase 13 Wing 52,Sobha Limited,done,12.991066,77.415329,locality_name,low,"Village name ""Varthur"" found in address",Varthur,nan,,,3856,,,Apr 2022,2017
PRM/KA/RERA/1251/309/PR/170915/000222,Kumar Kino Platinum,Kumar Properties Pvt Ltd,ongoing,12.994355,77.58116,pin_centroid,low,PIN 560020 median of 2 located projects,Vasanth Nagar,560020,,,3277,,,Sep 2022,2017
PRM/KA/RERA/1251/446/PR/170915/000308,Skylark Ithaca,Ithaca Estates Private Limited,ongoing,13.106284,77.751331,locality_name,low,"Village name ""Kodigehalli"" found in address",Kodigehalli,nan,,,79621,,,Dec 2020,2017
PRM/KA/RERA/1251/310/PR/170915/000243,Prestige Song Of The South Phase I,Prestige Estates Projects Limited,done,12.878272,77.614365,village_centroid,medium,"Village Chandrasekarapura (Bangalore South), match 0.97, area 0.7 sq km",Hulimavu,nan,,,133443,,,Jun 2021,2017
PRM/KA/RERA/1251/310/PR/170915/000236,Purva Westend,Purva Star Properties Ltd,ongoing,12.908392,77.635337,village_centroid,medium,"Village Hongasandra Og (Bangalore South), match 0.92, area 3.0 sq km",Agara,nan,,,31849,,,Dec 2018,2017
PRM/KA/RERA/1251/446/PR/170915/000163,Sobha Dream Acres - Tropical Greens Phase 9 Wing 45,Sobha Limited,done,12.991066,77.415329,locality_name,low,"Village name ""Varthur"" found in address",Varthur,nan,,,4696,,,Jul 2021,2017
PRM/KA/RERA/1251/446/PR/170915/000232,Adarsh Lakefront Residential - Phase 1,Alekhya Property Developments Pvt Ltd,ongoing,12.932221,77.678884,village_centroid,medium,"Village Kaikondahalli (Bangalore South), match 0.90, area 1.1 sq km",Bellanduru,nan,,,27181,,,Sep 2022,2017
PRM/KA/RERA/1251/446/PR/170915/000195,Sobha Dream Acres - Tropical Greens Phase 8 Wing 43 And 44,Sobha Limited,done,12.991066,77.415329,locality_name,low,"Village name ""Varthur"" found in address",Varthur,nan,,,7041,,,Jul 2021,2017
PRM/KA/RERA/1251/446/PR/170915/000207,Sobha Dream Acres - Palm Springs Phase 11 Wing 47,Sobha Limited,done,12.991066,77.415329,locality_name,low,"Village name ""Varthur"" found in address",Varthur,nan,,,1961,,,Dec 2021,2017
PRM/KA/RERA/1251/446/PR/170915/000193,Sobha Dream Acres - Rain Forest Phase 1 Wing 1 And 2,Sobha Limited,ongoing,12.991066,77.415329,locality_name,low,"Village name ""Varthur"" found in address",Varthur,nan,,,7746,,,Nov 2019,2017
PRM/KA/RERA/1251/310/PR/170915/000061,Mahendra Aarna,Mahendra Homes Pvt Ltd,done,13.099554,77.717957,village_centroid,medium,"Village Kammasandra (Bangalore South), match 1.00, area 1.6 sq km",Kammasandra,nan,,,25900,,,Jun 2019,2017
PRM/KA/RERA/1251/446/PR/170915/000156,Sobha Dream Acres - Rain Forest Phase 4 Wing 11,Sobha Limited,ongoing,12.991066,77.415329,locality_name,low,"Village name ""Varthur"" found in address",Varthur,nan,,,5874,,,Jul 2020,2017
PRM/KA/RERA/1251/310/PR/170915/000063,Manikchand 117Ff,Rajarajeshware Builddcon Private Limited,ongoing,12.988515,77.52552,ward_centroid,low,BBMP ward 58 Vrisabhavathi Nagar,Vrisabhavathi Nagar,nan,,,4712,,,Apr 2022,2017
PRM/KA/RERA/1251/310/PR/170915/000281,Prestige Bagamane Temple Bells,Prestige Estates Projects Limited,done,12.941217,77.542613,village_centroid,medium,"Village Hoskerehalli Og (Bangalore South), match 0.89, area 3.3 sq km",Girinagar,nan,,,52103,,,Sep 2019,2017
PRM/KA/RERA/1251/446/PR/170915/000206,Sobha Dream Acres - Tropical Greens Phase 10 Wing 46,Sobha Limited,done,12.991066,77.415329,locality_name,low,"Village name ""Varthur"" found in address",Varthur,nan,,,4578,,,Jan 2022,2017
PRM/KA/RERA/1251/446/PR/170915/000176,Prestige Lakeside Habitat,Prestige Habitat Ventures,done,12.946203,77.740145,village_centroid,low,"Village Gunjur (Bangalore South), match 1.00, area 9.5 sq km",Varthuru,nan,,,401318,,,Jan 2020,2017
PRM/KA/RERA/1251/446/PR/170915/000395,Bren Champions Square,Bren Corporation,done,12.921572,77.717494,village_centroid,medium,"Village Mulluru (Bangalore South), match 0.92, area 2.5 sq km",Varthuru,nan,,,18576,,,Mar 2021,2017
PRM/KA/RERA/1251/446/PR/170915/000160,Sobha Dream Acres - Palm Springs Phase 14 Wing 53,Sobha Limited,done,12.991066,77.415329,locality_name,low,"Village name ""Varthur"" found in address",Varthur,nan,,,3824,,,Jul 2022,2017
PRM/KA/RERA/1251/446/PR/170915/000223,Sobha Dream Acres - Rain Forest Phase 5 Wing 16,Sobha Limited,done,12.991066,77.415329,locality_name,low,"Village name ""Varthur"" found in address",Varthur,nan,,,4381,,,Sep 2019,2017
PRM/KA/RERA/1251/446/PR/170915/000157,Sobha Dream Acres - Rain Forest Phase 2 Wing 3 And 4,Sobha Limited,done,12.991066,77.415329,locality_name,low,"Village name ""Varthur"" found in address",Varthur,nan,,,7746,,,Oct 2020,2017
PRM/KA/RERA/1251/310/PR/170915/000155,Adarsh Premia - Phase 1,Adarsh Developers,ongoing,13.002093,77.534861,ward_centroid,low,BBMP ward 55 Puneet Rajkumar,Puneet Rajkumar,nan,,,15884,,,Mar 2022,2017
PRM/KA/RERA/1251/446/PR/170915/000476,Palm Meadows Extension Phase-2,Adarsh Developers,ongoing,12.965158,77.733568,locality_name,low,"Ward name ""Whitefield"" found in address",Whitefield,nan,,,10775,,,Apr 2022,2017
PRM/KA/RERA/1251/446/PR/170915/000202,Sobha Dream Acres - Tropical Greens Phase 7 Wing 42,Sobha Limited,ongoing,12.991066,77.415329,locality_name,low,"Village name ""Varthur"" found in address",Varthur,nan,,,4578,,,Jan 2021,2017
PRM/KA/RERA/1251/310/PR/170915/000394,Purva Westend Phase 1,Puravankara Limited,ongoing,12.908392,77.635337,village_centroid,medium,"Village Hongasandra Og (Bangalore South), match 0.92, area 3.0 sq km",Agara,nan,,,31848,,,Dec 2018,2017
PRM/KA/RERA/1251/310/PR/170915/000212,"Sobha Silicon Oasis Phase 7 Block 2 And 3 (Row House No. 9, 10)",Sobha Limited,done,12.878382,77.663446,locality_name,low,"Village name ""Beratena Agrahara"" found in address",Naganathapura,nan,,,594,,,Apr 2019,2017
PRM/KA/RERA/1251/310/PR/170913/000120,Sobha Silicon Oasis Phase 2 Wing 7,Sobha Limited,ongoing,12.878382,77.663446,locality_name,low,"Village name ""Beratena Agrahara"" found in address",Naganathapura,nan,,,3979,,,Jan 2020,2017
PRM/KA/RERA/1251/310/PR/170913/000119,Sobha Silicon Oasis Phase 4 Wing 9,Sobha Limited,done,12.878382,77.663446,locality_name,low,"Village name ""Beratena Agrahara"" found in address",Naganathapura,nan,,,4340,,,Oct 2021,2017
PRM/KA/RERA/1251/309/PR/170913/000144,Vajram Tiara,Vajram Estates Private Limited,done,13.113955,77.600872,locality_name,low,"Village name ""Yelahanka"" found in address",Kempegowda Ward,nan,,,17907,,,Dec 2019,2017
PRM/KA/RERA/1251/310/PR/170913/000153,Sobha Silicon Oasis Phase 6 Block 2 And 3 (Row House No. 1 To 8 & 11 To 17),Sobha Limited,ongoing,12.878382,77.663446,locality_name,low,"Village name ""Beratena Agrahara"" found in address",Naganathapura,nan,,,1087,,,Apr 2019,2017
PRM/KA/RERA/1251/310/PR/170913/000114,Prestige Falcon City,Prestige Nottinghill Investments,done,12.894195,77.56637,village_centroid,medium,"Village Doddakallasandra (Bangalore South), match 1.00, area 2.6 sq km",Konanakunte,nan,,,123799,,,Mar 2020,2017
PRM/KA/RERA/1251/310/PR/170913/000121,Sobha Silicon Oasis Phase 5 Wing 10 & 11,Sobha Limited,done,12.878382,77.663446,locality_name,low,"Village name ""Beratena Agrahara"" found in address",Naganathapura,nan,,,10670,,,Oct 2021,2017
PRM/KA/RERA/1251/310/PR/170913/000109,Prestige Pinewood,Prestige Estates Projects Limited,ongoing,12.758811,77.365505,locality_name,low,"Village name ""Ivagilu"" found in address",Ivagilu,nan,,,10379,,,Jun 2020,2017
PRM/KA/RERA/1251/446/PR/170907/000390,Bren Imperia,Bren Corporation,done,12.918997,77.677399,village_centroid,medium,"Village Kasavanahalli (Bangalore South), match 0.93, area 2.7 sq km",Doddakanahalli,nan,,,63409,,,Mar 2021,2017
PRM/KA/RERA/1251/310/PR/170907/000047,Skylark Royaume,Royaume Estates Private Limited,ongoing,13.109408,77.626051,locality_name,low,"Village name ""Agrahara"" found in address",Agrahara,nan,,,29339,,,Sep 2023,2017
PRM/KA/RERA/1251/446/PR/170907/000368,Bren Starlight,Bren Corporation,done,13.067126,77.75174,village_centroid,medium,"Village Bandapura (Bangalore South), match 1.00, area 1.0 sq km",Bandapura,nan,,,7069,,,Sep 2020,2017
PRM/KA/RERA/1251/446/PR/170907/000091,Purva Palmbeach,Puravankara Limited,ongoing,13.010853,77.513,ward_centroid,low,BBMP ward 25 Rajeshwari Nagar,Rajeshwari Nagar,nan,,,78819,,,Mar 2019,2017
PRM/KA/RERA/1251/310/PR/170905/000135,Century Indus Phase 2,Vinayaka Builders And Developers,ongoing,12.923394,77.485696,locality_name,low,"Ward name ""Kengeri"" found in address",Kengeri,nan,,,23747,,,Dec 2019,2017
PRM/KA/RERA/1250/303/PR/170905/000071,Skyview,Sanchaya Land And Estate Private Limited,ongoing,13.290712,77.697317,village_centroid,medium,"Village Devanahalli (Devanhalli), match 1.00, area 0.5 sq km",Devanahalli,nan,,,29947,,,Dec 2019,2017
PRM/KA/RERA/1251/309/PR/170905/000229,Godrej Avenues,"Godrej Construction Projects Llp.,",ongoing,13.15938,77.562769,village_centroid,medium,"Village Singanayakanahalli (Bangalore North), match 1.00, area 2.5 sq km",Singanayakanahalli,nan,,,19542,,,Feb 2022,2017
PRM/KA/RERA/1251/310/PR/170905/000072,Peninsula Heights,Goodhome Realty Limited,ongoing,13.136202,77.686879,village_centroid,medium,"Village Marenahalli (Bangalore North), match 1.00, area 6.2 sq km",Marenahalli,nan,,,14683,,,Jun 2019,2017
PRM/KA/RERA/1251/310/PR/170905/000101,Malhar Patterns,Good Earth Eco Developments Private Limited,done,12.891973,77.472558,locality_name,low,"Village name ""Kambipura"" found in address",Kambipura,nan,,,51750,,,Dec 2017,2017
PRM/KA/RERA/1251/446/PR/170830/000320,Bren Edgewaters,Bren Corporation,done,12.91433,77.666587,village_centroid,medium,"Village Haralur (Bangalore South), match 0.88, area 3.3 sq km",Doddakanahalli,nan,,,15665,,,Dec 2018,2017
PRM/KA/RERA/1251/310/PR/170824/000032,"Sobha Silicon Oasis Phase 1 Wing 1, 2, 3, 4, 5 & 6",Sobha Limited,done,12.878382,77.663446,locality_name,low,"Village name ""Beratena Agrahara"" found in address",Naganathapura,nan,,,24358,,,Apr 2019,2017
PRM/KA/RERA/1251/309/PR/170824/000068,Unicon North Brooks 46,Unicon Shelters Pvt Ltd,ongoing,13.119828,77.556738,village_centroid,medium,"Village Veerasagara (Bangalore North), match 1.00, area 1.1 sq km",Veerasagara,nan,,,12545,,,Sep 2022,2017
PRM/KA/RERA/1251/310/PR/170824/000118,Sobha Silicon Oasis Phase 3 Wing 8,Sobha Limited,done,12.878382,77.663446,locality_name,low,"Village name ""Beratena Agrahara"" found in address",Naganathapura,nan,,,4293,,,Apr 2021,2017
PRM/KA/RERA/1251/446/PR/170824/000077,Prestige Leela Residences,Prestige Estates Projects Limited,done,13.1919,77.303694,locality_name,low,"Village name ""Kodihalli"" found in address",Kodihalli,nan,,,8292,,,Nov 2020,2017
PRM/KA/RERA/1251/446/PR/170824/000057,Prestige Boulevard,Prestige Estates Projects Limited,ongoing,13.109408,77.626051,locality_name,low,"Village name ""Agrahara"" found in address",Agrahara,nan,,,10117,,,Dec 2019,2017
PRM/KA/RERA/1251/446/PR/170824/000058,Prestige Kew Gardens,Prestige Estates Projects Limited,ongoing,13.11276,77.503171,locality_name,low,"Village name ""Kempapura"" found in address",Kempapura,nan,,,61337,,,Dec 2019,2017
PRM/KA/RERA/1251/310/PR/170824/000049,Chartered Hummingbird,Chartered Housing Pvt Ltd,done,12.971721,77.600624,pin_centroid,low,PIN 560047 median of 1 located projects,Shantala Nagar,560047,,,5719,,,Dec 2018,2017
PRM/KA/RERA/1251/446/PR/170824/000104,Rbd Stillwaters-Block 2 Wing C,Rbd Shelters Llp,done,12.91433,77.666587,village_centroid,medium,"Village Haralur (Bangalore South), match 1.00, area 3.3 sq km",Doddakanahalli,nan,,,5800,,,May 2022,2017
PRM/KA/RERA/1251/308/PR/220218/004714,S R Suvarana Residency,,,,,unplaced,,"needs web lookup or manual pin: SURVERY NO 9/1 AND 9/2 HOSA ROAD CENTRAL JAIL, RAYANSANDRA ANEKAL",,,,,,,,,
PRM/KA/RERA/1251/309/PR/220210/004692,T.S.R'S Sai Arcade,,,,,unplaced,,"needs web lookup or manual pin: No.129/1 PID No.15-45-129/1-1 West of Chord Road , First Stage Second Phase Rajajinagar",,,,,,,,,
TOR/PRM/KA/RERA/1251/309/PR/211222/003473,Cumins Realm,,,,,unplaced,,"needs web lookup or manual pin: #354 New Sy No: 2/7 and Sy Old No: 2/3 Sannatammanhalli Village, Thambu Chetty Palya, K R Puram Hobli, CLose to St.Anthony's Church",,,,,,,,,
PRM/KA/RERA/1251/308/PR/211108/004474,Construction Of 130 Du'S,,,,,unplaced,,"needs web lookup or manual pin: AK COLONY,BHOVI COLONY, AD COLONY",,,,,,,,,
PRM/KA/RERA/1251/310/PR/211029/004459,Construction Of 240 (G+3) At Bettadasanpura,,,,,unplaced,,"needs web lookup or manual pin: Bettadasanpura , near elctronicity road",,,,,,,,,
PRM/KA/RERA/1250/307/PR/211029/004454,Construction Of 200 Houses In Nelamangla Town,,,,,unplaced,,"needs web lookup or manual pin: Various slums of Nelamangla Town, Nelamangla, Bangalore Rural",,,,,,,,,
PRM/KA/RERA/1251/310/PR/211028/004445,Construction Of 336 (G+3) Houses At Shanthinagar,,,,,unplaced,,"needs web lookup or manual pin: ISRO (domlur) slum , ward no 1120 ,shanthinagar ,, bangalore",,,,,,,,,
PRM/KA/RERA/1251/310/PR/211028/004397,Construction Of 1430 Houses In Cv Raman Nagar,,,,,unplaced,,"needs web lookup or manual pin: Sudamanagara , Bangalore South",,,,,,,,,
PRM/KA/RERA/1251/310/PR/211027/004383,Constrution Of 500 Houses In Basvangudi,,,,,unplaced,,"needs web lookup or manual pin: Basavangudi Assembly constituency, Bangalore",,,,,,,,,
PRM/KA/RERA/1251/310/PR/210810/004250,Miraya Brunton By Ukn,,,,,unplaced,,"needs web lookup or manual pin: Property bearing No. 16, Old No. 5/11, Formerly Known as Nos. 5, 5/11 and 5/12, Forming a part of composite block bearing No. 5, Brunton Roa",,,,,,,,,
TOR/PRM/KA/RERA/1251/309/PR/210807/000942,Iconica Nitesh Knightsbridge,,,,,unplaced,,"needs web lookup or manual pin: 14th main road RMV extention, Sadashiv nagar",,,,,,,,,
PRM/KA/RERA/1251/310/PR/210804/004216,1 Lakh Multi Storey Bengaluru Housing Programme,,,,,unplaced,,"needs web lookup or manual pin: Sy No.28, Muddayanapalya, Taverekere , Bengalore South, Sy No.28, Muddayanapalya, Taverekere , Bengalore South",,,,,,,,,
PRM/KA/RERA/1251/310/PR/210730/004197,Jayanagara Chamarajapete Chikkapete 931,,,,,unplaced,,"needs web lookup or manual pin: 7 SELECTED SLIMS, JAYANAGARA, CHAMRAJPETE,CHIKKAPETE",,,,,,,,,
PRM/KA/RERA/1251/308/PR/210702/004169,1 Lakh Multi Storey Bengaluru Housing Programme,,,,,unplaced,,"needs web lookup or manual pin: Sy No. 509,Anekal Gramanthara Village, Kasaba Hobli, Anekal Taluk, Sy No. 509,Anekal Gramanthara Village, Kasaba Hobli, Anekal Taluk",,,,,,,,,
TOR/PRM/KA/RERA/1251/310/PR/210702/002480,Alcazar,,,,,unplaced,,"needs web lookup or manual pin: BORE BANK ROAD, BENSON TOWN",,,,,,,,,
PRM/KA/RERA/1251/310/PR/210405/004101,Vallabhajaganath Skn,,,,,unplaced,,"needs web lookup or manual pin: No1/3A Gubbalala main road bangalore , gubbalala",,,,,,,,,
PRM/KA/RERA/1250/301/PR/210331/004069,Construction Of 500 Du'S,,,,,unplaced,,"needs web lookup or manual pin: Veerabadranapalya, Kacheripalya, Doddaballapura Town",,,,,,,,,
PRM/KA/RERA/1251/310/PR/210312/004004,Comfort Lalbagh Residency,,,,,unplaced,,"needs web lookup or manual pin: NO. 147, SIIDAPURA 1ST BLOCK, JAYANAGAR,, BANGALORE",,,,,,,,,
PRM/KA/RERA/1251/309/PR/210225/003944,Shivajinagar 500 Dus Bangalore,,,,,unplaced,,"needs web lookup or manual pin: M R S Palya, M R S Palya",,,,,,,,,
PRM/KA/RERA/1251/472/PR/210219/003930,Avant Garde One,,,,,unplaced,,"needs web lookup or manual pin: Sy No. 51/5 Village Ananthpura , Yelankha Hobali, Yelankha Taluk, Karanataka",,,,,,,,,
PRM/KA/RERA/1251/309/PR/210219/003934,Construction Of 485 Du'S,,,,,unplaced,,"needs web lookup or manual pin: Sagaypuram, Pulakeshinagara",,,,,,,,,
PRM/KA/RERA/1251/310/PR/210216/003900,Parkwest - Oak - Tower 10,,,,,unplaced,,"needs web lookup or manual pin: Municipal No 1/1, Hosakere Road, Binnypet",,,,,,,,,
PRM/KA/RERA/1251/309/PR/210216/003903,Gandhinagar500,,,,,unplaced,,"needs web lookup or manual pin: NAGAMMA NAGAR, NAGAMMA NAGAR",,,,,,,,,
PRM/KA/RERA/1251/446/PR/210216/003902,Sarvagnanagar762,,,,,unplaced,,"needs web lookup or manual pin: LINGRAJPURAM A BLOCK,B BLOCK,E and G BLOCK, HENNUR GUND THOPU,GANDHI GRAMA,S K GARDEN",,,,,,,,,
PRM/KA/RERA/1251/310/PR/210216/003899,Parkwest - Pine - Tower 9,,,,,unplaced,,"needs web lookup or manual pin: Municipal No 1/1, Hosakere Road, Binnypet",,,,,,,,,
PRM/KA/RERA/1251/310/PR/210208/003832,Btmchikkapete1008,,,,,unplaced,,"needs web lookup or manual pin: RAJENDRANAGARA , A K COLONY, BHOVI COLONY,, SIDHARTHA NAGARA, PARVATHIPURA,",,,,,,,,,
PRM/KA/RERA/1251/309/PR/210208/003834,Sarvagnanagar616,,,,,unplaced,,"needs web lookup or manual pin: CHETTAPPA GARDEN, KRISHNAPPA LANE, K R PALYA, MUNINARAYANAPPA GARDEN, LINGRAPURA, SATYANAGARA",,,,,,,,,
PRM/KA/RERA/1251/446/PR/210208/003849,Construction Of 768 G+3 Houses At Kr Puram,,,,,unplaced,,"needs web lookup or manual pin: Sy no 13 of Nagareshwara Nagenhalli , K.R Puram Constituency, Bangalore.",,,,,,,,,
PRM/KA/RERA/1251/309/PR/210208/003837,Shanthinagar350,,,,,unplaced,,"needs web lookup or manual pin: AMBEDKAR NAGARA, JAYARAJANAGARA",,,,,,,,,
PRM/KA/RERA/1251/310/PR/201215/003743,Suraksha Silver Oak,,,,,unplaced,,"needs web lookup or manual pin: Sy No 343 1 Akashya Nagar Begur Vllage, Begur Hobli",,,,,,,,,
PRM/KA/RERA/1251/310/PR/201125/003710,Aishwarayam Tranquil,,,,,unplaced,,"needs web lookup or manual pin: Site No 88 & 89, Sy No 342-2 of Begur Village, , Begur Holbi, Bangalore South Taluk",,,,,,,,,
PRM/KA/RERA/1251/309/PR/200908/003580,Redifice Private Residences - Sweet Brooke,,,,,unplaced,,"needs web lookup or manual pin: #15, 1st Main Road, , Vasanth Nagar",,,,,,,,,
PRM/KA/RERA/1251/446/PR/200811/003545,Vaishno Seasons,,,,,unplaced,,"needs web lookup or manual pin: Survey No.26/4, BBMP Katha No.479,, Sannathammanahalli Village, KR Puram Hobli",,,,,,,,,
PRM/KA/RERA/1251/309/PR/200722/003487,The Lexton,,,,,unplaced,,"needs web lookup or manual pin: No. 1/2, 40 feet road, 4th cross, Bhoopasandra",,,,,,,,,
PRM/KA/RERA/1251/309/PR/200702/003473,Fang Zi,,,,,unplaced,,"needs web lookup or manual pin: #354 New Sy No: 2/7 and Sy Old No: 2/3 Sannatammanhalli Village, Thambu Chetty Palya, K R Puram Hobli, CLose to St.Anthony's Church",,,,,,,,,
PRM/KA/RERA/1251/309/PR/200624/003461,Aura,,,,,unplaced,,"needs web lookup or manual pin: # 29, 4th cross, Subedarpalya, Yeshwanthpur",,,,,,,,,
PRM/KA/RERA/1251/310/PR/200618/003451,Shravanthi Prima,,,,,unplaced,,"needs web lookup or manual pin: Sy no 89 1 , 28 29 30 31",,,,,,,,,
PRM/KA/RERA/1251/309/PR/200604/003444,Vaishnavi Rhapsody,,,,,unplaced,,"needs web lookup or manual pin: No. 12/2 & 12/2-1, Milton St,, D Costa Layout, Cooke Town",,,,,,,,,
PRM/KA/RERA/1251/446/PR/200604/003440,Garuda Park Square,,,,,unplaced,,"needs web lookup or manual pin: 1384 MEENAKSHI TEMPLE ROAD, OPPOSITE BBMP PARK K R PURAM",,,,,,,,,
PRM/KA/RERA/1251/310/PR/200103/003121,The Central Park,,,,,unplaced,,"needs web lookup or manual pin: SY NO 135/1B, KHATA NO 1186, VIBHUTIPURA",,,,,,,,,
PRM/KA/RERA/1251/310/PR/200103/003120,Sree Suvarna Lakshmi Builders,,,,,unplaced,,"needs web lookup or manual pin: NO. 214 6TH MAIN, JUDICIAL LAYOUT, SHIVANAGAR, KANAKAPURA MAIN ROAD,",,,,,,,,,
PRM/KA/RERA/1251/309/PR/191116/003007,Providence,,,,,unplaced,,"needs web lookup or manual pin: NO 25 DACOSTA LAYOUT, COOKE TOWN",,,,,,,,,
PRM/KA/RERA/1251/310/PR/191025/002953,Mahadev Enterprises Branded As Esteem Kings Court Phase 2,,,,,unplaced,,"needs web lookup or manual pin: Survey number 165/18 166/1 166/2 166/18, Bilekahalli, Begur Hobli, Bengaluru",,,,,,,,,
PRM/KA/RERA/1251/310/PR/190809/002754,Green City Eutopia,,,,,unplaced,,"needs web lookup or manual pin: NO. 9, 16TH MAIN, BTM LAYOUT 2ND STAGE, OPP; CHAMUNDESHWARI TEMPLE, BANGALORE",,,,,,,,,
PRM/KA/RERA/1251/309/PR/190724/002726,Raj Residency,,,,,unplaced,,"needs web lookup or manual pin: No.82, B.K. Nagar 1st Main Road, Yeshwanthpura, Bangalore, No.82, B.K. Nagar 1st Main Road, Yeshwanthpura, Bangalore",,,,,,,,,
PRM/KA/RERA/1251/310/PR/190704/002644,Kvr Sai Kruthi,,,,,unplaced,,"needs web lookup or manual pin: 1528/SY NO.30/3, HULIAMAVU VILLAGE, BEGUR HOBLI, BANGALORE SOUTH TALUK",,,,,,,,,
PRM/KA/RERA/1251/446/PR/190614/002601,Srishti Vaibhav,,,,,unplaced,,"needs web lookup or manual pin: Sy No.135/2, Annasandrapalya, Hamlet of Vibhuthipura Village, K.R.Puram Hobli, Bangalore East Taluk, Bangalore, Sy No.135/2, Annasandrapalya",,,,,,,,,
PRM/KA/RERA/1251/310/PR/190504/002545,Sri Vishnu Bliss,,,,,unplaced,,"needs web lookup or manual pin: No.1376/1698/1584/1302/91/1,2,3,4, Bilekahalli",,,,,,,,,
PRM/KA/RERA/1251/446/PR/190330/002517,Godrej Air Nxt,,,,,unplaced,,"needs web lookup or manual pin: Sy.No. 15/2, Hoodi Village, K.R. Puram Hobli, , Bangalore East Taluk, Bangalore",,,,,,,,,
PRM/KA/RERA/1251/446/PR/190328/002498,Donata Vista,,,,,unplaced,,"needs web lookup or manual pin: 12/3, Milton street, Maruthisevanagar",,,,,,,,,
PRM/KA/RERA/1251/446/PR/190327/002495,Jai Galaxy,,,,,unplaced,,"needs web lookup or manual pin: BBMP KATHA NO 692 HOODI VILLAGE KR PURAM HOBLI , BANGALORE",,,,,,,,,
PRM/KA/RERA/1251/310/PR/190307/002480,Legacy Alcazar,,,,,unplaced,,"needs web lookup or manual pin: BORE BANK ROAD, BENSON TOWN",,,,,,,,,
PRM/KA/RERA/1251/310/PR/190222/002443,V2 Vaishak,,,,,unplaced,,"needs web lookup or manual pin: Property No.1/3, 3rd Cross, Mysore Road, JJR Nagar, Bangalore, -",,,,,,,,,
PRM/KA/RERA/1251/310/PR/190219/002402,Evantha Aristi,,,,,unplaced,,"needs web lookup or manual pin: No 26 39th Cross, 8th block Jayanagar",,,,,,,,,
PRM/KA/RERA/1251/446/PR/190219/002396,Jyothi Woods,,,,,unplaced,,"needs web lookup or manual pin: Sy.No.44/1a1, Chinnapanalli",,,,,,,,,
PRM/KA/RERA/1251/310/PR/190207/002358,Vibhuthi Residency,,,,,unplaced,,"needs web lookup or manual pin: Sy.No.183, Vibhuthipura Village, Marathalli Hobli, Bangalore East Taluk, Bangalore, Sy.No.183, Vibhuthipura Village, Marathalli Hobli, Banga",,,,,,,,,
PRM/KA/RERA/1251/310/PR/181204/002196,Parkwest - Mahogany - Tower 7,,,,,unplaced,,"needs web lookup or manual pin: Municipal No 1/1, Hosakere Road,, Binnypet, Bangalore",,,,,,,,,
PRM/KA/RERA/1251/310/PR/181204/002194,The Magic Faraway Tree Phase 2A,,,,,unplaced,,"needs web lookup or manual pin: Survey no 32 part1 and 33 part 1 and 33 part 2, Kanakapura Road Tallaghattapura",,,,,,,,,
PRM/KA/RERA/1251/309/PR/181122/002150,Legacy Maximus,,,,,unplaced,,"needs web lookup or manual pin: RESIDENCY ROAD, BANGALORE",,,,,,,,,
PRM/KA/RERA/1251/310/PR/181122/002159,"Mahadev Enterprises, Branded As 'Esteem Kings Court'",,,,,unplaced,,"needs web lookup or manual pin: Sy No 165/18, 166/1, 166/2, Bilekahalli, Begur Hobli, Bengaluru South Taluk",,,,,,,,,
PRM/KA/RERA/1251/310/PR/181122/002166,Piccassso,,,,,unplaced,,"needs web lookup or manual pin: Muncipal no.152,153,154,155,157,158,159 and 160,18th MAIN RD,9th BLOCK JAYANAGAR BANGALORE., Muncipal no.152,153,154,155,157,158,159 and 160",,,,,,,,,
PRM/KA/RERA/1251/446/PR/181010/002057,S.V.Signature,,,,,unplaced,,"needs web lookup or manual pin: Sy. No. 194/3, New BBMP Katha Sl.No 32 & 33,, Hoodi Village, KR Puram Hobli Bangalore East Taluk",,,,,,,,,
PRM/KA/RERA/1251/309/PR/181010/002067,Span Krishna,,,,,unplaced,,"needs web lookup or manual pin: #25,SYNO-115/1B-1,2,3, HORMAVU AGARA BANGALORE, #25,SYNO-115/1B-1,2,3, HORMAVU AGARA BANGALORE",,,,,,,,,
PRM/KA/RERA/1251/446/PR/180905/001996,Happy Hearts,,,,,unplaced,,"needs web lookup or manual pin: Municipal No.104-337-94 , SJR ETERNITY, Hoodi,",,,,,,,,,
PRM/KA/RERA/1251/446/PR/180728/001947,Sravyas Flute Ii,,,,,unplaced,,"needs web lookup or manual pin: SY NO-81/5,DODANAKUNDI VILLAGE, CHINAPPANAHALLI TO GRAPHITE INDIA ROAD,K R PURAM HOBLI,BANGALORE EAST,BANGALORE, SY NO-81/5,DODANAKUNDI VILL",,,,,,,,,
PRM/KA/RERA/1251/310/PR/180627/001936,Prestige Botanique,,,,,unplaced,,"needs web lookup or manual pin: New Katha No.158, old No.38, Mutton Stall Cross Road,, Doddamavalli, R.V.Road",,,,,,,,,
PRM/KA/RERA/1251/310/PR/180604/001868,N.R.Pearl,,,,,unplaced,,"needs web lookup or manual pin: No.35&36 KLV Layout 1st block,1st main, 1st cross J.P.Nagar,8th Phase , No.35&36 KLV Layout 1st block,1st main, 1st cross J.P.Nagar,8th Phas",,,,,,,,,
PRM/KA/RERA/1251/446/PR/180602/001859,Sowmya Shailam,,,,,unplaced,,"needs web lookup or manual pin: Sy No.52/1, BBMP Katha No.434/434/1, Ayyappa Nagar, Hoodi Village",,,,,,,,,
PRM/KA/RERA/1251/309/PR/180602/001855,Raintree,,,,,unplaced,,"needs web lookup or manual pin: No 7, High Street, Cooke Town",,,,,,,,,
PRM/KA/RERA/1251/309/PR/180601/001846,Supartha Court,,,,,unplaced,,"needs web lookup or manual pin: No.8(New), 146 Old, 5th Cross, Rajmahal Vilas,, Sadashivanagar, Bangalore",,,,,,,,,
PRM/KA/RERA/1251/446/PR/180524/001816,Raja Ritz Avenue - Phase Ii,,,,,unplaced,,"needs web lookup or manual pin: Sy No.184 & 185/1, Khata No.1088, Hoodi Village, KR Puram Hobli",,,,,,,,,
PRM/KA/RERA/1251/308/PR/180519/001757,Srinivasa Palm Woods,,,,,unplaced,,"needs web lookup or manual pin: #48/7, Kudlu Main Road, Opp. B. B.M. P. Office",,,,,,,,,
PRM/KA/RERA/1251/446/PR/180519/001760,Petals-Phase2,,,,,unplaced,,"needs web lookup or manual pin: ORR, Doddanekundi, ORR, Doddanekundi",,,,,,,,,
PRM/KA/RERA/1251/446/PR/180519/001746,Mamtha Elite,,,,,unplaced,,"needs web lookup or manual pin: 2153, Layout Road, Carmelaram, Janatha Colony, Doddakannelli",,,,,,,,,
PRM/KA/RERA/1251/309/PR/180518/001738,Ashoka Legend Block-A,,,,,unplaced,,"needs web lookup or manual pin: Katha No.515/31/1, Situated at Hennur Village Kasaba Hobli, Bangalore North Taluk",,,,,,,,,
PRM/KA/RERA/1251/309/PR/180518/001739,Ashoka Legend Block-B,,,,,unplaced,,"needs web lookup or manual pin: Katha No.515/31/1, Situated at Hennur Village Kasaba Hobli, Bangalore North Taluk",,,,,,,,,
PRM/KA/RERA/1251/446/PR/180507/001667,Sumadhura Nandanam,,,,,unplaced,,"needs web lookup or manual pin: BBMP Katha No.1087, Sy No.10/2,, Hoodi Village, K.R.Puram Hobli,",,,,,,,,,
PRM/KA/RERA/1251/310/PR/180504/001568,Premier Inspira Elite,,,,,unplaced,,"needs web lookup or manual pin: # 237/238, 4th main, 5th Cross, Nrupatunga Nagar, , JP nagar 7th Phase, Bangalore",,,,,,,,,
PRM/KA/RERA/1251/309/PR/180425/001544,Provident Parkwoods,,,,,unplaced,,"needs web lookup or manual pin: Survey No 98, M. S. Nagar, Thanissandra Main Road Bengaluru 64",,,,,,,,,
PRM/KA/RERA/1251/446/PR/180425/001547,Amigo Cockburn,,,,,unplaced,,"needs web lookup or manual pin: NO.63, COCKBURN ROAD, BANGALORE - 560 051., NO.63, COCKBURN ROAD, BANGALORE - 560 051.",,,,,,,,,
PRM/KA/RERA/1251/309/PR/180425/001548,Arun Auroville Phase I,,,,,unplaced,,"needs web lookup or manual pin: Sivanahalli, Yalahanka, , Bangalore",,,,,,,,,
PRM/KA/RERA/1251/446/PR/180425/001545,Govianu Ace Grand,,,,,unplaced,,"needs web lookup or manual pin: Govianu ace grand yeshwantpur, Hfvbbc vhdgj bgdunv",,,,,,,,,
PRM/KA/RERA/1251/309/PR/180420/001537,Legacy Mycon Duv,,,,,unplaced,,"needs web lookup or manual pin: NO 50/10, CUNNINGHAM ROAD",,,,,,,,,
PRM/KA/RERA/1251/446/PR/180406/001480,Tirumala Kare Gruham,,,,,unplaced,,"needs web lookup or manual pin: No. 66/3, Osborne Road, Ulsoor",,,,,,,,,
PRM/KA/RERA/1251/310/PR/180406/001479,Tirumala Balapinnacle,,,,,unplaced,,"needs web lookup or manual pin: old no. 42 6th Cross Ashok Nagar, NR Colony Bangalore",,,,,,,,,
PRM/KA/RERA/1251/310/PR/180406/001477,Radha Enclave,,,,,unplaced,,"needs web lookup or manual pin: 45/6 MLA LAYOUT GOTTIGER BANGALORE , 45//6 MLA LAYOUT GOTTIGER BANGALORE",,,,,,,,,
PRM/KA/RERA/1251/446/PR/180329/001968,Avyak Fortune,,,,,unplaced,,"needs web lookup or manual pin: NO 98, CHELKERE",,,,,,,,,
PRM/KA/RERA/1251/310/PR/180329/001838,Siddhshekha Marquis,,,,,unplaced,,"needs web lookup or manual pin: no 98 bull temple road, basawangidi",,,,,,,,,
PRM/KA/RERA/1251/310/PR/180328/001885,Vimala Elite,,,,,unplaced,,"needs web lookup or manual pin: NO 605 ,15 TH CROSS,JP NAGAR 1ST PHASE, NO 605 ,15 TH CROSS,JP NAGAR 1ST PHASE",,,,,,,,,
PRM/KA/RERA/1251/309/PR/180328/002484,Savyasachi Sarayu,,,,,unplaced,,"needs web lookup or manual pin: 19/1 A 1ST MAIN ROAD, JAYMAHAL EXTENSION",,,,,,,,,
PRM/KA/RERA/1251/310/PR/180313/001809,Uber Paxina,,,,,unplaced,,"needs web lookup or manual pin: 12/03(old number 454) 9th Cross, 1st Block, , Jayanagar Bangalore",,,,,,,,,
PRM/KA/RERA/1251/446/PR/180313/001892,Prp Phoenix,,,,,unplaced,,"needs web lookup or manual pin: Site NO: 3,4,5,6 &10, 3rd C Main Road, , OMBR Layout",,,,,,,,,
PRM/KA/RERA/1251/309/PR/180313/001261,Midwest Elita,,,,,unplaced,,"needs web lookup or manual pin: NO 171/1, DWARKANAGAR, KATTEGINAHALLI, BAGLUR MAIN ROAD, BANGALORE, NO 171/1, DWARKANAGAR, KATTEGINAHALLI, BAGLUR MAIN ROAD, BANGALORE",,,,,,,,,
PRM/KA/RERA/1251/308/PR/180222/002389,Garden And Skies,,,,,unplaced,,"needs web lookup or manual pin: 0, 0",,,,,,,,,
PRM/KA/RERA/1251/310/PR/180222/002637,Parkwest - Magnolia - Tower 6,,,,,unplaced,,"needs web lookup or manual pin: Municipal No 1/1, Hosakere Road,, Binnypet, Bangalore",,,,,,,,,
PRM/KA/RERA/1251/308/PR/180222/001666,The Watergrove,,,,,unplaced,,"needs web lookup or manual pin: SY NO 136B1 2ND CROSS ANATHANAGARA ELECTRONIC CITY , PH2",,,,,,,,,
PRM/KA/RERA/1251/310/PR/180217/002504,Vishwapriya Vertical Garden,,,,,unplaced,,"needs web lookup or manual pin: VISHWAPRIYA VERTICAL GARDEN, PANTRAPALYA,, MYSORE ROAD, BENGALURU.",,,,,,,,,
PRM/KA/RERA/1251/310/PR/180208/000902,Orial,,,,,unplaced,,"needs web lookup or manual pin: PLOT NO.7 (PREVIOUSLY BEARING NO. 5B), PRIMROSE ROAD",,,,,,,,,
PRM/KA/RERA/1251/446/PR/180131/001668,Charis,,,,,unplaced,,"needs web lookup or manual pin: Site No.30, Milton Street, Coke Town, Bangalore",,,,,,,,,
PRM/KA/RERA/1251/310/PR/180131/001379,Sai Prithvi Elite,,,,,unplaced,,"needs web lookup or manual pin: NO 212 ARUNACHALAM LAYOUT, BANDEMATA ROAD NEAR K S T CLUB",,,,,,,,,
PRM/KA/RERA/1251/309/PR/180130/001629,Apranje Upscale,,,,,unplaced,,"needs web lookup or manual pin: No 8, Nandi Durga Road, , Benson Town,",,,,,,,,,
PRM/KA/RERA/1251/446/PR/180120/001790,Sahasra Grand,,,,,unplaced,,"needs web lookup or manual pin: SY NO 3 CHELKERE, KALYANNAGAR POST",,,,,,,,,
PRM/KA/RERA/1251/308/PR/180119/002145,Raindance,,,,,unplaced,,"needs web lookup or manual pin: Sy.No.23/5,Golahalli Main Road,, E City Phase 1, Bangalore",,,,,,,,,
PRM/KA/RERA/1251/446/PR/171223/002330,Gk Residency,,,,,unplaced,,"needs web lookup or manual pin: sY.nO.88/5, 9TH Main, GKL Layout,, Raghavendra Circle, Hennur TC Palya Road",,,,,,,,,
PRM/KA/RERA/1251/310/PR/171223/002008,Vista Innovation,,,,,unplaced,,"needs web lookup or manual pin: 78/1 DEVARCHIKKANHALLI MAIN ROAD, BEGUR HOBLI BANGALORE",,,,,,,,,
PRM/KA/RERA/1251/310/PR/171223/001579,Lanai By Pcoc,,,,,unplaced,,"needs web lookup or manual pin: No 88 and 89 Shanthinagar HBCS Layout , Srinuvagilu Amanikere Village Begur Hobli",,,,,,,,,
PRM/KA/RERA/1251/310/PR/171222/001523,Elegant Whispering Winds,,,,,unplaced,,"needs web lookup or manual pin: 7/22,4TH 'T' BLOCK,, BSK 6TH STAGE,BANGALORE",,,,,,,,,
PRM/KA/RERA/1251/446/PR/171222/001120,Chowriappa Infinity,,,,,unplaced,,"needs web lookup or manual pin: KHATHA NO.26, KASTURBA ROAD CROSS, RICHMOND TOWN",,,,,,,,,
PRM/KA/RERA/1251/446/PR/171222/000603,Sycon Maitri,,,,,unplaced,,"needs web lookup or manual pin: Sy.no.20 & 21, Chikkabahahalli, Whitefiled",,,,,,,,,
PRM/KA/RERA/1251/309/PR/171222/000942,Nitesh Knightsbridge,,,,,unplaced,,"needs web lookup or manual pin: 14th main road RMV extention, Sadashiv nagar",,,,,,,,,
PRM/KA/RERA/1251/446/PR/171215/001684,Prakruthi Akshara,,,,,unplaced,,"needs web lookup or manual pin: Sy No. 100/2, 5th Cross, MCEHS Layout, Dr. Shivaram Karath nagar,, Hegdenagar,",,,,,,,,,
PRM/KA/RERA/1251/308/PR/171215/000916,Celebrity Shelters,,,,,unplaced,,"needs web lookup or manual pin: Sy.No:98/5, Kylasanahalli",,,,,,,,,
PRM/KA/RERA/1251/310/PR/171215/001657,Grand Gandharva,,,,,unplaced,,"needs web lookup or manual pin: 226/40/1A 1ST MAIN, KENCHAN HALLI",,,,,,,,,
PRM/KA/RERA/1251/309/PR/171214/001909,Gurupriya Janani,,,,,unplaced,,"needs web lookup or manual pin: No 104 17th Cross HRCR BENGLURU, No 104 17th Cross HRCR BENGLURU",,,,,,,,,
PRM/KA/RERA/1251/446/PR/171214/001550,32 Richmond,,,,,unplaced,,"needs web lookup or manual pin: 32 Richmond Road, Richmond Town",,,,,,,,,
PRM/KA/RERA/1251/446/PR/171214/001897,Shahrooq Shah Ali Khan Project,,,,,unplaced,,"needs web lookup or manual pin: 34 MILLER ROAD BENSON, TOWN BENGALURU",,,,,,,,,
PRM/KA/RERA/1251/310/PR/171214/001902,Symbiosis Adithya,,,,,unplaced,,"needs web lookup or manual pin: 12,ANDREE ROAD, SHANTHINAGAR",,,,,,,,,
PRM/KA/RERA/1251/309/PR/171214/001059,Skav Bliss,,,,,unplaced,,"needs web lookup or manual pin: DAVIS ROAD, RICHARDS TOWN",,,,,,,,,
PRM/KA/RERA/1251/310/PR/171208/001307,Princeton,,,,,unplaced,,"needs web lookup or manual pin: 157/1 Manipal County Road, Begur",,,,,,,,,
PRM/KA/RERA/1251/309/PR/171201/000637,Chourasia Signature,,,,,unplaced,,"needs web lookup or manual pin: Plot no 2, izzipura",,,,,,,,,
PRM/KA/RERA/1251/310/PR/171201/001608,Eternity Tathva,,,,,unplaced,,"needs web lookup or manual pin: Site No.1315, 1316 & 1317, BTM th Stage, 1st Block Layout",,,,,,,,,
PRM/KA/RERA/1251/309/PR/171118/001147,Rathod Vatika,,,,,unplaced,,"needs web lookup or manual pin: 25/3-2, 1ST STAGE INDUSTRIAL SUBURB YESWANTHPUR BANGALORE",,,,,,,,,
PRM/KA/RERA/1251/446/PR/171103/001596,Keerthi Surya Sakthi Towers-Block A,,,,,unplaced,,"needs web lookup or manual pin: Sy.No.192/4, Hoodi Village, , K.R.Puram Hobli BETQ",,,,,,,,,
PRM/KA/RERA/1251/310/PR/171031/001646,Panchmukhi Paradise,,,,,unplaced,,"needs web lookup or manual pin: KATHA NO:243/63, OFF 80 ft ROAD, R R NAGAR",,,,,,,,,
PRM/KA/RERA/1251/310/PR/171031/001145,Saf Infinity,,,,,unplaced,,"needs web lookup or manual pin: no.26, R V ROAD",,,,,,,,,
PRM/KA/RERA/1251/310/PR/171031/001588,Baldota Elegant,,,,,unplaced,,"needs web lookup or manual pin: 103/7A Baldota Elegant 2 A main road 5th cross mallathalli village yeshwanthpura hobli , 103/7A Baldota Elegant 2 A main road 5th cross mall",,,,,,,,,
PRM/KA/RERA/1251/446/PR/171031/001602,Comfort Kc Das,,,,,unplaced,,"needs web lookup or manual pin: 21, churchstreet, bangalore",,,,,,,,,
PRM/KA/RERA/1251/309/PR/171031/001236,Rocklines Seethalakshmi,,,,,unplaced,,"needs web lookup or manual pin: KASTURBA ROAD, KASTURBA ROAD",,,,,,,,,
PRM/KA/RERA/1251/446/PR/171031/001503,Uniidus Breeze,,,,,unplaced,,"needs web lookup or manual pin: Survey # 68/3 & 68/14/15, Beside Vagdevi Villas School, Munnekolala, School, Munnekolala",,,,,,,,,
PRM/KA/RERA/1251/446/PR/171031/001496,Saritha Elan,,,,,unplaced,,"needs web lookup or manual pin: Survey # 85/1, Manjunatha Layout, 3rd Cross, SGR Dental College Road, Munnekolala",,,,,,,,,
PRM/KA/RERA/1251/310/PR/171031/000907,Shravanee Dwaraka,,,,,unplaced,,"needs web lookup or manual pin: #29, (old No. 495), 39th Cross Road, , 8th Block Jayanagar, Bangalore",,,,,,,,,
PRM/KA/RERA/1251/309/PR/171030/000992,Peace Rhythm,,,,,unplaced,,"needs web lookup or manual pin: SY NO. 42/65/P2, ULLAL CIRCLE, NAGARBHAVI RINGROAD, BANGALORE",,,,,,,,,
PRM/KA/RERA/1251/310/PR/171028/000410,Pride Enchanta Phase Ii,,,,,unplaced,,"needs web lookup or manual pin: PID No 41-1-320, Deevitigerammanahalli,, Mysore Road, Bengaluru",,,,,,,,,
PRM/KA/RERA/1251/446/PR/171028/001242,Raja Ritz Avenue - Phase 1,,,,,unplaced,,"needs web lookup or manual pin: Sy. No. 184 & 185/1, Khata No. 1088, Hoodi Village, K R Puram Hobli",,,,,,,,,
PRM/KA/RERA/1251/446/PR/171026/000570,Mbr Suave,,,,,unplaced,,"needs web lookup or manual pin: SY.8/1, Bellthur Village,Bidrahalli Hobli,, Bangalore East Taluk",,,,,,,,,
PRM/KA/RERA/1251/309/PR/171024/000882,Legacy Madelia,,,,,unplaced,,"needs web lookup or manual pin: SY 1/6 SRT ROAD, CUNNIGHAM ROAD",,,,,,,,,
PRM/KA/RERA/1251/310/PR/171021/001028,Saf Snowdrops Annex Block D,,,,,unplaced,,"needs web lookup or manual pin: SY. NO. 19/2B, MANGO GARDEN, BEHIND METRO, NEAR DPS, KONANKUNTE CROSS, KANAKAPURA ROAD",,,,,,,,,
PRM/KA/RERA/1251/309/PR/171019/000389,1410 The Residences,,,,,unplaced,,"needs web lookup or manual pin: Site Number 1410 8th Main Road, Judicial Layout",,,,,,,,,
PRM/KA/RERA/1251/310/PR/171019/000504,Mantri Serenity5,,,,,unplaced,,"needs web lookup or manual pin: Kanakapura Road, 1.7kms from Metro Cash & Carry",,,,,,,,,
PRM/KA/RERA/1251/310/PR/171019/000494,Mantri Serenity1,,,,,unplaced,,"needs web lookup or manual pin: Kanakapura Road, 1.7kms from Metro Cash & Carry",,,,,,,,,
PRM/KA/RERA/1251/446/PR/171019/000802,Radiant Royal Woods,,,,,unplaced,,"needs web lookup or manual pin: Haggadur, K R Puram",,,,,,,,,
PRM/KA/RERA/1251/310/PR/171017/000507,Mantri Blossom 2,,,,,unplaced,,"needs web lookup or manual pin: LALBAGH FORT ROAD,, SUDHAMANAGAR,",,,,,,,,,
PRM/KA/RERA/1251/310/PR/171017/000505,Mantri Blossom1,,,,,unplaced,,"needs web lookup or manual pin: LALBAGH FORT ROAD,, SUDHAMANAGAR,",,,,,,,,,
PRM/KA/RERA/1251/310/PR/171016/000502,Mantri Serenity4,,,,,unplaced,,"needs web lookup or manual pin: Kanakapura Road, 1.7kms from Metro Cash & Carry",,,,,,,,,
PRM/KA/RERA/1251/309/PR/171016/000900,Legacy Cirocco,,,,,unplaced,,"needs web lookup or manual pin: ALLALSANDRA, BANGALORE",,,,,,,,,
PRM/KA/RERA/1251/309/PR/171016/000867,Legacy Cataleya,,,,,unplaced,,"needs web lookup or manual pin: No. 30, Cunningham Road",,,,,,,,,
PRM/KA/RERA/1251/309/PR/171016/000780,Pristine Meadows,,,,,unplaced,,"needs web lookup or manual pin: 3/2 Thirumenahalli, Opposite Haj Bhavan Road",,,,,,,,,
PRM/KA/RERA/1251/310/PR/171016/000500,Mantri Serenity3,,,,,unplaced,,"needs web lookup or manual pin: Kanakapura Road, 1.7kms from Metro Cash & Carry",,,,,,,,,
PRM/KA/RERA/1251/446/PR/171016/000820,Vaishno Signature,,,,,unplaced,,"needs web lookup or manual pin: 86/1A anoop reddy layout, hoodi",,,,,,,,,
PRM/KA/RERA/1251/309/PR/171015/000318,Arge Urban Bloom,,,,,unplaced,,"needs web lookup or manual pin: #30 A, INDUSTRIAL SUBURB,, YESHWANTPUR,",,,,,,,,,
PRM/KA/RERA/1251/310/PR/171015/000424,The Magic Faraway Tree Phase 2,,,,,unplaced,,"needs web lookup or manual pin: Survey no 32 part1 and 33 part 1 and 33 part 2 Kanakapura Road, Tallaghattapura",,,,,,,,,
PRM/KA/RERA/1251/446/PR/171015/000784,Vaswani Exquisite,,,,,unplaced,,"needs web lookup or manual pin: ITPL Main Road, Next to Zuri hotel, Hoodi",,,,,,,,,
PRM/KA/RERA/1251/310/PR/171015/000883,Solaris,,,,,unplaced,,"needs web lookup or manual pin: Sy no 24 26 & 25 1 Gottigire , Bannerghatta Main Road Uttrahalli hobli",,,,,,,,,
PRM/KA/RERA/1251/310/PR/171015/000312,Lgcl Luxuriate,,,,,unplaced,,"needs web lookup or manual pin: Site No. 141A,, Sector 5, HSR Layout",,,,,,,,,
PRM/KA/RERA/1251/309/PR/171015/000835,Saptagiri Sannidhi,,,,,unplaced,,"needs web lookup or manual pin: saptagiri sannidhi,munnekolala, saptagiri sannidhi,marthally",,,,,,,,,
PRM/KA/RERA/1251/310/PR/171015/000620,Mantri Webcity2B,,,,,unplaced,,"needs web lookup or manual pin: Hennur Main Road, , Near Southern Asian Bible college",,,,,,,,,
PRM/KA/RERA/1251/310/PR/171015/000560,Mantri Webcity3A,,,,,unplaced,,"needs web lookup or manual pin: Hennur Main Road, , Near Southern Asian Bible college",,,,,,,,,
PRM/KA/RERA/1251/310/PR/171015/000608,Mantri Webcity2A,,,,,unplaced,,"needs web lookup or manual pin: Hennur Main Road, , Near Southern Asian Bible college",,,,,,,,,
PRM/KA/RERA/1251/310/PR/171015/000839,Shravanee Sumo,,,,,unplaced,,"needs web lookup or manual pin: No. 20 (Old No. 43), 39th Cross Road, 8th Block, Jayanagar, Bangalore",,,,,,,,,
PRM/KA/RERA/1251/310/PR/171015/000550,Mantri Webcity3C,,,,,unplaced,,"needs web lookup or manual pin: Hennur Main Road, , Near Southern Asian Bible college",,,,,,,,,
PRM/KA/RERA/1251/310/PR/171015/000551,Mantri Webcity3B,,,,,unplaced,,"needs web lookup or manual pin: Hennur Main Road, , Near Southern Asian Bible college",,,,,,,,,
PRM/KA/RERA/1251/446/PR/171014/000258,Habitat Eden Heights,,,,,unplaced,,"needs web lookup or manual pin: Sy. No 186/1, 186/4, 187/1, 187/2 & 187/3, Hoodi Village, K.R. Puram Hobli",,,,,,,,,
PRM/KA/RERA/1251/446/PR/171014/000279,Dnr Reflection,,,,,unplaced,,"needs web lookup or manual pin: 833 33 SURVEY N0 33 , IBLUR VILLAGE",,,,,,,,,
PRM/KA/RERA/1251/309/PR/171014/000619,Embassy One,,,,,unplaced,,"needs web lookup or manual pin: No 8, Bellary Road",,,,,,,,,
PRM/KA/RERA/1251/446/PR/171014/000571,Petals,,,,,unplaced,,"needs web lookup or manual pin: Doddanekundi, Doddanekundi",,,,,,,,,
PRM/KA/RERA/1251/310/PR/171014/000860,The Big Tree,,,,,unplaced,,"needs web lookup or manual pin: Municipal No. 30, 36th Cross, , 8th Block, Jayanagar",,,,,,,,,
PRM/KA/RERA/1251/446/PR/171014/000772,Fortuna Bluewings,,,,,unplaced,,"needs web lookup or manual pin: Syno.184,185,186/1B,&186/1A, Talacauvery Layout, Basavanagar, Vibhuthipura",,,,,,,,,
PRM/KA/RERA/1251/446/PR/171014/000433,Pursuitofaradicalrhapsodyphase1,,,,,unplaced,,"needs web lookup or manual pin: SyNo170P1701A1691to1694176317717211722175and1361, HoodiVillageKRPuramHobliWardNo82Bangalore",,,,,,,,,
PRM/KA/RERA/1251/310/PR/171014/000173,Parkwest - Olive - Tower 1,,,,,unplaced,,"needs web lookup or manual pin: Municipal No 1/1,Hosakere Road,, Binnypet,",,,,,,,,,
PRM/KA/RERA/1251/310/PR/171014/000270,Learning To Fly,,,,,unplaced,,"needs web lookup or manual pin: 17th Cross 29th Main Road, J P Nagar 7th Phase Bangalore",,,,,,,,,
PRM/KA/RERA/1251/309/PR/171014/000565,The Presidential Tower,,,,,unplaced,,"needs web lookup or manual pin: NO 8 tumkur road, yeshwantpur",,,,,,,,,
PRM/KA/RERA/1251/310/PR/171013/000409,Pride Enchanta Phase I,,,,,unplaced,,"needs web lookup or manual pin: PID No 41-1-320, Deevitigerammanahalli,, Mysore Road, Bengaluru",,,,,,,,,
PRM/KA/RERA/1251/310/PR/170916/000249,G Corp Residences,,,,,unplaced,,"needs web lookup or manual pin: No 101 to 112 Shanthinagar House Building Cooperative Society Layout, Srinivagaluu Amanikere Begur Hobli Bengaluru",,,,,,,,,
PRM/KA/RERA/1251/446/PR/170916/000254,Vajram Esteva,,,,,unplaced,,"needs web lookup or manual pin: outerringroad, nexttointel",,,,,,,,,
PRM/KA/RERA/1251/446/PR/170916/000293,Sobha Dream Acres - Rain Forest Phase 15 Wing 17,,,,,unplaced,,"needs web lookup or manual pin: Sy. nos. 47/2, 47/3, 49/1, 49/2, 49/5, 50/1B, 50/2, 50/3, 50/4, 50/5, 50/6, 51/1, 51/2B1, 51/2C1, 51/2B2, 51/2C2, 51/3, 51/4, 53/1, 53/2, 58",,,,,,,,,
PRM/KA/RERA/1251/309/PR/170916/000659,Adarsh Palm Acres - Phase 1-Part B,,,,,unplaced,,"needs web lookup or manual pin: Adarsh Palm Acres Phase 1 Part B, Huttanahalli, Vidyanagar Cross, Jala Hobli",,,,,,,,,
PRM/KA/RERA/1251/309/PR/170916/000733,Adarsh Palm Acres - Phase 1-Part B,,,,,unplaced,,"needs web lookup or manual pin: Adarsh Palm Acres Phase 1 Part B, Huttanahalli, Vidyanagar Cross, Jala Hobli",,,,,,,,,
PRM/KA/RERA/1251/309/PR/170915/000418,Adarsh Palm Acres - Phase 2-Part B,,,,,unplaced,,"needs web lookup or manual pin: Adarsh Palm Acres Phase 2 Part B, Huttanahalli, Vidyanagar Cross, Jala Hobli",,,,,,,,,
PRM/KA/RERA/1251/309/PR/170915/000208,Prestige Kenilworth,,,,,unplaced,,"needs web lookup or manual pin: 4/1, CUNNINGHAM CRECENT ROAD, , VASANTHA NAGAR, BANGALORE",,,,,,,,,
PRM/KA/RERA/1251/446/PR/170915/000165,Sobha Dream Acres - Tropical Greens Phase 6 Wing 41,,,,,unplaced,,"needs web lookup or manual pin: Sy. nos. 47/2, 47/3, 49/1, 49/2, 49/5, 50/1B, 50/2, 50/3, 50/4, 50/5, 50/6, 51/1, 51/2B1, 51/2C1, 51/2B2, 51/2C2, 51/3, 51/4, 53/1, 53/2, 58",,,,,,,,,
PRM/KA/RERA/1251/309/PR/170915/000234,Sobha Indraprastha,,,,,unplaced,,"needs web lookup or manual pin: 19/2 Minerva Mills Gopalpura, Mysore Deviation Road",,,,,,,,,
PRM/KA/RERA/1251/310/PR/170915/000128,Pramuk Mm Meridian,,,,,unplaced,,"needs web lookup or manual pin: 46/1 KR Road, 7th Block Jayanagar",,,,,,,,,
PRM/KA/RERA/1251/310/PR/170915/000765,Skylark Richmond,,,,,unplaced,,"needs web lookup or manual pin: Property No. 27, (Old No. 40) , Richmond Road,",,,,,,,,,
PRM/KA/RERA/1251/446/PR/170915/000082,Prestige Spencer Heights,,,,,unplaced,,"needs web lookup or manual pin: 26 , SPENCER ROAD",,,,,,,,,
PRM/KA/RERA/1251/446/PR/170915/000194,Skylark Arcadia,,,,,unplaced,,"needs web lookup or manual pin: Sadaramanagala, K.R. Puram,",,,,,,,,,
PRM/KA/RERA/1251/310/PR/170914/000458,Windchimes Phase 1,,,,,unplaced,,"needs web lookup or manual pin: Sy No 39/2, Bannerghatta Main Road,, Opp BPL Software, Arekere, Bangalore",,,,,,,,,
PRM/KA/RERA/1251/309/PR/170913/000129,Prestige Dejavu,,,,,unplaced,,"needs web lookup or manual pin: 51/1, , PROMENADE ROAD",,,,,,,,,
PRM/KA/RERA/1251/310/PR/170912/000495,Windchimes Phase 2,,,,,unplaced,,"needs web lookup or manual pin: Sy No 37/2, Bannerghatta Road,, Opp BPL Software, Arekere",,,,,,,,,
PRM/KA/RERA/1251/446/PR/170819/000006,Godrej Air,,,,,unplaced,,"needs web lookup or manual pin: Khatha No. 365, Sy.No. 13/6, 14/1, 16/4 and 16/5 of Hoodi Village, K.R. Puram Hobli, Bangalore East",,,,,,,,,
